mass_log10_kg,periapsis_Rm,v_inf_kms,spin_axis,has_explicit_spin,nearby_run_count,local_grouped_mae,local_grouped_rmse,mean_predicted_bmf,mean_actual_bmf,benchmark_disagreement_mean,sparse_region_flag,local_grouped_mae_percentage_points,benchmark_disagreement_percentage_points,sparse_threshold
18.0,1.2,0.0,none,False,1,0.0003051034036443062,0.00033440384010061607,0.0003051034036443062,0.0,0.0009416959037376887,True,0.03051034036443062,0.09416959037376887,2.0
18.0,1.6,0.0,none,False,1,4.796387437984526e-05,6.976235365513175e-05,4.796387437984526e-05,0.0,4.792985424302643e-05,True,0.004796387437984526,0.004792985424302643,2.0
18.5,1.2,0.0,none,False,1,0.0011262786130893795,0.0013975774606898458,0.0011262786130893795,0.0,0.0010852214385552452,True,0.11262786130893795,0.10852214385552453,2.0
18.5,1.6,0.0,none,False,1,5.1879271935751114e-06,6.250020892002873e-06,5.1879271935751114e-06,0.0,1.6539411235393227e-05,True,0.0005187927193575112,0.0016539411235393228,2.0
19.0,1.1,0.0,z,True,1,0.022512267846351394,0.022512267846351394,0.037202914878138,0.0597151827244894,0.0035055755789013057,True,2.2512267846351395,0.35055755789013054,2.0
19.0,1.2,0.0,mz,True,2,0.0010286567568124662,0.0014547403365109124,0.0010286567568124662,0.0,0.0021507638969458665,True,0.10286567568124662,0.21507638969458664,2.0
19.0,1.2,0.0,none,False,5,0.009266885499345847,0.012279588387328443,0.00523923944508047,0.005085604206599117,0.004716563591990718,False,0.9266885499345847,0.4716563591990718,2.0
19.0,1.2,0.0,x,True,5,0.00849045678765296,0.009831244368259268,0.017880687662769103,0.00939023087511614,0.008041384876905177,False,0.849045678765296,0.8041384876905178,2.0
19.0,1.2,0.0,y,True,3,0.014654165750611509,0.015477124586388917,0.03042629859465401,0.0157721328440425,0.0231821646475308,False,1.465416575061151,2.31821646475308,2.0
19.0,1.2,0.0,z,True,5,0.023733608612252047,0.02453925200859113,0.027675612470924295,0.05140922108317634,0.018376876991953624,False,2.373360861225205,1.8376876991953623,2.0
19.0,1.2,0.2,none,False,1,0.0013511966449780259,0.0013511966449780259,0.001390655171340033,3.9458526362007095e-05,0.004157983694815194,True,0.13511966449780258,0.4157983694815194,2.0
19.0,1.2,0.4,none,False,1,0.0021794745301678665,0.0021794745301678665,0.0021794745301678665,0.0,0.00018816063184991846,True,0.21794745301678664,0.018816063184991846,2.0
19.0,1.2,0.4,z,True,2,0.04751862428978442,0.04753020783388423,0.06030054236123982,0.0127819180714554,0.016222955711956488,True,4.751862428978442,1.6222955711956488,2.0
19.0,1.2,0.6,z,True,2,0.011769013761195782,0.014176367553338752,0.011769013761195782,0.0,0.010492285673894423,True,1.1769013761195781,1.0492285673894424,2.0
19.0,1.2,0.8,none,False,1,0.0016868384156050764,0.0016868384156050764,0.0016868384156050764,0.0,0.0072971504738149305,True,0.16868384156050764,0.7297150473814931,2.0
19.0,1.2,0.8,z,True,2,0.004632916376614697,0.005161519878568504,0.004632916376614697,0.0,0.023135517845834893,True,0.4632916376614697,2.313551784583489,2.0
19.0,1.2,1.0,none,False,1,0.00012795740080232242,0.00012795740080232242,0.00012795740080232242,0.0,0.0024112153508653146,True,0.012795740080232243,0.24112153508653147,2.0
19.0,1.2,1.5,z,True,1,0.00011589300864177268,0.00011589300864177268,0.00011589300864177268,0.0,0.0001745931260609681,True,0.011589300864177268,0.01745931260609681,2.0
19.0,1.2,2.0,z,True,2,0.00017037528505845021,0.00018852467264564765,0.00017037528505845021,0.0,0.0018228393165600062,True,0.017037528505845022,0.18228393165600063,2.0
19.0,1.3,0.0,none,False,1,0.0004918959933871003,0.0004918959933871003,0.0004918959933871003,0.0,0.004300900893967084,True,0.04918959933871003,0.43009008939670845,2.0
19.0,1.3,0.0,z,True,1,0.006905426723830696,0.006905426723830696,0.06302080722764711,0.0699262339514778,0.002624789398751874,True,0.6905426723830697,0.26247893987518744,2.0
19.0,1.4,0.0,none,False,1,0.000664213524029062,0.000664213524029062,0.000664213524029062,0.0,0.0032741114008715483,True,0.0664213524029062,0.32741114008715483,2.0
19.0,1.4,0.0,z,True,1,0.0027497628124737855,0.0027497628124737855,0.04849853869474621,0.05124830150722,0.0032363475254913662,True,0.27497628124737855,0.32363475254913665,2.0
19.0,1.4,0.2,none,False,1,0.0005304017943924493,0.0005304017943924493,0.0005304017943924493,0.0,0.0002908537913474045,True,0.05304017943924493,0.02908537913474045,2.0
19.0,1.4,0.6,none,False,1,0.0012214733406731486,0.0012214733406731486,0.0012214733406731486,0.0,0.006364698062415514,True,0.12214733406731486,0.6364698062415514,2.0
19.0,1.5,0.0,none,False,1,0.0005025891784241417,0.0005025891784241417,0.0005025891784241417,0.0,7.066293153989685e-05,True,0.050258917842414166,0.007066293153989685,2.0
19.0,1.5,0.0,z,True,2,0.008481950585235397,0.00849093398118416,0.0455230921915034,0.0540050427767388,0.0018870767795436116,True,0.8481950585235397,0.18870767795436116,2.0
19.0,1.6,0.0,none,False,4,0.00048786647537138667,0.0009504312641239696,0.00048786647537138667,0.0,0.0026044138006195263,False,0.04878664753713867,0.2604413800619526,2.0
19.0,1.6,0.0,z,True,5,0.005486253883021375,0.006498061290911001,0.02913652692185727,0.026269954606680263,0.011692589647702433,False,0.5486253883021375,1.1692589647702434,2.0
19.0,1.6,0.2,none,False,1,0.00021630262237458834,0.00021630262237458834,0.00021630262237458834,0.0,8.165992175760374e-05,True,0.021630262237458835,0.008165992175760374,2.0
19.0,1.6,0.2,z,True,1,0.003208879132067771,0.003208879132067771,0.04296672087183687,0.0397578417397691,0.00010284528663773856,True,0.3208879132067771,0.010284528663773856,2.0
19.0,1.6,0.4,none,False,1,0.0003098748491972579,0.0003098748491972579,0.0003098748491972579,0.0,0.003662200018627395,True,0.030987484919725788,0.3662200018627395,2.0
19.0,1.6,0.4,z,True,2,0.025142937908907967,0.025214156755911998,0.029364876967427914,0.00422193905851995,0.00483431654373972,True,2.5142937908907967,0.483431654373972,2.0
19.0,1.6,0.6,z,True,1,0.011536926588381834,0.011536926588381834,0.011536926588381834,0.0,0.0160337912379827,True,1.1536926588381835,1.6033791237982702,2.0
19.0,1.7,0.0,none,False,1,1.4258898876485909e-05,1.4258898876485909e-05,1.4258898876485909e-05,0.0,0.0036068649296747647,True,0.0014258898876485908,0.36068649296747646,2.0
19.0,1.7,0.0,z,True,2,0.008300946766537188,0.008302654364310024,0.03454428172894215,0.034375900398884204,0.009069326915889823,True,0.8300946766537188,0.9069326915889823,2.0
19.0,1.8,0.0,none,False,1,7.945155082304136e-05,7.945155082304136e-05,7.945155082304136e-05,0.0,0.006362925689336918,True,0.007945155082304136,0.6362925689336918,2.0
19.0,1.8,0.2,none,False,1,3.272594031665005e-05,3.272594031665005e-05,3.272594031665005e-05,0.0,0.00043471606075413244,True,0.0032725940316650046,0.04347160607541324,2.0
19.0,1.8,0.4,none,False,1,1.8055301764346525e-05,1.8055301764346525e-05,1.8055301764346525e-05,0.0,0.0002828694733741242,True,0.0018055301764346525,0.028286947337412417,2.0
19.0,1.9,0.0,none,False,1,6.152016820096563e-05,6.152016820096563e-05,6.152016820096563e-05,0.0,6.152016820096563e-05,True,0.0061520168200965624,0.0061520168200965624,2.0
19.0,1.9,0.0,z,True,1,0.007937742197078625,0.007937742197078625,0.025217891336429977,0.0331556335335086,0.017004405548018967,True,0.7937742197078625,1.7004405548018968,2.0
19.0,2.0,0.0,z,True,3,0.009284580831494098,0.013587713095680012,0.01602943025137293,0.006744849419878834,0.008527746046462108,False,0.9284580831494098,0.8527746046462108,2.0
19.0,2.0,0.2,z,True,2,0.0018075542822281678,0.002382541931048991,0.008377274977946863,0.00682509793585235,0.013771913029405825,True,0.1807554282228168,1.3771913029405825,2.0
19.0,2.0,0.4,z,True,2,0.01441725990304762,0.020274609541537727,0.01441725990304762,0.0,0.00760654525853888,True,1.441725990304762,0.7606545258538879,2.0
19.0,2.0,0.6,none,False,1,0.00013462690952954995,0.00013462690952954995,0.00013462690952954995,0.0,0.00015423183330184873,True,0.013462690952954996,0.015423183330184873,2.0
19.0,2.0,0.6,z,True,1,0.00037198370312755335,0.00037198370312755335,0.00037198370312755335,0.0,0.006530589050955082,True,0.03719837031275534,0.6530589050955082,2.0
19.0,2.2,0.0,z,True,2,0.01663173713093046,0.02335642278048284,0.01663173713093046,0.0,0.0017788244563214217,True,1.6631737130930462,0.17788244563214217,2.0
19.0,2.4,0.0,z,True,1,0.0001394606791558399,0.0001394606791558399,0.0001394606791558399,0.0,0.0041811523600898326,True,0.01394606791558399,0.41811523600898326,2.0
19.0,2.6,0.0,none,False,1,2.7876065778647908e-05,2.7876065778647908e-05,2.7876065778647908e-05,0.0,2.7876065778647908e-05,True,0.002787606577864791,0.002787606577864791,2.0
19.5,1.2,0.0,none,False,1,0.05342086845936302,0.05344462370821117,0.03790871640253811,0.09132958486190114,0.033509315027342904,True,5.3420868459363025,3.3509315027342903,2.0
19.5,1.6,0.0,none,False,1,0.07818533303365388,0.07828232763873201,0.07838940333287524,0.00020407029922136,0.010890495717952493,True,7.818533303365388,1.0890495717952493,2.0
20.0,1.1,0.0,none,False,1,0.010977464544142307,0.012029536148443102,0.17594327530987025,0.18156962872752389,0.021273200285747088,True,1.0977464544142306,2.127320028574709,2.0
20.0,1.1,0.0,z,True,2,0.0028790116075767813,0.003986119196483694,0.2680001879965712,0.27087919960414797,0.014716857682966475,True,0.28790116075767813,1.4716857682966475,2.0
20.0,1.2,0.0,mz,True,5,0.04526407665951922,0.051521076819008645,0.03990771553179584,0.039800387790333444,0.013097106948963797,False,4.526407665951922,1.3097106948963797,2.0
20.0,1.2,0.0,none,False,5,0.013891928758588114,0.014828876299791932,0.18832252257833598,0.18110069792939915,0.0066127479411848275,False,1.3891928758588115,0.6612747941184828,2.0
20.0,1.2,0.0,x,True,5,0.022234934380374993,0.028638854798924723,0.1854119994587784,0.2076469338391534,0.024189865839804668,False,2.223493438037499,2.418986583980467,2.0
20.0,1.2,0.0,y,True,5,0.017422668190239417,0.021759620766049485,0.20550160229357967,0.21817874299727494,0.006533337173243647,False,1.7422668190239416,0.6533337173243647,2.0
20.0,1.2,0.0,z,True,5,0.006568937884568265,0.007029511439940117,0.25506801460736495,0.25627323353534937,0.013963094259071778,False,0.6568937884568266,1.3963094259071778,2.0
20.0,1.2,0.2,none,False,2,0.013205003077447597,0.015044816315870959,0.17864922142073963,0.16544421834329204,0.006280373883938789,True,1.3205003077447597,0.6280373883938789,2.0
20.0,1.2,0.2,z,True,2,0.004842144777255933,0.006137071328513361,0.25399548927255144,0.25022490862133157,0.005071299043204136,True,0.4842144777255933,0.5071299043204136,2.0
20.0,1.2,0.4,none,False,2,0.007442543829577972,0.008194558091538153,0.1492860561457766,0.14585686911961365,0.01499278763203965,True,0.7442543829577972,1.499278763203965,2.0
20.0,1.2,0.4,z,True,2,0.01054071051397626,0.011421276944044066,0.2146621086444658,0.219059720370517,0.005652173727649548,True,1.054071051397626,0.5652173727649548,2.0
20.0,1.2,0.6,none,False,2,0.02723274312049364,0.028923159256127068,0.08848421389361696,0.0982272546658038,0.009049397940339432,True,2.723274312049364,0.9049397940339432,2.0
20.0,1.2,0.6,z,True,2,0.007580389379689259,0.00785646570093939,0.1549756843961604,0.1570400850748881,0.013716816272019941,True,0.7580389379689259,1.371681627201994,2.0
20.0,1.2,0.8,none,False,2,0.019080611910676372,0.02494753210916111,0.032240551619105565,0.016168538445524,0.021294929807490617,True,1.9080611910676373,2.1294929807490615,2.0
20.0,1.2,0.8,z,True,2,0.004210337902225934,0.005566820714697333,0.07646320441527468,0.0801049825000381,0.008945081739483926,True,0.42103379022259346,0.8945081739483927,2.0
20.0,1.2,1.0,none,False,2,0.007149845547222325,0.00992630238170591,0.007149845547222325,0.0,0.00272053856906915,True,0.7149845547222324,0.272053856906915,2.0
20.0,1.2,1.0,z,True,2,0.013488462924253444,0.01848897388874759,0.030461539601796678,0.0178162431086404,0.008471375292964274,True,1.3488462924253444,0.8471375292964274,2.0
20.0,1.2,1.2,none,False,1,0.0,0.0,0.0,0.0,0.0011843394230953378,True,0.0,0.11843394230953377,2.0
20.0,1.2,1.2,z,True,2,0.0031012285753400847,0.0031415616085382425,0.0031012285753400847,0.0,0.01712253234091221,True,0.3101228575340085,1.712253234091221,2.0
20.0,1.2,1.4,none,False,1,5.39011365676525e-05,5.39011365676525e-05,5.39011365676525e-05,0.0,0.00010610430393994351,True,0.00539011365676525,0.010610430393994352,2.0
20.0,1.2,1.4,z,True,2,0.0014499085244280103,0.0016533653421643413,0.0014499085244280103,0.0,0.008616519167525254,True,0.14499085244280102,0.8616519167525254,2.0
20.0,1.2,1.6,none,False,1,1.972333435071089e-05,1.972333435071089e-05,1.972333435071089e-05,0.0,0.0006957601948436837,True,0.001972333435071089,0.06957601948436837,2.0
20.0,1.2,1.6,z,True,2,0.00038578675712191274,0.0005225990805073085,0.00038578675712191274,0.0,0.005083118418083881,True,0.03857867571219127,0.5083118418083881,2.0
20.0,1.3,0.0,none,False,1,0.011718112860749641,0.011841931452601113,0.1749831178838982,0.18394633969798135,0.009316158993527146,True,1.171811286074964,0.9316158993527146,2.0
20.0,1.3,0.0,z,True,2,0.0036941445890179836,0.0037242513262950795,0.26639548504735,0.26270134045833204,0.015039554873491345,True,0.36941445890179836,1.5039554873491345,2.0
20.0,1.4,0.0,none,False,5,0.006701724959251524,0.008762349371173608,0.16988754015591817,0.17039225095172722,0.0074411183585326645,False,0.6701724959251524,0.7441118358532665,2.0
20.0,1.4,0.0,z,True,2,0.011430767056238897,0.01599289770709449,0.25568389068181085,0.2444986172575448,0.006746562281569085,True,1.1430767056238897,0.6746562281569085,2.0
20.0,1.4,0.2,none,False,1,0.0015821613817341706,0.0015821613817341706,0.16054550446452448,0.1589633430827903,0.0071882752382861625,True,0.15821613817341706,0.7188275238286163,2.0
20.0,1.4,0.4,none,False,1,0.0149700486955254,0.0149700486955254,0.1269878544598223,0.1120178057642969,0.01975196735674914,True,1.4970048695525402,1.9751967356749138,2.0
20.0,1.4,0.6,none,False,1,0.004902627735080781,0.004902627735080781,0.059190118374259984,0.0542874906391792,0.02538695944434813,True,0.49026277350807806,2.5386959444348127,2.0
20.0,1.4,0.8,none,False,1,0.004217904161310562,0.004217904161310562,0.004217904161310562,0.0,0.0035592130294756544,True,0.42179041613105617,0.35592130294756547,2.0
20.0,1.4,1.0,none,False,1,0.00022597594565954433,0.00022597594565954433,0.00022597594565954433,0.0,4.147389116246388e-05,True,0.02259759456595443,0.004147389116246388,2.0
20.0,1.5,0.0,none,False,1,0.007655742841660437,0.0077529294863241715,0.15371877003167014,0.14847944703884466,0.00931725627982069,True,0.7655742841660437,0.931725627982069,2.0
20.0,1.5,0.0,z,True,2,0.008698073134997264,0.009488188830422946,0.24368037242537371,0.252378445560371,0.004731215284994497,True,0.8698073134997264,0.4731215284994497,2.0
20.0,1.6,0.0,mz,True,3,0.03377183161793516,0.04420604760901721,0.05625666206858323,0.022484830450648068,0.016405933646845786,False,3.3771831617935155,1.6405933646845787,2.0
20.0,1.6,0.0,none,False,5,0.009186386543014919,0.014265929500348318,0.13364195691739758,0.13470449797643647,0.008142704378827897,False,0.9186386543014919,0.8142704378827896,2.0
20.0,1.6,0.0,x,True,5,0.028136496085946826,0.04165628184649155,0.12413743880293071,0.11143968229182563,0.011698838384381733,False,2.8136496085946825,1.1698838384381733,2.0
20.0,1.6,0.0,y,True,5,0.017596064921898576,0.020776922910217238,0.16397773986971614,0.16909429712616217,0.01216582751059984,False,1.7596064921898575,1.216582751059984,2.0
20.0,1.6,0.0,z,True,5,0.007776694419723657,0.01127264681222995,0.21871517782265296,0.22451025341163322,0.017218850088653072,False,0.7776694419723656,1.7218850088653073,2.0
20.0,1.6,0.2,none,False,2,0.020809481289624343,0.024990511007577296,0.12533281916943295,0.1461423004590573,0.006940230296960677,True,2.0809481289624343,0.6940230296960677,2.0
20.0,1.6,0.2,z,True,2,0.001996349430957514,0.0023232741854966317,0.22924925442546826,0.22725290499451073,0.0028536971622397656,True,0.19963494309575142,0.28536971622397656,2.0
20.0,1.6,0.4,none,False,2,0.030851830151729133,0.0354908385132516,0.09260738410803848,0.1101505934684309,0.019007201653208662,True,3.0851830151729134,1.9007201653208663,2.0
20.0,1.6,0.4,z,True,1,0.01586277566927266,0.01586277566927266,0.16875995657974435,0.184622732249017,0.010148549754718822,True,1.586277566927266,1.014854975471882,2.0
20.0,1.6,0.6,mz,True,3,0.0011891756044978624,0.0013979941859601672,0.0011891756044978624,0.0,0.009354284474731403,False,0.11891756044978624,0.9354284474731402,2.0
20.0,1.6,0.6,none,False,2,0.016912705094311066,0.019149420621937294,0.026654284150839078,0.017673153011125,0.009184626628527565,True,1.6912705094311067,0.9184626628527565,2.0
20.0,1.6,0.6,x,True,5,0.01573627177526038,0.01655863408610581,0.01573627177526038,0.0,0.011759789309858965,False,1.573627177526038,1.1759789309858966,2.0
20.0,1.6,0.6,y,True,5,0.017792282947271303,0.02499284583128757,0.0302841115373269,0.043651327109585115,0.018907520315476968,False,1.7792282947271303,1.8907520315476969,2.0
20.0,1.6,0.6,z,True,5,0.012620658230107615,0.014941072293908121,0.09449888374005362,0.10646780396511615,0.01137716495211605,False,1.2620658230107615,1.137716495211605,2.0
20.0,1.6,0.8,none,False,1,0.0,0.0,0.0,0.0,0.00046466379061346996,True,0.0,0.046466379061347,2.0
20.0,1.6,0.8,z,True,2,0.0032288553122428836,0.004221061914484041,0.057901940368462995,0.06062073735582865,0.00891721949133385,True,0.32288553122428837,0.8917219491333849,2.0
20.0,1.6,1.0,none,False,2,0.0013709257119715618,0.0018974291118517828,0.0013709257119715618,0.0,0.006593983518598083,True,0.13709257119715618,0.6593983518598083,2.0
20.0,1.6,1.0,z,True,2,0.01687167832768338,0.0177814583268649,0.025200167553756682,0.008328489226073299,0.0030387782346995426,True,1.6871678327683381,0.30387782346995423,2.0
20.0,1.7,0.0,none,False,1,0.0031818847095027203,0.005138818202081794,0.08155065837501768,0.08152500009207105,0.04430228929554939,True,0.31818847095027203,4.430228929554939,2.0
20.0,1.7,0.0,z,True,2,0.020823838595468408,0.021223951587461452,0.22271949866878837,0.2435433372642568,0.03419952482360661,True,2.082383859546841,3.419952482360661,2.0
20.0,1.8,0.0,none,False,2,0.026399661690775744,0.027932790209157437,0.024730947787731317,0.00220086027294355,0.00930961409269297,True,2.6399661690775744,0.930961409269297,2.0
20.0,1.8,0.0,z,True,2,0.010323542665022417,0.010323764939338486,0.219051159610001,0.22937470227502338,0.05593501627184033,True,1.0323542665022418,5.593501627184033,2.0
20.0,1.8,0.2,none,False,1,0.0016215598937263651,0.0016215598937263651,0.0016215598937263651,0.0,0.0016215598937263651,True,0.1621559893726365,0.1621559893726365,2.0
20.0,1.8,0.4,none,False,1,0.0010306313625287214,0.0010306313625287214,0.0010306313625287214,0.0,0.00013104303191210074,True,0.10306313625287214,0.013104303191210073,2.0
20.0,1.8,0.6,none,False,1,0.0003086392062856368,0.0003086392062856368,0.0003086392062856368,0.0,0.00027440220340485934,True,0.030863920628563676,0.027440220340485932,2.0
20.0,1.8,0.8,none,False,1,6.177152455061571e-05,6.177152455061571e-05,6.177152455061571e-05,0.0,6.715744003054573e-05,True,0.006177152455061572,0.006715744003054573,2.0
20.0,1.8,1.0,none,False,1,5.91731974647972e-05,5.91731974647972e-05,5.91731974647972e-05,0.0,5.888680687233254e-05,True,0.00591731974647972,0.005888680687233254,2.0
20.0,1.9,0.0,none,False,1,0.0013725195173685963,0.0014371490503092394,0.0013725195173685963,0.0,0.00042690507067723516,True,0.13725195173685964,0.04269050706772352,2.0
20.0,1.9,0.0,z,True,2,0.006920609167593378,0.006936535776096093,0.20576922657955093,0.21268983574714428,0.052932361179909765,True,0.6920609167593378,5.293236117990976,2.0
20.0,2.0,0.0,none,False,2,0.0005453312256274179,0.00073341172775955,0.0005453312256274179,0.0,0.0006991092129164267,True,0.054533122562741794,0.06991092129164267,2.0
20.0,2.0,0.0,x,True,5,0.01567561446427001,0.02884485754887261,0.01567561446427001,0.0,0.0019752326502940993,False,1.567561446427001,0.19752326502940992,2.0
20.0,2.0,0.0,y,True,5,0.028267378300686413,0.046835037919366,0.028267378300686413,0.0,0.017953327759133574,False,2.8267378300686414,1.7953327759133573,2.0
20.0,2.0,0.0,z,True,5,0.043592996203231836,0.05240640301088762,0.13055398955599998,0.1152322486217269,0.04068070694219912,False,4.359299620323184,4.068070694219912,2.0
20.0,2.0,0.2,none,False,1,0.0008156656843718869,0.0008156656843718869,0.0008156656843718869,0.0,0.0002603433887878988,True,0.0815665684371887,0.026034338878789882,2.0
20.0,2.0,0.2,z,True,2,0.013329955728034165,0.018798766429151348,0.17103378989992082,0.184363745627955,0.03030122807117315,True,1.3329955728034166,3.030122807117315,2.0
20.0,2.0,0.4,none,False,1,0.0006246745425335722,0.0006246745425335722,0.0006246745425335722,0.0,0.0011842240595057074,True,0.062467454253357216,0.11842240595057074,2.0
20.0,2.0,0.4,z,True,2,0.018485353480910828,0.01863381574030399,0.13211827364716122,0.12977076523836295,0.040968236507940764,True,1.8485353480910829,4.096823650794076,2.0
20.0,2.0,0.6,none,False,1,0.00019757196676673967,0.00019757196676673967,0.00019757196676673967,0.0,0.00019757196676673967,True,0.019757196676673968,0.019757196676673968,2.0
20.0,2.0,0.6,z,True,2,0.018826011389235238,0.021731151440155114,0.05853926739000531,0.06939395476861465,0.006283968833465745,True,1.8826011389235238,0.6283968833465745,2.0
20.0,2.0,0.8,z,True,2,0.005539146647057222,0.007677757722464056,0.025559223329280387,0.02024266259255865,0.004719321630851881,True,0.5539146647057223,0.47193216308518815,2.0
20.0,2.0,1.0,z,True,2,0.008534684158172262,0.012069866087058016,0.008534684158172262,0.0,0.0062264070483433066,True,0.8534684158172262,0.6226407048343306,2.0
20.0,2.2,0.0,none,False,2,0.00030331356893487847,0.0005337971302579545,0.00030331356893487847,0.0,0.0013427287527171187,True,0.030331356893487846,0.13427287527171186,2.0
20.0,2.2,0.0,z,True,2,0.06043775035253682,0.06082055862597755,0.09724215793222649,0.10405528378607715,0.034029202346399515,True,6.043775035253682,3.4029202346399514,2.0
20.0,2.4,0.0,none,False,1,7.10392702934536e-05,7.21080939159211e-05,7.10392702934536e-05,0.0,0.00010420921633231448,True,0.007103927029345361,0.010420921633231448,2.0
20.0,2.4,0.0,z,True,2,0.021656878599781063,0.021657072348616746,0.09306727305905026,0.0714103944592692,0.047945094665692765,True,2.165687859978106,4.794509466569276,2.0
20.0,2.6,0.0,z,True,2,0.02237887433752989,0.022730536518854746,0.03246440453376773,0.0364472770926171,0.010819968057153729,True,2.237887433752989,1.0819968057153728,2.0
20.0,2.8,0.0,z,True,2,0.03785282231502455,0.05341670666935311,0.03785282231502455,0.0,0.004467506594356575,True,3.785282231502455,0.4467506594356575,2.0
20.0,3.0,0.0,z,True,2,0.005449035185460198,0.006281928269201346,0.005449035185460198,0.0,0.034774880032152365,True,0.5449035185460198,3.4774880032152367,2.0
20.5,1.2,0.0,none,False,1,0.023544962928598857,0.023570344237659135,0.24758928161437402,0.2711342445429729,0.029202313393891205,True,2.354496292859886,2.9202313393891206,2.0
20.5,1.6,0.0,none,False,1,0.00882945451484582,0.008830071305957171,0.20896138143709564,0.21779083595194146,0.04071567785291632,True,0.8829454514845819,4.071567785291632,2.0
21.0,1.2,0.0,none,False,1,0.00575805764453315,0.005769474463664108,0.2644689149471449,0.2587108573026118,0.006070176945101739,True,0.575805764453315,0.607017694510174,2.0
21.0,1.6,0.0,none,False,1,0.004542622914905814,0.004653727307747703,0.2080702019927808,0.21261282490768663,0.007391613777149512,True,0.4542622914905814,0.7391613777149513,2.0
