parameter,display_name,anchor_case,x_value,actual_bmf,oof_predicted_bmf,abs_error,domain_type,plot_path
mass,Mass,"peri=1.2, v_inf=0.0, spin=none, axis=none, n=65, FoF=0.0020",19.0,0.0,0.012264107022383295,0.012264107022383295,observed,ml/physics_structured_surrogate/plots/interpolation_profiles/mass_interpolation_profile.png
mass,Mass,"peri=1.2, v_inf=0.0, spin=none, axis=none, n=65, FoF=0.0020",19.5,0.0913295640798362,0.011748179121517727,0.07958138495831847,observed,ml/physics_structured_surrogate/plots/interpolation_profiles/mass_interpolation_profile.png
mass,Mass,"peri=1.2, v_inf=0.0, spin=none, axis=none, n=65, FoF=0.0020",20.0,0.2355118998968633,0.19982547920883142,0.03568642068803188,observed,ml/physics_structured_surrogate/plots/interpolation_profiles/mass_interpolation_profile.png
periapsis,Periapsis,"mass=20.0, v_inf=0.0, spin=3.0 hr, axis=z, n=65, FoF=0.0040",1.1,0.2739524985005524,0.28064573965450573,0.006693241153953311,observed,ml/physics_structured_surrogate/plots/interpolation_profiles/periapsis_interpolation_profile.png
periapsis,Periapsis,"mass=20.0, v_inf=0.0, spin=3.0 hr, axis=z, n=65, FoF=0.0040",1.2,0.2756593115388199,0.2680288820453587,0.0076304294934612105,observed,ml/physics_structured_surrogate/plots/interpolation_profiles/periapsis_interpolation_profile.png
periapsis,Periapsis,"mass=20.0, v_inf=0.0, spin=3.0 hr, axis=z, n=65, FoF=0.0040",1.3,0.2675599442971066,0.27569585980906863,0.008135915511962022,observed,ml/physics_structured_surrogate/plots/interpolation_profiles/periapsis_interpolation_profile.png
periapsis,Periapsis,"mass=20.0, v_inf=0.0, spin=3.0 hr, axis=z, n=65, FoF=0.0040",1.4,0.2412991929719162,0.2681727639148212,0.02687357094290499,observed,ml/physics_structured_surrogate/plots/interpolation_profiles/periapsis_interpolation_profile.png
periapsis,Periapsis,"mass=20.0, v_inf=0.0, spin=3.0 hr, axis=z, n=65, FoF=0.0040",1.5,0.2558061724432767,0.25723215649696207,0.0014259840536853807,observed,ml/physics_structured_surrogate/plots/interpolation_profiles/periapsis_interpolation_profile.png
periapsis,Periapsis,"mass=20.0, v_inf=0.0, spin=3.0 hr, axis=z, n=65, FoF=0.0040",1.6,0.2527113500577126,0.24388294620697193,0.008828403850740685,observed,ml/physics_structured_surrogate/plots/interpolation_profiles/periapsis_interpolation_profile.png
periapsis,Periapsis,"mass=20.0, v_inf=0.0, spin=3.0 hr, axis=z, n=65, FoF=0.0040",1.7,0.2524814346520673,0.21448917106426632,0.03799226358780097,observed,ml/physics_structured_surrogate/plots/interpolation_profiles/periapsis_interpolation_profile.png
periapsis,Periapsis,"mass=20.0, v_inf=0.0, spin=3.0 hr, axis=z, n=65, FoF=0.0040",1.8,0.2423031684979305,0.1596789186548766,0.08262424984305389,observed,ml/physics_structured_surrogate/plots/interpolation_profiles/periapsis_interpolation_profile.png
periapsis,Periapsis,"mass=20.0, v_inf=0.0, spin=3.0 hr, axis=z, n=65, FoF=0.0040",1.9,0.2339157570353769,0.14859000305119557,0.08532575398418132,observed,ml/physics_structured_surrogate/plots/interpolation_profiles/periapsis_interpolation_profile.png
periapsis,Periapsis,"mass=20.0, v_inf=0.0, spin=3.0 hr, axis=z, n=65, FoF=0.0040",2.0,0.2208863988542271,0.13894308091514287,0.08194331793908421,observed,ml/physics_structured_surrogate/plots/interpolation_profiles/periapsis_interpolation_profile.png
periapsis,Periapsis,"mass=20.0, v_inf=0.0, spin=3.0 hr, axis=z, n=65, FoF=0.0040",2.2,0.2081105675721543,0.0909485647352414,0.11716200283691289,observed,ml/physics_structured_surrogate/plots/interpolation_profiles/periapsis_interpolation_profile.png
periapsis,Periapsis,"mass=20.0, v_inf=0.0, spin=3.0 hr, axis=z, n=65, FoF=0.0040",2.4,0.1428207889185384,0.1390560364931924,0.0037647524253459907,observed,ml/physics_structured_surrogate/plots/interpolation_profiles/periapsis_interpolation_profile.png
periapsis,Periapsis,"mass=20.0, v_inf=0.0, spin=3.0 hr, axis=z, n=65, FoF=0.0040",2.6,0.0728945541852342,0.0634869503097678,0.009407603875466408,observed,ml/physics_structured_surrogate/plots/interpolation_profiles/periapsis_interpolation_profile.png
periapsis,Periapsis,"mass=20.0, v_inf=0.0, spin=3.0 hr, axis=z, n=65, FoF=0.0040",2.8,0.0,0.03786140154449793,0.03786140154449793,observed,ml/physics_structured_surrogate/plots/interpolation_profiles/periapsis_interpolation_profile.png
periapsis,Periapsis,"mass=20.0, v_inf=0.0, spin=3.0 hr, axis=z, n=65, FoF=0.0040",3.0,0.0,0.053851981361977795,0.053851981361977795,observed,ml/physics_structured_surrogate/plots/interpolation_profiles/periapsis_interpolation_profile.png
velocity,Velocity,"mass=20.0, peri=1.2, spin=3.0 hr, axis=z, n=65, FoF=0.0040",0.0,0.2756593115388199,0.2680288820453587,0.0076304294934612105,observed,ml/physics_structured_surrogate/plots/interpolation_profiles/velocity_interpolation_profile.png
velocity,Velocity,"mass=20.0, peri=1.2, spin=3.0 hr, axis=z, n=65, FoF=0.0040",0.2,0.2491491232542389,0.2619493242620795,0.0128002010078406,observed,ml/physics_structured_surrogate/plots/interpolation_profiles/velocity_interpolation_profile.png
velocity,Velocity,"mass=20.0, peri=1.2, spin=3.0 hr, axis=z, n=65, FoF=0.0040",0.4,0.2187582510889484,0.23567663905489097,0.016918387965942583,observed,ml/physics_structured_surrogate/plots/interpolation_profiles/velocity_interpolation_profile.png
velocity,Velocity,"mass=20.0, peri=1.2, spin=3.0 hr, axis=z, n=65, FoF=0.0040",0.6,0.1598141950945347,0.1852565204853588,0.025442325390824083,observed,ml/physics_structured_surrogate/plots/interpolation_profiles/velocity_interpolation_profile.png
velocity,Velocity,"mass=20.0, peri=1.2, spin=3.0 hr, axis=z, n=65, FoF=0.0040",0.8,0.0874453804653286,0.09417524226350453,0.006729861798175932,observed,ml/physics_structured_surrogate/plots/interpolation_profiles/velocity_interpolation_profile.png
velocity,Velocity,"mass=20.0, peri=1.2, spin=3.0 hr, axis=z, n=65, FoF=0.0040",1.0,0.0229461861492013,0.04808608775215837,0.02513990160295707,observed,ml/physics_structured_surrogate/plots/interpolation_profiles/velocity_interpolation_profile.png
velocity,Velocity,"mass=20.0, peri=1.2, spin=3.0 hr, axis=z, n=65, FoF=0.0040",1.2,0.0,0.0362197804851135,0.0362197804851135,observed,ml/physics_structured_surrogate/plots/interpolation_profiles/velocity_interpolation_profile.png
velocity,Velocity,"mass=20.0, peri=1.2, spin=3.0 hr, axis=z, n=65, FoF=0.0040",1.4,0.0,0.019300740927993346,0.019300740927993346,observed,ml/physics_structured_surrogate/plots/interpolation_profiles/velocity_interpolation_profile.png
velocity,Velocity,"mass=20.0, peri=1.2, spin=3.0 hr, axis=z, n=65, FoF=0.0040",1.6,0.0,0.02166266069430016,0.02166266069430016,observed,ml/physics_structured_surrogate/plots/interpolation_profiles/velocity_interpolation_profile.png
spin_period,Spin Period,"mass=19.0, peri=1.2, v_inf=0.0, axis=x, n=65, FoF=0.0020",3.0,0.0149082691484831,0.009821771014848286,0.005086498133634815,observed,ml/physics_structured_surrogate/plots/interpolation_profiles/spin_period_interpolation_profile.png
spin_period,Spin Period,"mass=19.0, peri=1.2, v_inf=0.0, axis=x, n=65, FoF=0.0020",3.5,0.0160114637488105,0.026352984224590096,0.010341520475779596,observed,ml/physics_structured_surrogate/plots/interpolation_profiles/spin_period_interpolation_profile.png
spin_period,Spin Period,"mass=19.0, peri=1.2, v_inf=0.0, axis=x, n=65, FoF=0.0020",4.7,0.0160314214782871,0.016500681635349696,0.0004692601570625947,observed,ml/physics_structured_surrogate/plots/interpolation_profiles/spin_period_interpolation_profile.png
spin_period,Spin Period,"mass=19.0, peri=1.2, v_inf=0.0, axis=x, n=65, FoF=0.0020",8.6,0.0,0.009628777321531914,0.009628777321531914,observed,ml/physics_structured_surrogate/plots/interpolation_profiles/spin_period_interpolation_profile.png
spin_period,Spin Period,"mass=19.0, peri=1.2, v_inf=0.0, axis=x, n=65, FoF=0.0020",17.0,0.0,0.011114922123539673,0.011114922123539673,observed,ml/physics_structured_surrogate/plots/interpolation_profiles/spin_period_interpolation_profile.png
resolution,Resolution,"mass=19.5, peri=1.2, v_inf=0.0, spin=none, axis=none, FoF=0.0020",65,0.0913295640798362,0.011748179121517727,0.07958138495831847,observed,ml/physics_structured_surrogate/plots/interpolation_profiles/resolution_interpolation_profile.png
fof,FoF Linking Length,"mass=20.0, peri=1.1, v_inf=0.0, spin=none, axis=none, n=65",0.001,0.0,0.058186141539376846,0.058186141539376846,observed,ml/physics_structured_surrogate/plots/interpolation_profiles/fof_interpolation_profile.png
fof,FoF Linking Length,"mass=20.0, peri=1.1, v_inf=0.0, spin=none, axis=none, n=65",0.002,0.2375209070707416,0.18690437754078443,0.05061652952995718,observed,ml/physics_structured_surrogate/plots/interpolation_profiles/fof_interpolation_profile.png
fof,FoF Linking Length,"mass=20.0, peri=1.1, v_inf=0.0, spin=none, axis=none, n=65",0.003,0.1995045319169662,0.18172046111931964,0.017784070797646573,observed,ml/physics_structured_surrogate/plots/interpolation_profiles/fof_interpolation_profile.png
fof,FoF Linking Length,"mass=20.0, peri=1.1, v_inf=0.0, spin=none, axis=none, n=65",0.0035,0.1995107622383871,0.18172046111931964,0.01779030111906746,observed,ml/physics_structured_surrogate/plots/interpolation_profiles/fof_interpolation_profile.png
fof,FoF Linking Length,"mass=20.0, peri=1.1, v_inf=0.0, spin=none, axis=none, n=65",0.004,0.1995131669728757,0.18172046111931964,0.01779270585355605,observed,ml/physics_structured_surrogate/plots/interpolation_profiles/fof_interpolation_profile.png
fof,FoF Linking Length,"mass=20.0, peri=1.1, v_inf=0.0, spin=none, axis=none, n=65",0.0045,0.1995154242255023,0.18172046111931964,0.01779496310618267,observed,ml/physics_structured_surrogate/plots/interpolation_profiles/fof_interpolation_profile.png
fof,FoF Linking Length,"mass=20.0, peri=1.1, v_inf=0.0, spin=none, axis=none, n=65",0.005,0.199522328343919,0.18172046111931964,0.017801867224599366,observed,ml/physics_structured_surrogate/plots/interpolation_profiles/fof_interpolation_profile.png
fof,FoF Linking Length,"mass=20.0, peri=1.1, v_inf=0.0, spin=none, axis=none, n=65",0.006,0.1995209911298102,0.18172046111931964,0.01780053001049056,observed,ml/physics_structured_surrogate/plots/interpolation_profiles/fof_interpolation_profile.png
fof,FoF Linking Length,"mass=20.0, peri=1.1, v_inf=0.0, spin=none, axis=none, n=65",0.008,0.1995185466495128,0.18172046111931964,0.01779808553019316,observed,ml/physics_structured_surrogate/plots/interpolation_profiles/fof_interpolation_profile.png
spin_axis,Spin Axis,"mass=19.0, peri=1.2, v_inf=0.0, spin=17.0 hr, n=65, FoF=0.0020",mz,0.0,0.016127115800581095,0.016127115800581095,observed_category,ml/physics_structured_surrogate/plots/interpolation_profiles/spin_axis_interpolation_profile.png
spin_axis,Spin Axis,"mass=19.0, peri=1.2, v_inf=0.0, spin=17.0 hr, n=65, FoF=0.0020",x,0.0,0.011114922123539673,0.011114922123539673,observed_category,ml/physics_structured_surrogate/plots/interpolation_profiles/spin_axis_interpolation_profile.png
spin_axis,Spin Axis,"mass=19.0, peri=1.2, v_inf=0.0, spin=17.0 hr, n=65, FoF=0.0020",y,0.0014489920048717,0.008829456038785806,0.007380464033914106,observed_category,ml/physics_structured_surrogate/plots/interpolation_profiles/spin_axis_interpolation_profile.png
spin_axis,Spin Axis,"mass=19.0, peri=1.2, v_inf=0.0, spin=17.0 hr, n=65, FoF=0.0020",z,0.0203748591371825,0.010232183757872477,0.010142675379310023,observed_category,ml/physics_structured_surrogate/plots/interpolation_profiles/spin_axis_interpolation_profile.png
