target,feature_set,model,params_json,r2,mae,rmse,fold_r2_mean,fold_r2_std,fold_mae_mean,fold_mae_std,fold_rmse_mean,fold_rmse_std
bound_mass_fraction,with_fof_linking_length,random_forest,"{""max_depth"": null, ""max_features"": ""sqrt"", ""min_samples_leaf"": 2, ""model"": ""random_forest"", ""n_estimators"": 300}",0.8587213640253235,0.026435751209340608,0.03497412414841156,0.8508901439683978,0.018930520324630384,0.02642891496158644,0.0021337958246354836,0.034883718500043945,0.0025300617606672745
bound_mass_fraction,with_fof_linking_length,random_forest,"{""max_depth"": null, ""max_features"": 0.8, ""min_samples_leaf"": 2, ""model"": ""random_forest"", ""n_estimators"": 300}",0.8978184892813665,0.018582630866043826,0.029743684130915087,0.8916652374734408,0.030543387960948704,0.01858550462462223,0.003009439414186933,0.02946275112428558,0.0041695166426986615
bound_mass_fraction,with_fof_linking_length,random_forest,"{""max_depth"": null, ""max_features"": ""sqrt"", ""min_samples_leaf"": 4, ""model"": ""random_forest"", ""n_estimators"": 300}",0.7591403170428928,0.03669253690281189,0.04566575642974834,0.7470990072402386,0.03003233454116263,0.03668053691582542,0.003140389814804988,0.04549887569251913,0.0038324757677622797
bound_mass_fraction,with_fof_linking_length,random_forest,"{""max_depth"": null, ""max_features"": 0.8, ""min_samples_leaf"": 4, ""model"": ""random_forest"", ""n_estimators"": 300}",0.8292781619454809,0.02512585454528439,0.038446175108786576,0.8217176415334018,0.04326002589092786,0.0251177864297983,0.004459860284951026,0.03804911342722907,0.00551128376885534
bound_mass_fraction,with_fof_linking_length,random_forest,"{""max_depth"": 10, ""max_features"": ""sqrt"", ""min_samples_leaf"": 2, ""model"": ""random_forest"", ""n_estimators"": 300}",0.8379056208681761,0.02915737173646819,0.03746213964129657,0.8303775094767671,0.018097815660382377,0.029144352364430536,0.003142828324652111,0.037307587200971194,0.0033405781456932035
bound_mass_fraction,with_fof_linking_length,random_forest,"{""max_depth"": 10, ""max_features"": 0.8, ""min_samples_leaf"": 2, ""model"": ""random_forest"", ""n_estimators"": 300}",0.8950649949242218,0.01888613734773935,0.03014177298971425,0.8889845382067243,0.031585579081661784,0.01888908217151599,0.003031374741270809,0.029827878128185575,0.004420164702693836
bound_mass_fraction,with_fof_linking_length,random_forest,"{""max_depth"": 10, ""max_features"": ""sqrt"", ""min_samples_leaf"": 4, ""model"": ""random_forest"", ""n_estimators"": 300}",0.7541195137867667,0.03724270239139934,0.046139260796584876,0.7419303190883688,0.02948306864548329,0.03722993557184841,0.0032193746643258206,0.045972086935602695,0.0038485380784063533
bound_mass_fraction,with_fof_linking_length,random_forest,"{""max_depth"": 10, ""max_features"": 0.8, ""min_samples_leaf"": 4, ""model"": ""random_forest"", ""n_estimators"": 300}",0.8287487683082475,0.025213702671218786,0.03850573809961297,0.8210579044176007,0.04347835946779856,0.025205760620521954,0.0043318797420182605,0.038115490229771766,0.005474437311507186
bound_mass_fraction,with_fof_linking_length,random_forest,"{""max_depth"": null, ""max_features"": ""sqrt"", ""min_samples_leaf"": 2, ""model"": ""random_forest"", ""n_estimators"": 500}",0.8550762919452919,0.02676720521434615,0.035422427449322634,0.8470662320751678,0.021208954768557983,0.026760498384834047,0.002230344724136292,0.03531702505962335,0.0027563148914980426
bound_mass_fraction,with_fof_linking_length,random_forest,"{""max_depth"": null, ""max_features"": 0.8, ""min_samples_leaf"": 2, ""model"": ""random_forest"", ""n_estimators"": 500}",0.8982606378889042,0.018553207575072034,0.02967926256471489,0.8920765993468553,0.03202466548663705,0.018556529693428754,0.003105982132917996,0.029370046547890695,0.004367064600556022
bound_mass_fraction,with_fof_linking_length,random_forest,"{""max_depth"": null, ""max_features"": ""sqrt"", ""min_samples_leaf"": 4, ""model"": ""random_forest"", ""n_estimators"": 500}",0.7551801391595309,0.03711673537348609,0.04603964053305727,0.7430965539709024,0.030114321647401236,0.037103890259814316,0.0032328505349076735,0.045865952357655435,0.00391532945671935
bound_mass_fraction,with_fof_linking_length,random_forest,"{""max_depth"": null, ""max_features"": 0.8, ""min_samples_leaf"": 4, ""model"": ""random_forest"", ""n_estimators"": 500}",0.8292527786893711,0.02510905249624921,0.0384490331287352,0.8217525804332982,0.04565473787135425,0.025101180326615853,0.004568117538495593,0.03801686688145075,0.0057523097516772
bound_mass_fraction,with_fof_linking_length,random_forest,"{""max_depth"": 10, ""max_features"": ""sqrt"", ""min_samples_leaf"": 2, ""model"": ""random_forest"", ""n_estimators"": 500}",0.835900130686559,0.02920498965278931,0.03769317478407659,0.8282155896132826,0.020358843590461136,0.029192455035037514,0.003070847209050541,0.0375302302897159,0.0034551129839233627
bound_mass_fraction,with_fof_linking_length,random_forest,"{""max_depth"": 10, ""max_features"": 0.8, ""min_samples_leaf"": 2, ""model"": ""random_forest"", ""n_estimators"": 500}",0.8959868884581085,0.018816207306645415,0.03000907748884157,0.8899369521515424,0.032949153493485976,0.018819469532838914,0.0031319110045510442,0.02966391976580666,0.004622156814919566
bound_mass_fraction,with_fof_linking_length,random_forest,"{""max_depth"": 10, ""max_features"": ""sqrt"", ""min_samples_leaf"": 4, ""model"": ""random_forest"", ""n_estimators"": 500}",0.7494772864749641,0.03766586555608986,0.04657277912849487,0.73736628993703,0.029837203263483242,0.03765178998811244,0.0033912779631282506,0.046390704416315834,0.004021516148745219
bound_mass_fraction,with_fof_linking_length,random_forest,"{""max_depth"": 10, ""max_features"": 0.8, ""min_samples_leaf"": 4, ""model"": ""random_forest"", ""n_estimators"": 500}",0.8288767889516305,0.02518035549489841,0.03849134272580594,0.8212381030445737,0.0457283812470365,0.02517268280484843,0.004476234897655004,0.03806751855973718,0.005704472510821127
bound_mass_fraction,with_fof_linking_length,gradient_boosting,"{""learning_rate"": 0.05, ""max_depth"": 2, ""min_samples_leaf"": 2, ""model"": ""gradient_boosting"", ""n_estimators"": 100, ""subsample"": 0.9}",0.7350885324891157,0.03915022931920213,0.04789155957736734,0.723434641215196,0.011494390138047485,0.03913055085591442,0.003793430360752024,0.04771291376330279,0.0039173563575381895
bound_mass_fraction,with_fof_linking_length,gradient_boosting,"{""learning_rate"": 0.05, ""max_depth"": 2, ""min_samples_leaf"": 2, ""model"": ""gradient_boosting"", ""n_estimators"": 100, ""subsample"": 1.0}",0.7191424563821274,0.04025302317475083,0.04931188989361607,0.7061320119727945,0.008495020161455225,0.04023300576595158,0.0037361319388421453,0.049159890166116146,0.0036357427196749247
bound_mass_fraction,with_fof_linking_length,gradient_boosting,"{""learning_rate"": 0.05, ""max_depth"": 3, ""min_samples_leaf"": 2, ""model"": ""gradient_boosting"", ""n_estimators"": 100, ""subsample"": 0.9}",0.853544723530332,0.02689121964680914,0.0356091094263274,0.8485682367153963,0.018071935136845633,0.026872458164250723,0.0037532327478107383,0.0353327468851347,0.004263785087670017
bound_mass_fraction,with_fof_linking_length,gradient_boosting,"{""learning_rate"": 0.05, ""max_depth"": 3, ""min_samples_leaf"": 2, ""model"": ""gradient_boosting"", ""n_estimators"": 100, ""subsample"": 1.0}",0.8446502175663847,0.027875561389979417,0.03667447667503464,0.8389791782555328,0.016443065204207574,0.02785727306714721,0.003552072871812181,0.0364315602309593,0.004050028875991322
bound_mass_fraction,with_fof_linking_length,gradient_boosting,"{""learning_rate"": 0.1, ""max_depth"": 2, ""min_samples_leaf"": 2, ""model"": ""gradient_boosting"", ""n_estimators"": 100, ""subsample"": 0.9}",0.8147246996246209,0.031542719043813394,0.04005136885317586,0.807598461367065,0.01772537976648026,0.03152336827043543,0.003572610785339344,0.03980950390302583,0.004188589273285398
bound_mass_fraction,with_fof_linking_length,gradient_boosting,"{""learning_rate"": 0.1, ""max_depth"": 2, ""min_samples_leaf"": 2, ""model"": ""gradient_boosting"", ""n_estimators"": 100, ""subsample"": 1.0}",0.8065180246572916,0.032358436313761535,0.040928785429168335,0.7979784453251595,0.013712702559611836,0.03234232275351588,0.002890240372632377,0.04075761521035768,0.0035297051747140437
bound_mass_fraction,with_fof_linking_length,gradient_boosting,"{""learning_rate"": 0.1, ""max_depth"": 3, ""min_samples_leaf"": 2, ""model"": ""gradient_boosting"", ""n_estimators"": 100, ""subsample"": 0.9}",0.8838560147866499,0.022358504793805425,0.03171078277299164,0.8784726681570346,0.013011730466418299,0.02235277389853426,0.0011721274469554618,0.03156698817125704,0.0028661096672837677
bound_mass_fraction,with_fof_linking_length,gradient_boosting,"{""learning_rate"": 0.1, ""max_depth"": 3, ""min_samples_leaf"": 2, ""model"": ""gradient_boosting"", ""n_estimators"": 100, ""subsample"": 1.0}",0.8847614970267412,0.022725903018142264,0.03158692903245015,0.879715941271147,0.008398651372462804,0.022717168031973274,0.0015788172556955229,0.03145127117307961,0.002772406080807468
bound_mass_fraction,with_fof_linking_length,gradient_boosting,"{""learning_rate"": 0.05, ""max_depth"": 2, ""min_samples_leaf"": 2, ""model"": ""gradient_boosting"", ""n_estimators"": 200, ""subsample"": 0.9}",0.8182536418147204,0.031421910314957446,0.03966810547866337,0.8102139039083612,0.014051824958758797,0.03140660577461128,0.002884814913063916,0.03949814745905533,0.003467417464502542
bound_mass_fraction,with_fof_linking_length,gradient_boosting,"{""learning_rate"": 0.05, ""max_depth"": 2, ""min_samples_leaf"": 2, ""model"": ""gradient_boosting"", ""n_estimators"": 200, ""subsample"": 1.0}",0.8010418252504274,0.03284858245131707,0.04150395607269391,0.7926204685801161,0.017721104901353636,0.0328307961497515,0.003233832018248647,0.041296994332367096,0.003926265259769547
bound_mass_fraction,with_fof_linking_length,gradient_boosting,"{""learning_rate"": 0.05, ""max_depth"": 3, ""min_samples_leaf"": 2, ""model"": ""gradient_boosting"", ""n_estimators"": 200, ""subsample"": 0.9}",0.8892878099401162,0.022290695727964303,0.030960382794600158,0.8850111332171252,0.012515282203856726,0.022281133004912846,0.001798626672033292,0.030761127670595013,0.00335604407396755
bound_mass_fraction,with_fof_linking_length,gradient_boosting,"{""learning_rate"": 0.05, ""max_depth"": 3, ""min_samples_leaf"": 2, ""model"": ""gradient_boosting"", ""n_estimators"": 200, ""subsample"": 1.0}",0.8793870515640201,0.023099539577498607,0.03231510473139053,0.8749178683384239,0.01222302979740606,0.023088303256533445,0.0019543789478302332,0.032105363934620074,0.003516795308146319
bound_mass_fraction,with_fof_linking_length,gradient_boosting,"{""learning_rate"": 0.1, ""max_depth"": 2, ""min_samples_leaf"": 2, ""model"": ""gradient_boosting"", ""n_estimators"": 200, ""subsample"": 0.9}",0.8471402987945255,0.027688978354355305,0.03637936413654248,0.839841028224394,0.0251695986065199,0.02767918279065104,0.002586996760937045,0.03616723220201707,0.003776929663992246
bound_mass_fraction,with_fof_linking_length,gradient_boosting,"{""learning_rate"": 0.1, ""max_depth"": 2, ""min_samples_leaf"": 2, ""model"": ""gradient_boosting"", ""n_estimators"": 200, ""subsample"": 1.0}",0.8425134842970308,0.027973103279604474,0.03692583187750731,0.8362608210318531,0.018457761798859745,0.027958510559452858,0.0029528456521162026,0.036693462625701924,0.003962695406965031
bound_mass_fraction,with_fof_linking_length,gradient_boosting,"{""learning_rate"": 0.1, ""max_depth"": 3, ""min_samples_leaf"": 2, ""model"": ""gradient_boosting"", ""n_estimators"": 200, ""subsample"": 0.9}",0.8913283799275813,0.02129568600041069,0.030673735724491776,0.8850838420101323,0.026738331361841713,0.021295334609530238,0.0018915434298734503,0.030467572016391314,0.0034871519898647886
bound_mass_fraction,with_fof_linking_length,gradient_boosting,"{""learning_rate"": 0.1, ""max_depth"": 3, ""min_samples_leaf"": 2, ""model"": ""gradient_boosting"", ""n_estimators"": 200, ""subsample"": 1.0}",0.89587551876529,0.021271300421952508,0.03002513896200963,0.8905758759328734,0.01107983083961129,0.021268275005384106,0.0010747599849392254,0.02992997681870601,0.0022956488371606927
bound_mass_fraction,without_fof_linking_length,random_forest,"{""max_depth"": null, ""max_features"": ""sqrt"", ""min_samples_leaf"": 2, ""model"": ""random_forest"", ""n_estimators"": 300}",0.7998924578777076,0.03038384912723815,0.04162366614907391,0.7920832124920004,0.030061437039995094,0.030361894832512996,0.004498706863125503,0.04132127533416697,0.004835018346045563
bound_mass_fraction,without_fof_linking_length,random_forest,"{""max_depth"": null, ""max_features"": 0.8, ""min_samples_leaf"": 2, ""model"": ""random_forest"", ""n_estimators"": 300}",0.8459018323080384,0.020855196671097562,0.03652643930684451,0.8409659445024452,0.03493341071602095,0.02084553229914749,0.004108044986462635,0.036055361775751034,0.00575023353930179
bound_mass_fraction,without_fof_linking_length,random_forest,"{""max_depth"": null, ""max_features"": ""sqrt"", ""min_samples_leaf"": 4, ""model"": ""random_forest"", ""n_estimators"": 300}",0.7182069043797762,0.040153017960424774,0.049393951927627466,0.7047567285263658,0.037598726704640616,0.040138365898429715,0.004062610085335323,0.04917016710769957,0.004553943489084666
bound_mass_fraction,without_fof_linking_length,random_forest,"{""max_depth"": null, ""max_features"": 0.8, ""min_samples_leaf"": 4, ""model"": ""random_forest"", ""n_estimators"": 300}",0.7971665692084258,0.025927990055457532,0.04190620845575271,0.7897246826771755,0.051397973401913974,0.02591687446391524,0.004826608235952953,0.04136535009383581,0.00665761581985033
bound_mass_fraction,without_fof_linking_length,random_forest,"{""max_depth"": 10, ""max_features"": ""sqrt"", ""min_samples_leaf"": 2, ""model"": ""random_forest"", ""n_estimators"": 300}",0.7902191666251697,0.032406760860082665,0.0426178468023625,0.7822893081932545,0.029505949733596017,0.0323828108953245,0.004794060558254641,0.042308080906364724,0.0049518814008372965
bound_mass_fraction,without_fof_linking_length,random_forest,"{""max_depth"": 10, ""max_features"": 0.8, ""min_samples_leaf"": 2, ""model"": ""random_forest"", ""n_estimators"": 300}",0.8437283556043778,0.021016079690178595,0.0367831308247508,0.8386300581767678,0.034995073743634315,0.021006635427591642,0.0039902520994112125,0.03632267445357736,0.005709259404612018
bound_mass_fraction,without_fof_linking_length,random_forest,"{""max_depth"": 10, ""max_features"": ""sqrt"", ""min_samples_leaf"": 4, ""model"": ""random_forest"", ""n_estimators"": 300}",0.7145821792044664,0.040544284602343904,0.04971061586960937,0.7011508703240941,0.03761710571808936,0.04052890752648776,0.004228191735756793,0.04948017829856516,0.004640687213077629
bound_mass_fraction,without_fof_linking_length,random_forest,"{""max_depth"": 10, ""max_features"": 0.8, ""min_samples_leaf"": 4, ""model"": ""random_forest"", ""n_estimators"": 300}",0.797283185354982,0.025885807448929488,0.041894160039599726,0.7899196100573957,0.050946589162408275,0.025874456509594822,0.004785403286629792,0.04135400296611301,0.006649323421592123
bound_mass_fraction,without_fof_linking_length,random_forest,"{""max_depth"": null, ""max_features"": ""sqrt"", ""min_samples_leaf"": 2, ""model"": ""random_forest"", ""n_estimators"": 500}",0.7982000473024606,0.030583692905157688,0.04179931173630048,0.7902958720012707,0.028950715636138886,0.030562267098702002,0.004519887289747122,0.0415063288560178,0.004774464930484057
bound_mass_fraction,without_fof_linking_length,random_forest,"{""max_depth"": null, ""max_features"": 0.8, ""min_samples_leaf"": 2, ""model"": ""random_forest"", ""n_estimators"": 500}",0.8459291939837195,0.020815226975286864,0.03652319634500572,0.840944361122603,0.034731393440177616,0.020806621786239595,0.004052252585232326,0.0360589119442222,0.005710007752746177
bound_mass_fraction,without_fof_linking_length,random_forest,"{""max_depth"": null, ""max_features"": ""sqrt"", ""min_samples_leaf"": 4, ""model"": ""random_forest"", ""n_estimators"": 500}",0.7178096887957843,0.040206262463756054,0.049428752528722475,0.7047536471602799,0.037329457667432724,0.040189783187229086,0.004250887190760405,0.0491892634776005,0.004709303187583862
bound_mass_fraction,without_fof_linking_length,random_forest,"{""max_depth"": null, ""max_features"": 0.8, ""min_samples_leaf"": 4, ""model"": ""random_forest"", ""n_estimators"": 500}",0.7966487406375634,0.02591316548864948,0.04195966709806551,0.7892974666466068,0.054345863491098385,0.025902991147267636,0.004932709220329248,0.04137608601480143,0.0069279535677399
bound_mass_fraction,without_fof_linking_length,random_forest,"{""max_depth"": 10, ""max_features"": ""sqrt"", ""min_samples_leaf"": 2, ""model"": ""random_forest"", ""n_estimators"": 500}",0.7874201317632399,0.03272259629911735,0.04290122246159044,0.7794036854826663,0.0294339833936261,0.03269872219715637,0.00484000275564225,0.04259100220932991,0.00497649984222377
bound_mass_fraction,without_fof_linking_length,random_forest,"{""max_depth"": 10, ""max_features"": 0.8, ""min_samples_leaf"": 2, ""model"": ""random_forest"", ""n_estimators"": 500}",0.8447104582311935,0.020928266600382526,0.036667365274425226,0.8395371849147402,0.034982108087446416,0.020919688612010108,0.003946920369843327,0.036213236803169555,0.005664187282099271
bound_mass_fraction,without_fof_linking_length,random_forest,"{""max_depth"": 10, ""max_features"": ""sqrt"", ""min_samples_leaf"": 4, ""model"": ""random_forest"", ""n_estimators"": 500}",0.7152635626865306,0.04055052553246225,0.04965124285564538,0.7021981573002269,0.03805829163628332,0.04053377939360186,0.004355794051571313,0.04940428053052225,0.004798999569467538
bound_mass_fraction,without_fof_linking_length,random_forest,"{""max_depth"": 10, ""max_features"": 0.8, ""min_samples_leaf"": 4, ""model"": ""random_forest"", ""n_estimators"": 500}",0.7968006904265609,0.02588933093447607,0.04194398744586053,0.7895338334926427,0.05409620135001073,0.02587894723347569,0.004898714661387058,0.04135821341127667,0.006937226696522468
bound_mass_fraction,without_fof_linking_length,gradient_boosting,"{""learning_rate"": 0.05, ""max_depth"": 2, ""min_samples_leaf"": 2, ""model"": ""gradient_boosting"", ""n_estimators"": 100, ""subsample"": 0.9}",0.7234380604260049,0.03903769062996723,0.04893333401283337,0.7133256655512649,0.028548232010820823,0.03901264249720201,0.00494162019176111,0.04861168824771879,0.005368468083752858
bound_mass_fraction,without_fof_linking_length,gradient_boosting,"{""learning_rate"": 0.05, ""max_depth"": 2, ""min_samples_leaf"": 2, ""model"": ""gradient_boosting"", ""n_estimators"": 100, ""subsample"": 1.0}",0.7088890097844643,0.04034676802831183,0.05020395151622087,0.6971436338709406,0.022402074883388773,0.04032402849511561,0.004372830206539765,0.04994848647946244,0.004821408131031155
bound_mass_fraction,without_fof_linking_length,gradient_boosting,"{""learning_rate"": 0.05, ""max_depth"": 3, ""min_samples_leaf"": 2, ""model"": ""gradient_boosting"", ""n_estimators"": 100, ""subsample"": 0.9}",0.8160566167612268,0.02756486939559964,0.0399071474617637,0.8121393204671488,0.046138333010076894,0.027537825107666586,0.005267610867322036,0.03922175893324116,0.007177788511960458
bound_mass_fraction,without_fof_linking_length,gradient_boosting,"{""learning_rate"": 0.05, ""max_depth"": 3, ""min_samples_leaf"": 2, ""model"": ""gradient_boosting"", ""n_estimators"": 100, ""subsample"": 1.0}",0.811035928480126,0.028536081546489792,0.04044810872755645,0.8065242406282328,0.0435818036770287,0.028509928159846987,0.005050393330770077,0.03983595785495954,0.006817440716400881
bound_mass_fraction,without_fof_linking_length,gradient_boosting,"{""learning_rate"": 0.1, ""max_depth"": 2, ""min_samples_leaf"": 2, ""model"": ""gradient_boosting"", ""n_estimators"": 100, ""subsample"": 0.9}",0.7838120762321302,0.03231661496931215,0.04326376551056047,0.7779867578144894,0.04262960557296334,0.0322901306595839,0.00506779763668384,0.04272745673450171,0.006562338971001912
bound_mass_fraction,without_fof_linking_length,gradient_boosting,"{""learning_rate"": 0.1, ""max_depth"": 2, ""min_samples_leaf"": 2, ""model"": ""gradient_boosting"", ""n_estimators"": 100, ""subsample"": 1.0}",0.7696922817208403,0.03341843317356224,0.044654254893129915,0.761223711230872,0.03191874680022096,0.03339427229005075,0.0044009128121628716,0.04430847434435558,0.005299933649567911
bound_mass_fraction,without_fof_linking_length,gradient_boosting,"{""learning_rate"": 0.1, ""max_depth"": 3, ""min_samples_leaf"": 2, ""model"": ""gradient_boosting"", ""n_estimators"": 100, ""subsample"": 0.9}",0.8390467520608578,0.024394828336319844,0.03733004153872485,0.8359342237031899,0.04152504590710389,0.024371770924046986,0.0040194167962683295,0.036674073810826796,0.006761113015260616
bound_mass_fraction,without_fof_linking_length,gradient_boosting,"{""learning_rate"": 0.1, ""max_depth"": 3, ""min_samples_leaf"": 2, ""model"": ""gradient_boosting"", ""n_estimators"": 100, ""subsample"": 1.0}",0.8346194999634333,0.024673920345917907,0.03783996718288444,0.830944372310585,0.040487147541390794,0.024651363270950903,0.0039024851126161554,0.03723043128345296,0.006558261747050506
bound_mass_fraction,without_fof_linking_length,gradient_boosting,"{""learning_rate"": 0.05, ""max_depth"": 2, ""min_samples_leaf"": 2, ""model"": ""gradient_boosting"", ""n_estimators"": 200, ""subsample"": 0.9}",0.783978895541617,0.03221275622821434,0.043247070257244474,0.7779077354114741,0.0397315249466938,0.03218647303272867,0.005143841186384651,0.04274962636724569,0.006321098850961968
bound_mass_fraction,without_fof_linking_length,gradient_boosting,"{""learning_rate"": 0.05, ""max_depth"": 2, ""min_samples_leaf"": 2, ""model"": ""gradient_boosting"", ""n_estimators"": 200, ""subsample"": 1.0}",0.7711973292717471,0.033240152948446074,0.04450810925850517,0.762815333511696,0.02975511774717474,0.03321615416044783,0.004428994107226503,0.04417620896674489,0.005181067869461762
bound_mass_fraction,without_fof_linking_length,gradient_boosting,"{""learning_rate"": 0.05, ""max_depth"": 3, ""min_samples_leaf"": 2, ""model"": ""gradient_boosting"", ""n_estimators"": 200, ""subsample"": 0.9}",0.8381898885413314,0.024182167696324208,0.037429276230558146,0.8348051446610807,0.04211528120859915,0.024160370778709313,0.003772648317101284,0.03677342338670343,0.00677706784376163
bound_mass_fraction,without_fof_linking_length,gradient_boosting,"{""learning_rate"": 0.05, ""max_depth"": 3, ""min_samples_leaf"": 2, ""model"": ""gradient_boosting"", ""n_estimators"": 200, ""subsample"": 1.0}",0.8339139205991125,0.024886506648615764,0.03792060148774838,0.8300800982022606,0.04063869436164117,0.024863784596310147,0.003962215462626699,0.037314587950569626,0.006548875868423261
bound_mass_fraction,without_fof_linking_length,gradient_boosting,"{""learning_rate"": 0.1, ""max_depth"": 2, ""min_samples_leaf"": 2, ""model"": ""gradient_boosting"", ""n_estimators"": 200, ""subsample"": 0.9}",0.8023902553854462,0.029577250821660246,0.041363071353451936,0.7971597004191272,0.04530941170181355,0.029554352161867338,0.004319917923004537,0.04077156025403522,0.0067432763753513805
bound_mass_fraction,without_fof_linking_length,gradient_boosting,"{""learning_rate"": 0.1, ""max_depth"": 2, ""min_samples_leaf"": 2, ""model"": ""gradient_boosting"", ""n_estimators"": 200, ""subsample"": 1.0}",0.7887069191608781,0.031095700403923364,0.04277118063788701,0.7803331051546473,0.04151262584897417,0.031077091917310073,0.004195318957177704,0.04235723467008548,0.005706339142204557
bound_mass_fraction,without_fof_linking_length,gradient_boosting,"{""learning_rate"": 0.1, ""max_depth"": 3, ""min_samples_leaf"": 2, ""model"": ""gradient_boosting"", ""n_estimators"": 200, ""subsample"": 0.9}",0.8416452237665811,0.02389589880043347,0.037027482400788035,0.8372466309180722,0.03592768026951447,0.023874127199216968,0.0040107252999669225,0.03651394498339524,0.005934304904942074
bound_mass_fraction,without_fof_linking_length,gradient_boosting,"{""learning_rate"": 0.1, ""max_depth"": 3, ""min_samples_leaf"": 2, ""model"": ""gradient_boosting"", ""n_estimators"": 200, ""subsample"": 1.0}",0.8390926456793087,0.0238736265625317,0.037324719083766215,0.8341736097674002,0.031767826680768316,0.02385482164030992,0.003270689662075484,0.0368906691600996,0.005459854215783117
