mass_code,mass_value,special_case_code,spin_code,spin_value,spin_axis,has_explicit_spin,resolution_code,resolution_value,periapsis_code,periapsis_value,velocity_code,velocity_value,timestep,rows,unique_simulation_ids,unique_fof_linking_lengths,min_fof_linking_length,max_fof_linking_length,min_largest_fragment_particle_count,max_largest_fragment_particle_count,scenario_label
A2000,2000,,,,,False,n65,65,r11,11,v00,0,90000,9,9,9,0.001,0.008,0,155581,A2000_n65_r11_v00_t90000
A2000,2000,,,,,False,n65,65,r12,12,v00,0,90000,9,9,9,0.001,0.008,0,211562,A2000_n65_r12_v00_t90000
A2000,2000,,,,,False,n65,65,r13,13,v00,0,90000,9,9,9,0.001,0.008,0,215036,A2000_n65_r13_v00_t90000
A2000,2000,,,,,False,n65,65,r14,14,v00,0,90000,9,9,9,0.001,0.008,0,259351,A2000_n65_r14_v00_t90000
A2000,2000,,,,,False,n65,65,r15,15,v00,0,90000,9,9,9,0.001,0.008,0,496150,A2000_n65_r15_v00_t90000
A2000,2000,,,,,False,n65,65,r16,16,v00,0,90000,9,9,9,0.001,0.008,0,774371,A2000_n65_r16_v00_t90000
A2000,2000,,,,,False,n65,65,r17,17,v00,0,90000,9,9,9,0.001,0.008,0,1357324,A2000_n65_r17_v00_t90000
A2000,2000,,,,,False,n65,65,r18,18,v00,0,90000,9,9,9,0.001,0.008,0,2244283,A2000_n65_r18_v00_t90000
A2000,2000,,,,,False,n65,65,r19,19,v00,0,90000,9,9,9,0.001,0.008,0,2642611,A2000_n65_r19_v00_t90000
A2000,2000,,,,,False,n65,65,r20,20,v00,0,90000,9,9,9,0.001,0.008,0,2817034,A2000_n65_r20_v00_t90000
A2000,2000,,,,,False,n65,65,r22,22,v00,0,90000,9,9,9,0.001,0.008,0,3227695,A2000_n65_r22_v00_t90000
A2000,2000,,,,,False,n65,65,r24,24,v00,0,90000,9,9,9,0.001,0.008,0,3227695,A2000_n65_r24_v00_t90000
A1800,1800,,,,,False,n60,60,r12,12,v00,0,90000,5,5,5,0.0001,0.002,0,69353,A1800_n60_r12_v00_t90000
A1800,1800,,,,,False,n60,60,r16,16,v00,0,90000,5,5,5,0.0001,0.002,0,278913,A1800_n60_r16_v00_t90000
A1950,1950,,,,,False,n65,65,r12,12,v00,0,90000,5,5,4,0.002,0.0034,197365,197387,A1950_n65_r12_v00_t90000
A1950,1950,,,,,False,n65,65,r16,16,v00,0,90000,5,5,4,0.002,0.0034,775432,775700,A1950_n65_r16_v00_t90000
A1850,1850,,,,,False,n60,60,r12,12,v00,0,90000,4,4,4,0.0014,0.0024,55215,55225,A1850_n60_r12_v00_t90000
A1850,1850,,,,,False,n60,60,r16,16,v00,0,90000,4,4,4,0.0014,0.0024,210426,210429,A1850_n60_r16_v00_t90000
A2050,2050,,,,,False,n70,70,r12,12,v00,0,90000,3,3,3,0.003,0.005,541511,541559,A2050_n70_r12_v00_t90000
A2050,2050,,,,,False,n70,70,r16,16,v00,0,90000,3,3,3,0.003,0.005,2890146,2960896,A2050_n70_r16_v00_t90000
A2100,2100,,,,,False,n70,70,r12,12,v00,0,90000,3,3,3,0.0044,0.0074,790844,790878,A2100_n70_r12_v00_t90000
A2100,2100,,,,,False,n70,70,r16,16,v00,0,90000,3,3,3,0.0044,0.0074,3921382,3922894,A2100_n70_r16_v00_t90000
A1900,1900,,,,,False,n65,65,r12,12,v00,0,90000,2,2,2,0.0019,0.002,230085,230085,A1900_n65_r12_v00_t90000
A1900,1900,,,,,False,n65,65,r16,16,v00,0,90000,2,2,2,0.0019,0.002,650871,650872,A1900_n65_r16_v00_t90000
A1900,1900,,s030z,30.0,z,True,n65,65,r11,11,v00,0,89000,1,1,1,0.002,0.002,121379,121379,A1900_n65_r11_v00_t89000
A1900,1900,,s047z,47.0,z,True,n65,65,r11,11,v00,0,90000,1,1,1,0.002,0.002,118910,118910,A1900_n65_r11_v00_t90000
A1900,1900,,,,,False,n65,65,r11,11,v00,0,89000,1,1,1,0.002,0.002,231726,231726,A1900_n65_r11_v00_t89000
A1900,1900,,s030mz,30.0,mz,True,n65,65,r12,12,v00,0,89000,1,1,1,0.002,0.002,3162276,3162276,A1900_n65_r12_v00_t89000
A1900,1900,,s030x,30.0,x,True,n65,65,r12,12,v00,0,90000,1,1,1,0.002,0.002,42707,42707,A1900_n65_r12_v00_t90000
A1900,1900,,s030z,30.0,z,True,n65,65,r12,12,v00,0,90000,1,1,1,0.002,0.002,104603,104603,A1900_n65_r12_v00_t90000
A1900,1900,,s035mz,35.0,mz,True,n65,65,r12,12,v00,0,89000,1,1,1,0.002,0.002,3162276,3162276,A1900_n65_r12_v00_t89000
A1900,1900,,s035x,35.0,x,True,n65,65,r12,12,v00,0,90000,1,1,1,0.002,0.002,107955,107955,A1900_n65_r12_v00_t90000
A1900,1900,,s035y,35.0,y,True,n65,65,r12,12,v00,0,90000,1,1,1,0.002,0.002,208166,208166,A1900_n65_r12_v00_t90000
A1900,1900,,s035z,35.0,z,True,n65,65,r12,12,v00,0,90000,1,1,1,0.002,0.002,142194,142194,A1900_n65_r12_v00_t90000
A1900,1900,,s047mz,47.0,mz,True,n65,65,r12,12,v00,0,89000,1,1,1,0.002,0.002,3162280,3162280,A1900_n65_r12_v00_t89000
A1900,1900,,s047x,47.0,x,True,n65,65,r12,12,v00,0,90000,1,1,1,0.002,0.002,242309,242309,A1900_n65_r12_v00_t90000
A1900,1900,,s047y,47.0,y,True,n65,65,r12,12,v00,0,90000,1,1,1,0.002,0.002,188480,188480,A1900_n65_r12_v00_t90000
A1900,1900,,s047z,47.0,z,True,n65,65,r12,12,v00,0,90000,1,1,1,0.002,0.002,120378,120378,A1900_n65_r12_v00_t90000
A1900,1900,,s086mz,86.0,mz,True,n65,65,r12,12,v00,0,90000,1,1,1,0.002,0.002,983549,983549,A1900_n65_r12_v00_t90000
A1900,1900,,s086x,86.0,x,True,n65,65,r12,12,v00,0,90000,1,1,1,0.002,0.002,280253,280253,A1900_n65_r12_v00_t90000
A1900,1900,,s086y,86.0,y,True,n65,65,r12,12,v00,0,89100,1,1,1,0.002,0.002,282647,282647,A1900_n65_r12_v00_t89100
A1900,1900,,s086z,86.0,z,True,n65,65,r12,12,v00,0,90000,1,1,1,0.002,0.002,160362,160362,A1900_n65_r12_v00_t90000
A1900,1900,,s170mz,170.0,mz,True,n65,65,r12,12,v00,0,90000,1,1,1,0.002,0.002,347874,347874,A1900_n65_r12_v00_t90000
A1900,1900,,s170x,170.0,x,True,n65,65,r12,12,v00,0,90000,1,1,1,0.002,0.002,275516,275516,A1900_n65_r12_v00_t90000
A1900,1900,,s170y,170.0,y,True,n65,65,r12,12,v00,0,90000,1,1,1,0.002,0.002,202829,202829,A1900_n65_r12_v00_t90000
A1900,1900,,s170z,170.0,z,True,n65,65,r12,12,v00,0,90000,1,1,1,0.002,0.002,156851,156851,A1900_n65_r12_v00_t90000
A1900,1900,,,,,False,n50,50,r12,12,v00,0,54000,1,1,1,0.006,0.006,6829,6829,A1900_n50_r12_v00_t54000
A1900,1900,,,,,False,n50,50,r12,12,v00,0,56000,1,1,1,0.006,0.006,6909,6909,A1900_n50_r12_v00_t56000
A1900,1900,,,,,False,n50,50,r12,12,v00,0,58000,1,1,1,0.006,0.006,7064,7064,A1900_n50_r12_v00_t58000
A1900,1900,,,,,False,n50,50,r12,12,v00,0,60000,1,1,1,0.006,0.006,8493,8493,A1900_n50_r12_v00_t60000
A1900,1900,,,,,False,n50,50,r12,12,v00,0,62000,1,1,1,0.006,0.006,8491,8491,A1900_n50_r12_v00_t62000
A1900,1900,,,,,False,n50,50,r12,12,v00,0,64000,1,1,1,0.006,0.006,8495,8495,A1900_n50_r12_v00_t64000
A1900,1900,,,,,False,n50,50,r12,12,v00,0,66000,1,1,1,0.006,0.006,8497,8497,A1900_n50_r12_v00_t66000
A1900,1900,,,,,False,n50,50,r12,12,v00,0,68000,1,1,1,0.006,0.006,8703,8703,A1900_n50_r12_v00_t68000
A1900,1900,,,,,False,n50,50,r12,12,v00,0,70000,1,1,1,0.006,0.006,8703,8703,A1900_n50_r12_v00_t70000
A1900,1900,,,,,False,n50,50,r12,12,v00,0,72000,1,1,1,0.006,0.006,8703,8703,A1900_n50_r12_v00_t72000
A1900,1900,,,,,False,n50,50,r12,12,v00,0,90000,1,1,1,0.006,0.006,10370,10370,A1900_n50_r12_v00_t90000
A1900,1900,,,,,False,n55,55,r12,12,v00,0,72000,1,1,1,0.004,0.004,19062,19062,A1900_n55_r12_v00_t72000
A1900,1900,,,,,False,n55,55,r12,12,v00,0,90000,1,1,1,0.004,0.004,28826,28826,A1900_n55_r12_v00_t90000
A1900,1900,,,,,False,n60,60,r12,12,v00,0,72000,1,1,1,0.003,0.003,63886,63886,A1900_n60_r12_v00_t72000
A1900,1900,,,,,False,n60,60,r12,12,v00,0,90000,1,1,1,0.003,0.003,64224,64224,A1900_n60_r12_v00_t90000
A1900,1900,,,,,False,n70,70,r12,12,v00,0,90000,1,1,1,0.001,0.001,522175,522175,A1900_n70_r12_v00_t90000
A1900,1900,,s030z,30.0,z,True,n65,65,r12,12,v02,2,89000,1,1,1,0.002,0.002,87114,87114,A1900_n65_r12_v02_t89000
A1900,1900,,s047z,47.0,z,True,n65,65,r12,12,v02,2,89000,1,1,1,0.002,0.002,113949,113949,A1900_n65_r12_v02_t89000
A1900,1900,,,,,False,n65,65,r12,12,v02,2,90000,1,1,1,0.002,0.002,202858,202858,A1900_n65_r12_v02_t90000
A1900,1900,,s030z,30.0,z,True,n65,65,r12,12,v04,4,90000,1,1,1,0.002,0.002,103818,103818,A1900_n65_r12_v04_t90000
A1900,1900,,s047z,47.0,z,True,n65,65,r12,12,v04,4,90000,1,1,1,0.002,0.002,108764,108764,A1900_n65_r12_v04_t90000
A1900,1900,,,,,False,n65,65,r12,12,v04,4,90000,1,1,1,0.002,0.002,233489,233489,A1900_n65_r12_v04_t90000
A1900,1900,,s030z,30.0,z,True,n65,65,r12,12,v06,6,90000,1,1,1,0.002,0.002,98216,98216,A1900_n65_r12_v06_t90000
A1900,1900,,s047z,47.0,z,True,n65,65,r12,12,v06,6,90000,1,1,1,0.002,0.002,150426,150426,A1900_n65_r12_v06_t90000
A1900,1900,,,,,False,n65,65,r12,12,v06,6,89000,1,1,1,0.002,0.002,263211,263211,A1900_n65_r12_v06_t89000
A1900,1900,,s030z,30.0,z,True,n65,65,r12,12,v08,8,90000,1,1,1,0.002,0.002,110353,110353,A1900_n65_r12_v08_t90000
A1900,1900,,s047z,47.0,z,True,n65,65,r12,12,v08,8,90000,1,1,1,0.002,0.002,116001,116001,A1900_n65_r12_v08_t90000
A1900,1900,,,,,False,n65,65,r12,12,v08,8,90000,1,1,1,0.002,0.002,250293,250293,A1900_n65_r12_v08_t90000
A1900,1900,,s030z,30.0,z,True,n65,65,r12,12,v10,10,89000,1,1,1,0.002,0.002,151598,151598,A1900_n65_r12_v10_t89000
A1900,1900,,s047z,47.0,z,True,n65,65,r12,12,v10,10,89000,1,1,1,0.002,0.002,131608,131608,A1900_n65_r12_v10_t89000
A1900,1900,,,,,False,n65,65,r12,12,v10,10,90000,1,1,1,0.002,0.002,309332,309332,A1900_n65_r12_v10_t90000
A1900,1900,,s030z,30.0,z,True,n65,65,r12,12,v15,15,89000,1,1,1,0.002,0.002,170689,170689,A1900_n65_r12_v15_t89000
A1900,1900,,s047z,47.0,z,True,n65,65,r12,12,v15,15,90000,1,1,1,0.002,0.002,169000,169000,A1900_n65_r12_v15_t90000
A1900,1900,,,,,False,n65,65,r12,12,v15,15,89000,1,1,1,0.002,0.002,626417,626417,A1900_n65_r12_v15_t89000
A1900,1900,,s030z,30.0,z,True,n65,65,r12,12,v20,20,90000,1,1,1,0.002,0.002,156468,156468,A1900_n65_r12_v20_t90000
A1900,1900,,s047z,47.0,z,True,n65,65,r12,12,v20,20,90000,1,1,1,0.002,0.002,225088,225088,A1900_n65_r12_v20_t90000
A1900,1900,,,,,False,n65,65,r12,12,v20,20,89000,1,1,1,0.002,0.002,1517782,1517782,A1900_n65_r12_v20_t89000
A1900,1900,,,,,False,n65,65,r12,12,v25,25,75000,1,1,1,0.002,0.002,1964741,1964741,A1900_n65_r12_v25_t75000
A1900,1900,,,,,False,n65,65,r12,12,v30,30,65000,1,1,1,0.002,0.002,2195315,2195315,A1900_n65_r12_v30_t65000
A1900,1900,,s030z,30.0,z,True,n65,65,r13,13,v00,0,90000,1,1,1,0.002,0.002,81452,81452,A1900_n65_r13_v00_t90000
A1900,1900,,s047z,47.0,z,True,n65,65,r13,13,v00,0,89000,1,1,1,0.002,0.002,121028,121028,A1900_n65_r13_v00_t89000
A1900,1900,,,,,False,n65,65,r13,13,v00,0,90000,1,1,1,0.002,0.002,231952,231952,A1900_n65_r13_v00_t90000
A1900,1900,,s030z,30.0,z,True,n65,65,r14,14,v00,0,89000,1,1,1,0.002,0.002,90409,90409,A1900_n65_r14_v00_t89000
A1900,1900,,s047z,47.0,z,True,n65,65,r14,14,v00,0,90000,1,1,1,0.002,0.002,101685,101685,A1900_n65_r14_v00_t90000
A1900,1900,,,,,False,n65,65,r14,14,v00,0,90000,1,1,1,0.002,0.002,258552,258552,A1900_n65_r14_v00_t90000
A1900,1900,,,,,False,n65,65,r14,14,v02,2,90000,1,1,1,0.002,0.002,352051,352051,A1900_n65_r14_v02_t90000
A1900,1900,,,,,False,n65,65,r14,14,v04,4,89000,1,1,1,0.002,0.002,262043,262043,A1900_n65_r14_v04_t89000
A1900,1900,,,,,False,n65,65,r14,14,v06,6,90000,1,1,1,0.002,0.002,374568,374568,A1900_n65_r14_v06_t90000
A1900,1900,,s030z,30.0,z,True,n65,65,r15,15,v00,0,90000,1,1,1,0.002,0.002,103230,103230,A1900_n65_r15_v00_t90000
A1900,1900,,s047z,47.0,z,True,n65,65,r15,15,v00,0,90000,1,1,1,0.002,0.002,98692,98692,A1900_n65_r15_v00_t90000
A1900,1900,,,,,False,n65,65,r15,15,v00,0,90000,1,1,1,0.002,0.002,315222,315222,A1900_n65_r15_v00_t90000
A1900,1900,,s030z,30.0,z,True,n65,65,r16,16,v00,0,90000,1,1,1,0.002,0.002,105035,105035,A1900_n65_r16_v00_t90000
A1900,1900,,s035z,35.0,z,True,n65,65,r16,16,v00,0,90000,1,1,1,0.002,0.002,117180,117180,A1900_n65_r16_v00_t90000
A1900,1900,,s047z,47.0,z,True,n65,65,r16,16,v00,0,90000,1,1,1,0.002,0.002,111566,111566,A1900_n65_r16_v00_t90000
A1900,1900,,s086z,86.0,z,True,n65,65,r16,16,v00,0,90000,1,1,1,0.002,0.002,190988,190988,A1900_n65_r16_v00_t90000
A1900,1900,,s170z,170.0,z,True,n65,65,r16,16,v00,0,90000,1,1,1,0.002,0.002,294286,294286,A1900_n65_r16_v00_t90000
A1900,1900,,,,,False,n50,50,r16,16,v00,0,72000,1,1,1,0.006,0.006,38061,38061,A1900_n50_r16_v00_t72000
A1900,1900,,,,,False,n50,50,r16,16,v00,0,90000,1,1,1,0.006,0.006,45734,45734,A1900_n50_r16_v00_t90000
A1900,1900,,,,,False,n55,55,r16,16,v00,0,72000,1,1,1,0.004,0.004,89819,89819,A1900_n55_r16_v00_t72000
A1900,1900,,,,,False,n55,55,r16,16,v00,0,90000,1,1,1,0.004,0.004,90645,90645,A1900_n55_r16_v00_t90000
A1900,1900,,,,,False,n60,60,r16,16,v00,0,72000,1,1,1,0.003,0.003,263006,263006,A1900_n60_r16_v00_t72000
A1900,1900,,,,,False,n60,60,r16,16,v00,0,90000,1,1,1,0.003,0.003,264980,264980,A1900_n60_r16_v00_t90000
A1900,1900,,,,,False,n70,70,r16,16,v00,0,89000,1,1,1,0.001,0.001,2033819,2033819,A1900_n70_r16_v00_t89000
A1900,1900,,s030z,30.0,z,True,n65,65,r16,16,v02,2,90000,1,1,1,0.002,0.002,105501,105501,A1900_n65_r16_v02_t90000
A1900,1900,,s047z,47.0,z,True,n65,65,r16,16,v02,2,89000,1,1,1,0.002,0.002,138582,138582,A1900_n65_r16_v02_t89000
A1900,1900,,,,,False,n65,65,r16,16,v02,2,90000,1,1,1,0.002,0.002,678794,678794,A1900_n65_r16_v02_t90000
A1900,1900,,s030z,30.0,z,True,n65,65,r16,16,v04,4,90000,1,1,1,0.002,0.002,91077,91077,A1900_n65_r16_v04_t90000
A1900,1900,,s047z,47.0,z,True,n65,65,r16,16,v04,4,90000,1,1,1,0.002,0.002,130158,130158,A1900_n65_r16_v04_t90000
A1900,1900,,,,,False,n65,65,r16,16,v04,4,90000,1,1,1,0.002,0.002,659949,659949,A1900_n65_r16_v04_t90000
A1900,1900,,s030z,30.0,z,True,n65,65,r16,16,v06,6,89000,1,1,1,0.002,0.002,106353,106353,A1900_n65_r16_v06_t89000
A1900,1900,,s047z,47.0,z,True,n65,65,r16,16,v06,6,90000,1,1,1,0.002,0.002,127310,127310,A1900_n65_r16_v06_t90000
A1900,1900,,,,,False,n65,65,r16,16,v06,6,89000,1,1,1,0.002,0.002,676829,676829,A1900_n65_r16_v06_t89000
A1900,1900,,s030z,30.0,z,True,n65,65,r17,17,v00,0,90000,1,1,1,0.002,0.002,120172,120172,A1900_n65_r17_v00_t90000
A1900,1900,,s047z,47.0,z,True,n65,65,r17,17,v00,0,90000,1,1,1,0.002,0.002,127425,127425,A1900_n65_r17_v00_t90000
A1900,1900,,,,,False,n65,65,r17,17,v00,0,90000,1,1,1,0.002,0.002,990044,990044,A1900_n65_r17_v00_t90000
A1900,1900,,s030z,30.0,z,True,n65,65,r18,18,v00,0,89000,1,1,1,0.002,0.002,100014,100014,A1900_n65_r18_v00_t89000
A1900,1900,,s047z,47.0,z,True,n65,65,r18,18,v00,0,89000,1,1,1,0.002,0.002,153070,153070,A1900_n65_r18_v00_t89000
A1900,1900,,,,,False,n65,65,r18,18,v00,0,90000,1,1,1,0.002,0.002,2418669,2418669,A1900_n65_r18_v00_t90000
A1900,1900,,,,,False,n65,65,r18,18,v02,2,90000,1,1,1,0.002,0.002,2379761,2379761,A1900_n65_r18_v02_t90000
A1900,1900,,,,,False,n65,65,r18,18,v04,4,90000,1,1,1,0.002,0.002,2367365,2367365,A1900_n65_r18_v04_t90000
A1900,1900,,,,,False,n65,65,r18,18,v06,6,89000,1,1,1,0.002,0.002,2246217,2246217,A1900_n65_r18_v06_t89000
A1900,1900,,s030z,30.0,z,True,n65,65,r19,19,v00,0,90000,1,1,1,0.002,0.002,127765,127765,A1900_n65_r19_v00_t90000
A1900,1900,,s047z,47.0,z,True,n65,65,r19,19,v00,0,89000,1,1,1,0.002,0.002,284818,284818,A1900_n65_r19_v00_t89000
A1900,1900,,,,,False,n65,65,r19,19,v00,0,90000,1,1,1,0.002,0.002,2129090,2129090,A1900_n65_r19_v00_t90000
A1900,1900,,s030z,30.0,z,True,n65,65,r20,20,v00,0,90000,1,1,1,0.002,0.002,127343,127343,A1900_n65_r20_v00_t90000
A1900,1900,,s035z,35.0,z,True,n65,65,r20,20,v00,0,90000,1,1,1,0.002,0.002,140898,140898,A1900_n65_r20_v00_t90000
A1900,1900,,s047z,47.0,z,True,n65,65,r20,20,v00,0,90000,1,1,1,0.002,0.002,652341,652341,A1900_n65_r20_v00_t90000
A1900,1900,,s086z,86.0,z,True,n65,65,r20,20,v00,0,89000,1,1,1,0.002,0.002,2402965,2402965,A1900_n65_r20_v00_t89000
A1900,1900,,s170z,170.0,z,True,n65,65,r20,20,v00,0,89000,1,1,1,0.002,0.002,2747288,2747288,A1900_n65_r20_v00_t89000
A1900,1900,,,,,False,n65,65,r20,20,v00,0,89000,1,1,1,0.002,0.002,2918585,2918585,A1900_n65_r20_v00_t89000
A1900,1900,,s030z,30.0,z,True,n65,65,r20,20,v02,2,90000,1,1,1,0.002,0.002,124864,124864,A1900_n65_r20_v02_t90000
A1900,1900,,s047z,47.0,z,True,n65,65,r20,20,v02,2,90000,1,1,1,0.002,0.002,601886,601886,A1900_n65_r20_v02_t90000
A1900,1900,,,,,False,n65,65,r20,20,v02,2,89000,1,1,1,0.002,0.002,2947334,2947334,A1900_n65_r20_v02_t89000
A1900,1900,,s030z,30.0,z,True,n65,65,r20,20,v04,4,90000,1,1,1,0.002,0.002,113140,113140,A1900_n65_r20_v04_t90000
A1900,1900,,s047z,47.0,z,True,n65,65,r20,20,v04,4,90000,1,1,1,0.002,0.002,722623,722623,A1900_n65_r20_v04_t90000
A1900,1900,,,,,False,n65,65,r20,20,v04,4,89000,1,1,1,0.002,0.002,2986289,2986289,A1900_n65_r20_v04_t89000
A1900,1900,,s030z,30.0,z,True,n65,65,r20,20,v06,6,89000,1,1,1,0.002,0.002,123093,123093,A1900_n65_r20_v06_t89000
A1900,1900,,s047z,47.0,z,True,n65,65,r20,20,v06,6,90000,1,1,1,0.002,0.002,733883,733883,A1900_n65_r20_v06_t90000
A1900,1900,,,,,False,n65,65,r20,20,v06,6,90000,1,1,1,0.002,0.002,3026573,3026573,A1900_n65_r20_v06_t90000
A1900,1900,,s030z,30.0,z,True,n65,65,r22,22,v00,0,90000,1,1,1,0.002,0.002,159640,159640,A1900_n65_r22_v00_t90000
A1900,1900,,s047z,47.0,z,True,n65,65,r22,22,v00,0,90000,1,1,1,0.002,0.002,2321572,2321572,A1900_n65_r22_v00_t90000
A1900,1900,,,,,False,n65,65,r22,22,v00,0,89000,1,1,1,0.002,0.002,3227694,3227694,A1900_n65_r22_v00_t89000
A1900,1900,,s030z,30.0,z,True,n65,65,r24,24,v00,0,89000,1,1,1,0.002,0.002,429146,429146,A1900_n65_r24_v00_t89000
A1900,1900,,s047z,47.0,z,True,n65,65,r24,24,v00,0,90000,1,1,1,0.002,0.002,3082655,3082655,A1900_n65_r24_v00_t90000
A1900,1900,,,,,False,n65,65,r24,24,v00,0,89000,1,1,1,0.002,0.002,3227694,3227694,A1900_n65_r24_v00_t89000
A1900,1900,,s030z,30.0,z,True,n65,65,r26,26,v00,0,89000,1,1,1,0.002,0.002,1218010,1218010,A1900_n65_r26_v00_t89000
A1900,1900,,s047z,47.0,z,True,n65,65,r26,26,v00,0,89000,1,1,1,0.002,0.002,3162280,3162280,A1900_n65_r26_v00_t89000
A1900,1900,,,,,False,n65,65,r26,26,v00,0,90000,1,1,1,0.002,0.002,3227694,3227694,A1900_n65_r26_v00_t90000
A2000,2000,,s030z,30.0,z,True,n65,65,r11,11,v00,0,90000,1,1,1,0.004,0.004,77623,77623,A2000_n65_r11_v00_t90000
A2000,2000,,s047z,47.0,z,True,n65,65,r11,11,v00,0,90000,1,1,1,0.004,0.004,109926,109926,A2000_n65_r11_v00_t90000
A2000,2000,,s030mz,30.0,mz,True,n65,65,r12,12,v00,0,90000,1,1,1,0.004,0.004,3162277,3162277,A2000_n65_r12_v00_t90000
A2000,2000,,s030x,30.0,x,True,n65,65,r12,12,v00,0,90000,1,1,1,0.004,0.004,43582,43582,A2000_n65_r12_v00_t90000
A2000,2000,,s030y,30.0,y,True,n65,65,r12,12,v00,0,90000,1,1,1,0.004,0.004,200567,200567,A2000_n65_r12_v00_t90000
A2000,2000,,s030z,30.0,z,True,n65,65,r12,12,v00,0,90000,1,1,1,0.004,0.004,100304,100304,A2000_n65_r12_v00_t90000
A2000,2000,,s036mz,36.0,mz,True,n65,65,r12,12,v00,0,90000,1,1,1,0.004,0.004,3162274,3162274,A2000_n65_r12_v00_t90000
A2000,2000,,s036x,36.0,x,True,n65,65,r12,12,v00,0,90000,1,1,1,0.004,0.004,140749,140749,A2000_n65_r12_v00_t90000
A2000,2000,,s036y,36.0,y,True,n65,65,r12,12,v00,0,90000,1,1,1,0.004,0.004,130038,130038,A2000_n65_r12_v00_t90000
A2000,2000,,s036z,36.0,z,True,n65,65,r12,12,v00,0,90000,1,1,1,0.004,0.004,92447,92447,A2000_n65_r12_v00_t90000
A2000,2000,,s047mz,47.0,mz,True,n65,65,r12,12,v00,0,90000,1,1,1,0.004,0.004,3035762,3035762,A2000_n65_r12_v00_t90000
A2000,2000,,s047x,47.0,x,True,n65,65,r12,12,v00,0,90000,1,1,1,0.004,0.004,180941,180941,A2000_n65_r12_v00_t90000
A2000,2000,,s047y,47.0,y,True,n65,65,r12,12,v00,0,90000,1,1,1,0.004,0.004,163786,163786,A2000_n65_r12_v00_t90000
A2000,2000,,s047z,47.0,z,True,n65,65,r12,12,v00,0,90000,1,1,1,0.004,0.004,119613,119613,A2000_n65_r12_v00_t90000
A2000,2000,,s086mz,86.0,mz,True,n65,65,r12,12,v00,0,90000,1,1,1,0.004,0.004,1187253,1187253,A2000_n65_r12_v00_t90000
A2000,2000,,s086x,86.0,x,True,n65,65,r12,12,v00,0,90000,1,1,1,0.004,0.004,263448,263448,A2000_n65_r12_v00_t90000
A2000,2000,,s086y,86.0,y,True,n65,65,r12,12,v00,0,90000,1,1,1,0.004,0.004,288381,288381,A2000_n65_r12_v00_t90000
A2000,2000,,s086z,86.0,z,True,n65,65,r12,12,v00,0,90000,1,1,1,0.004,0.004,110565,110565,A2000_n65_r12_v00_t90000
A2000,2000,,s170mz,170.0,mz,True,n65,65,r12,12,v00,0,90000,1,1,1,0.004,0.004,442695,442695,A2000_n65_r12_v00_t90000
A2000,2000,,s170x,170.0,x,True,n65,65,r12,12,v00,0,90000,1,1,1,0.004,0.004,251897,251897,A2000_n65_r12_v00_t90000
A2000,2000,,s170y,170.0,y,True,n65,65,r12,12,v00,0,90000,1,1,1,0.004,0.004,304486,304486,A2000_n65_r12_v00_t90000
A2000,2000,,s170z,170.0,z,True,n65,65,r12,12,v00,0,90000,1,1,1,0.004,0.004,176296,176296,A2000_n65_r12_v00_t90000
A2000,2000,,,,,False,n50,50,r12,12,v00,0,90000,1,1,1,0.0126,0.0126,10630,10630,A2000_n50_r12_v00_t90000
A2000,2000,,,,,False,n55,55,r12,12,v00,0,90000,1,1,1,0.0086,0.0086,29668,29668,A2000_n55_r12_v00_t90000
A2000,2000,,,,,False,n60,60,r12,12,v00,0,90000,1,1,1,0.0059,0.0059,79310,79310,A2000_n60_r12_v00_t90000
A2000,2000,,,,,False,n65,65,r12,12,v00,0,66000,1,1,1,0.004,0.004,989636,989636,A2000_n65_r12_v00_t66000
A2000,2000,,,,,False,n65,65,r12,12,v00,0,72000,1,1,1,0.004,0.004,278224,278224,A2000_n65_r12_v00_t72000
A2000,2000,,,,,False,n65,65,r12,12,v00,0,78000,1,1,1,0.004,0.004,175060,175060,A2000_n65_r12_v00_t78000
A2000,2000,,,,,False,n65,65,r12,12,v00,0,84000,1,1,1,0.004,0.004,209096,209096,A2000_n65_r12_v00_t84000
A2000,2000,,,,,False,n65,65,r12,12,v00,0,96000,1,1,1,0.004,0.004,214481,214481,A2000_n65_r12_v00_t96000
A2000,2000,,,,,False,n65,65,r12,12,v00,0,102000,1,1,1,0.004,0.004,214838,214838,A2000_n65_r12_v00_t102000
A2000,2000,,,,,False,n65,65,r12,12,v00,0,108000,1,1,1,0.004,0.004,214605,214605,A2000_n65_r12_v00_t108000
A2000,2000,,s030z,30.0,z,True,n65,65,r12,12,v02,2,90000,1,1,1,0.004,0.004,100750,100750,A2000_n65_r12_v02_t90000
A2000,2000,,s047z,47.0,z,True,n65,65,r12,12,v02,2,90000,1,1,1,0.004,0.004,107805,107805,A2000_n65_r12_v02_t90000
A2000,2000,,,,,False,n65,65,r12,12,v02,2,90000,1,1,1,0.004,0.004,177400,177400,A2000_n65_r12_v02_t90000
A2000,2000,,s030z,30.0,z,True,n65,65,r12,12,v04,4,90000,1,1,1,0.004,0.004,117156,117156,A2000_n65_r12_v04_t90000
A2000,2000,,s047z,47.0,z,True,n65,65,r12,12,v04,4,90000,1,1,1,0.004,0.004,104111,104111,A2000_n65_r12_v04_t90000
A2000,2000,,,,,False,n65,65,r12,12,v04,4,90000,1,1,1,0.004,0.004,255232,255232,A2000_n65_r12_v04_t90000
A2000,2000,,s030z,30.0,z,True,n65,65,r12,12,v06,6,90000,1,1,1,0.004,0.004,91623,91623,A2000_n65_r12_v06_t90000
A2000,2000,,s047z,47.0,z,True,n65,65,r12,12,v06,6,90000,1,1,1,0.004,0.004,115639,115639,A2000_n65_r12_v06_t90000
A2000,2000,,,,,False,n65,65,r12,12,v06,6,90000,1,1,1,0.004,0.004,267899,267899,A2000_n65_r12_v06_t90000
A2000,2000,,s030z,30.0,z,True,n65,65,r12,12,v08,8,90000,1,1,1,0.004,0.004,97945,97945,A2000_n65_r12_v08_t90000
A2000,2000,,s047z,47.0,z,True,n65,65,r12,12,v08,8,90000,1,1,1,0.004,0.004,137583,137583,A2000_n65_r12_v08_t90000
A2000,2000,,,,,False,n65,65,r12,12,v08,8,90000,1,1,1,0.004,0.004,278860,278860,A2000_n65_r12_v08_t90000
A2000,2000,,s030z,30.0,z,True,n65,65,r12,12,v10,10,90000,1,1,1,0.004,0.004,114081,114081,A2000_n65_r12_v10_t90000
A2000,2000,,s047z,47.0,z,True,n65,65,r12,12,v10,10,90000,1,1,1,0.004,0.004,148991,148991,A2000_n65_r12_v10_t90000
A2000,2000,,,,,False,n65,65,r12,12,v10,10,90000,1,1,1,0.004,0.004,345039,345039,A2000_n65_r12_v10_t90000
A2000,2000,,s030z,30.0,z,True,n65,65,r12,12,v12,12,90000,1,1,1,0.004,0.004,101422,101422,A2000_n65_r12_v12_t90000
A2000,2000,,s047z,47.0,z,True,n65,65,r12,12,v12,12,90000,1,1,1,0.004,0.004,117262,117262,A2000_n65_r12_v12_t90000
A2000,2000,,,,,False,n65,65,r12,12,v12,12,90000,1,1,1,0.004,0.004,353250,353250,A2000_n65_r12_v12_t90000
A2000,2000,,s030z,30.0,z,True,n65,65,r12,12,v14,14,90000,1,1,1,0.004,0.004,119361,119361,A2000_n65_r12_v14_t90000
A2000,2000,,s047z,47.0,z,True,n65,65,r12,12,v14,14,90000,1,1,1,0.004,0.004,140821,140821,A2000_n65_r12_v14_t90000
A2000,2000,,,,,False,n65,65,r12,12,v14,14,90000,1,1,1,0.004,0.004,756809,756809,A2000_n65_r12_v14_t90000
A2000,2000,,s030z,30.0,z,True,n65,65,r12,12,v16,16,90000,1,1,1,0.004,0.004,114343,114343,A2000_n65_r12_v16_t90000
A2000,2000,,s047z,47.0,z,True,n65,65,r12,12,v16,16,90000,1,1,1,0.004,0.004,166789,166789,A2000_n65_r12_v16_t90000
A2000,2000,,,,,False,n65,65,r12,12,v16,16,90000,1,1,1,0.004,0.004,701086,701086,A2000_n65_r12_v16_t90000
A2000,2000,,s030z,30.0,z,True,n65,65,r13,13,v00,0,90000,1,1,1,0.004,0.004,89650,89650,A2000_n65_r13_v00_t90000
A2000,2000,,s047z,47.0,z,True,n65,65,r13,13,v00,0,90000,1,1,1,0.004,0.004,109379,109379,A2000_n65_r13_v00_t90000
A2000,2000,,s030z,30.0,z,True,n65,65,r14,14,v00,0,90000,1,1,1,0.004,0.004,93045,93045,A2000_n65_r14_v00_t90000
A2000,2000,,s047z,47.0,z,True,n65,65,r14,14,v00,0,90000,1,1,1,0.004,0.004,92021,92021,A2000_n65_r14_v00_t90000
A2000,2000,,,,,False,n50,50,r14,14,v00,0,90000,1,1,1,0.0126,0.0126,15068,15068,A2000_n50_r14_v00_t90000
A2000,2000,,,,,False,n55,55,r14,14,v00,0,90000,1,1,1,0.0086,0.0086,40033,40033,A2000_n55_r14_v00_t90000
A2000,2000,,,,,False,n60,60,r14,14,v00,0,90000,1,1,1,0.0059,0.0059,105973,105973,A2000_n60_r14_v00_t90000
A2000,2000,,,,,False,n65,65,r14,14,v02,2,90000,1,1,1,0.004,0.004,355594,355594,A2000_n65_r14_v02_t90000
A2000,2000,,,,,False,n65,65,r14,14,v04,4,90000,1,1,1,0.004,0.004,262338,262338,A2000_n65_r14_v04_t90000
A2000,2000,,,,,False,n65,65,r14,14,v06,6,90000,1,1,1,0.004,0.004,444062,444062,A2000_n65_r14_v06_t90000
A2000,2000,,,,,False,n65,65,r14,14,v08,8,90000,1,1,1,0.004,0.004,520557,520557,A2000_n65_r14_v08_t90000
A2000,2000,,,,,False,n65,65,r14,14,v10,10,90000,1,1,1,0.004,0.004,723756,723756,A2000_n65_r14_v10_t90000
A2000,2000,,s030z,30.0,z,True,n65,65,r15,15,v00,0,90000,1,1,1,0.004,0.004,100288,100288,A2000_n65_r15_v00_t90000
A2000,2000,,s047z,47.0,z,True,n65,65,r15,15,v00,0,90000,1,1,1,0.004,0.004,142221,142221,A2000_n65_r15_v00_t90000
A2000,2000,,s030x,30.0,x,True,n65,65,r16,16,v00,0,90000,1,1,1,0.004,0.004,733259,733259,A2000_n65_r16_v00_t90000
A2000,2000,,s030y,30.0,y,True,n65,65,r16,16,v00,0,90000,1,1,1,0.004,0.004,175960,175960,A2000_n65_r16_v00_t90000
A2000,2000,,s030z,30.0,z,True,n65,65,r16,16,v00,0,66000,1,1,1,0.004,0.004,72968,72968,A2000_n65_r16_v00_t66000
A2000,2000,,s030z,30.0,z,True,n65,65,r16,16,v00,0,72000,1,1,1,0.004,0.004,73988,73988,A2000_n65_r16_v00_t72000
A2000,2000,,s030z,30.0,z,True,n65,65,r16,16,v00,0,78000,1,1,1,0.004,0.004,74736,74736,A2000_n65_r16_v00_t78000
A2000,2000,,s030z,30.0,z,True,n65,65,r16,16,v00,0,84000,1,1,1,0.004,0.004,101667,101667,A2000_n65_r16_v00_t84000
A2000,2000,,s030z,30.0,z,True,n65,65,r16,16,v00,0,90000,1,1,1,0.004,0.004,101631,101631,A2000_n65_r16_v00_t90000
A2000,2000,,s030z,30.0,z,True,n65,65,r16,16,v00,0,96000,1,1,1,0.004,0.004,101685,101685,A2000_n65_r16_v00_t96000
A2000,2000,,s030z,30.0,z,True,n65,65,r16,16,v00,0,102000,1,1,1,0.004,0.004,101798,101798,A2000_n65_r16_v00_t102000
A2000,2000,,s030z,30.0,z,True,n65,65,r16,16,v00,0,108000,1,1,1,0.004,0.004,109304,109304,A2000_n65_r16_v00_t108000
A2000,2000,,s036x,36.0,x,True,n65,65,r16,16,v00,0,90000,1,1,1,0.004,0.004,804681,804681,A2000_n65_r16_v00_t90000
A2000,2000,,s036y,36.0,y,True,n65,65,r16,16,v00,0,90000,1,1,1,0.004,0.004,304257,304257,A2000_n65_r16_v00_t90000
A2000,2000,,s036z,36.0,z,True,n65,65,r16,16,v00,0,90000,1,1,1,0.004,0.004,114985,114985,A2000_n65_r16_v00_t90000
A2000,2000,,s047mz,47.0,mz,True,n65,65,r16,16,v00,0,90000,1,1,1,0.004,0.004,3162278,3162278,A2000_n65_r16_v00_t90000
A2000,2000,,s047x,47.0,x,True,n65,65,r16,16,v00,0,90000,1,1,1,0.004,0.004,580980,580980,A2000_n65_r16_v00_t90000
A2000,2000,,s047y,47.0,y,True,n65,65,r16,16,v00,0,90000,1,1,1,0.004,0.004,541917,541917,A2000_n65_r16_v00_t90000
A2000,2000,,s047z,47.0,z,True,n65,65,r16,16,v00,0,66000,1,1,1,0.004,0.004,221323,221323,A2000_n65_r16_v00_t66000
A2000,2000,,s047z,47.0,z,True,n65,65,r16,16,v00,0,72000,1,1,1,0.004,0.004,94953,94953,A2000_n65_r16_v00_t72000
A2000,2000,,s047z,47.0,z,True,n65,65,r16,16,v00,0,78000,1,1,1,0.004,0.004,95678,95678,A2000_n65_r16_v00_t78000
A2000,2000,,s047z,47.0,z,True,n65,65,r16,16,v00,0,84000,1,1,1,0.004,0.004,96294,96294,A2000_n65_r16_v00_t84000
A2000,2000,,s047z,47.0,z,True,n65,65,r16,16,v00,0,90000,1,1,1,0.004,0.004,97171,97171,A2000_n65_r16_v00_t90000
A2000,2000,,s047z,47.0,z,True,n65,65,r16,16,v00,0,96000,1,1,1,0.004,0.004,136802,136802,A2000_n65_r16_v00_t96000
A2000,2000,,s047z,47.0,z,True,n65,65,r16,16,v00,0,102000,1,1,1,0.004,0.004,137608,137608,A2000_n65_r16_v00_t102000
A2000,2000,,s047z,47.0,z,True,n65,65,r16,16,v00,0,108000,1,1,1,0.004,0.004,152187,152187,A2000_n65_r16_v00_t108000
A2000,2000,,s086mz,86.0,mz,True,n65,65,r16,16,v00,0,90000,1,1,1,0.004,0.004,2265213,2265213,A2000_n65_r16_v00_t90000
A2000,2000,,s086x,86.0,x,True,n65,65,r16,16,v00,0,90000,1,1,1,0.004,0.004,944855,944855,A2000_n65_r16_v00_t90000
A2000,2000,,s086y,86.0,y,True,n65,65,r16,16,v00,0,90000,1,1,1,0.004,0.004,623540,623540,A2000_n65_r16_v00_t90000
A2000,2000,,s086z,86.0,z,True,n65,65,r16,16,v00,0,90000,1,1,1,0.004,0.004,187162,187162,A2000_n65_r16_v00_t90000
A2000,2000,,s170mz,170.0,mz,True,n65,65,r16,16,v00,0,90000,1,1,1,0.004,0.004,1892049,1892049,A2000_n65_r16_v00_t90000
A2000,2000,,s170x,170.0,x,True,n65,65,r16,16,v00,0,90000,1,1,1,0.004,0.004,759994,759994,A2000_n65_r16_v00_t90000
A2000,2000,,s170y,170.0,y,True,n65,65,r16,16,v00,0,90000,1,1,1,0.004,0.004,685234,685234,A2000_n65_r16_v00_t90000
A2000,2000,,s170z,170.0,z,True,n65,65,r16,16,v00,0,90000,1,1,1,0.004,0.004,396758,396758,A2000_n65_r16_v00_t90000
A2000,2000,,,,,False,n50,50,r16,16,v00,0,90000,1,1,1,0.0126,0.0126,36883,36883,A2000_n50_r16_v00_t90000
A2000,2000,,,,,False,n55,55,r16,16,v00,0,90000,1,1,1,0.0086,0.0086,103736,103736,A2000_n55_r16_v00_t90000
A2000,2000,,,,,False,n60,60,r16,16,v00,0,90000,1,1,1,0.0059,0.0059,276815,276815,A2000_n60_r16_v00_t90000
A2000,2000,,,,,False,n65,65,r16,16,v00,0,66000,1,1,1,0.004,0.004,2360703,2360703,A2000_n65_r16_v00_t66000
A2000,2000,,,,,False,n65,65,r16,16,v00,0,72000,1,1,1,0.004,0.004,2041944,2041944,A2000_n65_r16_v00_t72000
A2000,2000,,,,,False,n65,65,r16,16,v00,0,78000,1,1,1,0.004,0.004,770641,770641,A2000_n65_r16_v00_t78000
A2000,2000,,,,,False,n65,65,r16,16,v00,0,84000,1,1,1,0.004,0.004,771014,771014,A2000_n65_r16_v00_t84000
A2000,2000,,,,,False,n65,65,r16,16,v00,0,96000,1,1,1,0.004,0.004,774886,774886,A2000_n65_r16_v00_t96000
A2000,2000,,,,,False,n65,65,r16,16,v00,0,102000,1,1,1,0.004,0.004,777261,777261,A2000_n65_r16_v00_t102000
A2000,2000,,,,,False,n65,65,r16,16,v00,0,108000,1,1,1,0.004,0.004,777434,777434,A2000_n65_r16_v00_t108000
A2000,2000,,s030z,30.0,z,True,n65,65,r16,16,v02,2,90000,1,1,1,0.004,0.004,92826,92826,A2000_n65_r16_v02_t90000
A2000,2000,,s047z,47.0,z,True,n65,65,r16,16,v02,2,90000,1,1,1,0.004,0.004,134887,134887,A2000_n65_r16_v02_t90000
A2000,2000,,,,,False,n65,65,r16,16,v02,2,90000,1,1,1,0.004,0.004,823009,823009,A2000_n65_r16_v02_t90000
A2000,2000,,s047z,47.0,z,True,n65,65,r16,16,v04,4,90000,1,1,1,0.004,0.004,131286,131286,A2000_n65_r16_v04_t90000
A2000,2000,,,,,False,n65,65,r16,16,v04,4,90000,1,1,1,0.004,0.004,924840,924840,A2000_n65_r16_v04_t90000
A2000,2000,,s030x,30.0,x,True,n65,65,r16,16,v06,6,90000,1,1,1,0.004,0.004,748842,748842,A2000_n65_r16_v06_t90000
A2000,2000,,s030y,30.0,y,True,n65,65,r16,16,v06,6,90000,1,1,1,0.004,0.004,375918,375918,A2000_n65_r16_v06_t90000
A2000,2000,,s030z,30.0,z,True,n65,65,r16,16,v06,6,90000,1,1,1,0.004,0.004,109924,109924,A2000_n65_r16_v06_t90000
A2000,2000,,s036x,36.0,x,True,n65,65,r16,16,v06,6,90000,1,1,1,0.004,0.004,1010775,1010775,A2000_n65_r16_v06_t90000
A2000,2000,,s036y,36.0,y,True,n65,65,r16,16,v06,6,90000,1,1,1,0.004,0.004,528023,528023,A2000_n65_r16_v06_t90000
A2000,2000,,s036z,36.0,z,True,n65,65,r16,16,v06,6,90000,1,1,1,0.004,0.004,105301,105301,A2000_n65_r16_v06_t90000
A2000,2000,,s047mz,47.0,mz,True,n65,65,r16,16,v06,6,90000,1,1,1,0.004,0.004,3162278,3162278,A2000_n65_r16_v06_t90000
A2000,2000,,s047x,47.0,x,True,n65,65,r16,16,v06,6,90000,1,1,1,0.004,0.004,1068478,1068478,A2000_n65_r16_v06_t90000
A2000,2000,,s047y,47.0,y,True,n65,65,r16,16,v06,6,90000,1,1,1,0.004,0.004,820363,820363,A2000_n65_r16_v06_t90000
A2000,2000,,s047z,47.0,z,True,n65,65,r16,16,v06,6,90000,1,1,1,0.004,0.004,131216,131216,A2000_n65_r16_v06_t90000
A2000,2000,,s086mz,86.0,mz,True,n65,65,r16,16,v06,6,90000,1,1,1,0.004,0.004,2104750,2104750,A2000_n65_r16_v06_t90000
A2000,2000,,s086x,86.0,x,True,n65,65,r16,16,v06,6,90000,1,1,1,0.004,0.004,981280,981280,A2000_n65_r16_v06_t90000
A2000,2000,,s086y,86.0,y,True,n65,65,r16,16,v06,6,90000,1,1,1,0.004,0.004,1163116,1163116,A2000_n65_r16_v06_t90000
A2000,2000,,s086z,86.0,z,True,n65,65,r16,16,v06,6,90000,1,1,1,0.004,0.004,232507,232507,A2000_n65_r16_v06_t90000
A2000,2000,,s170mz,170.0,mz,True,n65,65,r16,16,v06,6,90000,1,1,1,0.004,0.004,2171220,2171220,A2000_n65_r16_v06_t90000
A2000,2000,,s170x,170.0,x,True,n65,65,r16,16,v06,6,90000,1,1,1,0.004,0.004,1097119,1097119,A2000_n65_r16_v06_t90000
A2000,2000,,s170y,170.0,y,True,n65,65,r16,16,v06,6,90000,1,1,1,0.004,0.004,971610,971610,A2000_n65_r16_v06_t90000
A2000,2000,,s170z,170.0,z,True,n65,65,r16,16,v06,6,90000,1,1,1,0.004,0.004,535750,535750,A2000_n65_r16_v06_t90000
A2000,2000,,,,,False,n65,65,r16,16,v06,6,90000,1,1,1,0.004,0.004,1035800,1035800,A2000_n65_r16_v06_t90000
A2000,2000,,s030z,30.0,z,True,n65,65,r16,16,v08,8,90000,1,1,1,0.004,0.004,101971,101971,A2000_n65_r16_v08_t90000
A2000,2000,,s047z,47.0,z,True,n65,65,r16,16,v08,8,90000,1,1,1,0.004,0.004,138336,138336,A2000_n65_r16_v08_t90000
A2000,2000,,,,,False,n65,65,r16,16,v08,8,90000,1,1,1,0.004,0.004,1251650,1251650,A2000_n65_r16_v08_t90000
A2000,2000,,s030z,30.0,z,True,n65,65,r16,16,v10,10,90000,1,1,1,0.004,0.004,120578,120578,A2000_n65_r16_v10_t90000
A2000,2000,,s047z,47.0,z,True,n65,65,r16,16,v10,10,90000,1,1,1,0.004,0.004,187213,187213,A2000_n65_r16_v10_t90000
A2000,2000,,,,,False,n65,65,r16,16,v10,10,90000,1,1,1,0.004,0.004,1828576,1828576,A2000_n65_r16_v10_t90000
A2000,2000,,s030z,30.0,z,True,n65,65,r17,17,v00,0,90000,1,1,1,0.004,0.004,84756,84756,A2000_n65_r17_v00_t90000
A2000,2000,,s047z,47.0,z,True,n65,65,r17,17,v00,0,90000,1,1,1,0.004,0.004,130693,130693,A2000_n65_r17_v00_t90000
A2000,2000,,s030z,30.0,z,True,n65,65,r18,18,v00,0,90000,1,1,1,0.004,0.004,106322,106322,A2000_n65_r18_v00_t90000
A2000,2000,,s047z,47.0,z,True,n65,65,r18,18,v00,0,90000,1,1,1,0.004,0.004,184775,184775,A2000_n65_r18_v00_t90000
A2000,2000,,,,,False,n65,65,r18,18,v02,2,90000,1,1,1,0.004,0.004,2327034,2327034,A2000_n65_r18_v02_t90000
A2000,2000,,,,,False,n65,65,r18,18,v04,4,90000,1,1,1,0.004,0.004,2413599,2413599,A2000_n65_r18_v04_t90000
A2000,2000,,,,,False,n65,65,r18,18,v06,6,90000,1,1,1,0.004,0.004,2624570,2624570,A2000_n65_r18_v06_t90000
A2000,2000,,,,,False,n65,65,r18,18,v08,8,90000,1,1,1,0.004,0.004,2665776,2665776,A2000_n65_r18_v08_t90000
A2000,2000,,,,,False,n65,65,r18,18,v10,10,90000,1,1,1,0.004,0.004,2604691,2604691,A2000_n65_r18_v10_t90000
A2000,2000,,s030z,30.0,z,True,n65,65,r19,19,v00,0,90000,1,1,1,0.004,0.004,132741,132741,A2000_n65_r19_v00_t90000
A2000,2000,,s047z,47.0,z,True,n65,65,r19,19,v00,0,90000,1,1,1,0.004,0.004,315831,315831,A2000_n65_r19_v00_t90000
A2000,2000,,s030x,30.0,x,True,n65,65,r20,20,v00,0,90000,1,1,1,0.004,0.004,2196131,2196131,A2000_n65_r20_v00_t90000
A2000,2000,,s030y,30.0,y,True,n65,65,r20,20,v00,0,90000,1,1,1,0.004,0.004,2446316,2446316,A2000_n65_r20_v00_t90000
A2000,2000,,s030z,30.0,z,True,n65,65,r20,20,v00,0,90000,1,1,1,0.004,0.004,101992,101992,A2000_n65_r20_v00_t90000
A2000,2000,,s036x,36.0,x,True,n65,65,r20,20,v00,0,90000,1,1,1,0.004,0.004,2427888,2427888,A2000_n65_r20_v00_t90000
A2000,2000,,s036y,36.0,y,True,n65,65,r20,20,v00,0,90000,1,1,1,0.004,0.004,3033591,3033591,A2000_n65_r20_v00_t90000
A2000,2000,,s036z,36.0,z,True,n65,65,r20,20,v00,0,90000,1,1,1,0.004,0.004,192706,192706,A2000_n65_r20_v00_t90000
A2000,2000,,s047x,47.0,x,True,n65,65,r20,20,v00,0,90000,1,1,1,0.004,0.004,2550689,2550689,A2000_n65_r20_v00_t90000
A2000,2000,,s047y,47.0,y,True,n65,65,r20,20,v00,0,90000,1,1,1,0.004,0.004,2873196,2873196,A2000_n65_r20_v00_t90000
A2000,2000,,s047z,47.0,z,True,n65,65,r20,20,v00,0,90000,1,1,1,0.004,0.004,907115,907115,A2000_n65_r20_v00_t90000
A2000,2000,,s086x,86.0,x,True,n65,65,r20,20,v00,0,90000,1,1,1,0.004,0.004,2690795,2690795,A2000_n65_r20_v00_t90000
A2000,2000,,s086y,86.0,y,True,n65,65,r20,20,v00,0,90000,1,1,1,0.004,0.004,2850506,2850506,A2000_n65_r20_v00_t90000
A2000,2000,,s086z,86.0,z,True,n65,65,r20,20,v00,0,90000,1,1,1,0.004,0.004,2261519,2261519,A2000_n65_r20_v00_t90000
A2000,2000,,s170x,170.0,x,True,n65,65,r20,20,v00,0,90000,1,1,1,0.004,0.004,2717478,2717478,A2000_n65_r20_v00_t90000
A2000,2000,,s170y,170.0,y,True,n65,65,r20,20,v00,0,90000,1,1,1,0.004,0.004,2808623,2808623,A2000_n65_r20_v00_t90000
A2000,2000,,s170z,170.0,z,True,n65,65,r20,20,v00,0,90000,1,1,1,0.004,0.004,2692248,2692248,A2000_n65_r20_v00_t90000
A2000,2000,,s030z,30.0,z,True,n65,65,r20,20,v02,2,90000,1,1,1,0.004,0.004,119533,119533,A2000_n65_r20_v02_t90000
A2000,2000,,s047z,47.0,z,True,n65,65,r20,20,v02,2,90000,1,1,1,0.004,0.004,933177,933177,A2000_n65_r20_v02_t90000
A2000,2000,,,,,False,n65,65,r20,20,v02,2,90000,1,1,1,0.004,0.004,2837147,2837147,A2000_n65_r20_v02_t90000
A2000,2000,,s030z,30.0,z,True,n65,65,r20,20,v04,4,90000,1,1,1,0.004,0.004,134405,134405,A2000_n65_r20_v04_t90000
A2000,2000,,s047z,47.0,z,True,n65,65,r20,20,v04,4,90000,1,1,1,0.004,0.004,932252,932252,A2000_n65_r20_v04_t90000
A2000,2000,,,,,False,n65,65,r20,20,v04,4,90000,1,1,1,0.004,0.004,2886994,2886994,A2000_n65_r20_v04_t90000
A2000,2000,,s030z,30.0,z,True,n65,65,r20,20,v06,6,90000,1,1,1,0.004,0.004,148516,148516,A2000_n65_r20_v06_t90000
A2000,2000,,s047z,47.0,z,True,n65,65,r20,20,v06,6,90000,1,1,1,0.004,0.004,1073751,1073751,A2000_n65_r20_v06_t90000
A2000,2000,,,,,False,n65,65,r20,20,v06,6,90000,1,1,1,0.004,0.004,2910086,2910086,A2000_n65_r20_v06_t90000
A2000,2000,,s030z,30.0,z,True,n65,65,r20,20,v08,8,90000,1,1,1,0.004,0.004,122397,122397,A2000_n65_r20_v08_t90000
A2000,2000,,s047z,47.0,z,True,n65,65,r20,20,v08,8,90000,1,1,1,0.004,0.004,1221602,1221602,A2000_n65_r20_v08_t90000
A2000,2000,,s030z,30.0,z,True,n65,65,r20,20,v10,10,90000,1,1,1,0.004,0.004,159160,159160,A2000_n65_r20_v10_t90000
A2000,2000,,s047z,47.0,z,True,n65,65,r20,20,v10,10,90000,1,1,1,0.004,0.004,1601487,1601487,A2000_n65_r20_v10_t90000
A2000,2000,,s030z,30.0,z,True,n65,65,r22,22,v00,0,90000,1,1,1,0.004,0.004,198416,198416,A2000_n65_r22_v00_t90000
A2000,2000,,s047z,47.0,z,True,n65,65,r22,22,v00,0,90000,1,1,1,0.004,0.004,2570021,2570021,A2000_n65_r22_v00_t90000
A2000,2000,,s030z,30.0,z,True,n65,65,r24,24,v00,0,90000,1,1,1,0.004,0.004,543256,543256,A2000_n65_r24_v00_t90000
A2000,2000,,s047z,47.0,z,True,n65,65,r24,24,v00,0,90000,1,1,1,0.004,0.004,2978617,2978617,A2000_n65_r24_v00_t90000
A2000,2000,,s030z,30.0,z,True,n65,65,r26,26,v00,0,90000,1,1,1,0.004,0.004,1374930,1374930,A2000_n65_r26_v00_t90000
A2000,2000,,s047z,47.0,z,True,n65,65,r26,26,v00,0,90000,1,1,1,0.004,0.004,3162278,3162278,A2000_n65_r26_v00_t90000
A2000,2000,,s030z,30.0,z,True,n65,65,r28,28,v00,0,90000,1,1,1,0.004,0.004,2534608,2534608,A2000_n65_r28_v00_t90000
A2000,2000,,s047z,47.0,z,True,n65,65,r28,28,v00,0,90000,1,1,1,0.004,0.004,3162278,3162278,A2000_n65_r28_v00_t90000
A2000,2000,,s030z,30.0,z,True,n65,65,r30,30,v00,0,90000,1,1,1,0.004,0.004,3010958,3010958,A2000_n65_r30_v00_t90000
A2000,2000,,s047z,47.0,z,True,n65,65,r30,30,v00,0,90000,1,1,1,0.004,0.004,3162278,3162278,A2000_n65_r30_v00_t90000
A2000c30,2000,c30,,,,False,n65,65,r12,12,v00,0,90000,1,1,1,0.004,0.004,945886,945886,A2000c30_n65_r12_v00_t90000
A2000c30,2000,c30,,,,False,n65,65,r12,12,v02,2,90000,1,1,1,0.004,0.004,919132,919132,A2000c30_n65_r12_v02_t90000
A2000c30,2000,c30,,,,False,n65,65,r12,12,v04,4,90000,1,1,1,0.004,0.004,1075346,1075346,A2000c30_n65_r12_v04_t90000
A2000c30,2000,c30,,,,False,n65,65,r12,12,v06,6,90000,1,1,1,0.004,0.004,1199461,1199461,A2000c30_n65_r12_v06_t90000
A2000c30,2000,c30,,,,False,n65,65,r12,12,v08,8,90000,1,1,1,0.004,0.004,1316817,1316817,A2000c30_n65_r12_v08_t90000
A2000c30,2000,c30,,,,False,n65,65,r12,12,v10,10,90000,1,1,1,0.004,0.004,1396577,1396577,A2000c30_n65_r12_v10_t90000
A2000c30,2000,c30,,,,False,n65,65,r14,14,v00,0,90000,1,1,1,0.004,0.004,1971134,1971134,A2000c30_n65_r14_v00_t90000
A2000c30,2000,c30,,,,False,n65,65,r16,16,v00,0,90000,1,1,1,0.004,0.004,2379832,2379832,A2000c30_n65_r16_v00_t90000
A2000c30,2000,c30,,,,False,n65,65,r16,16,v02,2,90000,1,1,1,0.004,0.004,885248,885248,A2000c30_n65_r16_v02_t90000
A2000c30,2000,c30,,,,False,n65,65,r16,16,v04,4,90000,1,1,1,0.004,0.004,1078146,1078146,A2000c30_n65_r16_v04_t90000
A2000c30,2000,c30,,,,False,n65,65,r16,16,v06,6,90000,1,1,1,0.004,0.004,1162817,1162817,A2000c30_n65_r16_v06_t90000
A2000c30,2000,c30,,,,False,n65,65,r16,16,v08,8,90000,1,1,1,0.004,0.004,1312020,1312020,A2000c30_n65_r16_v08_t90000
A2000c30,2000,c30,,,,False,n65,65,r16,16,v10,10,90000,1,1,1,0.004,0.004,1405415,1405415,A2000c30_n65_r16_v10_t90000
A2000c30,2000,c30,,,,False,n65,65,r18,18,v00,0,90000,1,1,1,0.004,0.004,2948418,2948418,A2000c30_n65_r18_v00_t90000
A2000c30,2000,c30,,,,False,n65,65,r20,20,v00,0,90000,1,1,1,0.004,0.004,3124345,3124345,A2000c30_n65_r20_v00_t90000
A2000c30,2000,c30,,,,False,n65,65,r22,22,v00,0,90000,1,1,1,0.004,0.004,3195625,3195625,A2000c30_n65_r22_v00_t90000
