physical_file,actual_bmf,fold_index,mass_log10_kg,periapsis_Rm,v_inf_kms,spin_period_hr,spin_axis,resolution_value,fof_linking_length,predicted_bmf,residual
Ma_xp_A1800_n60_r12_v00_90000.hdf5,0.51607804736,2,18.0,1.2,0.0,,none,60,0.0001,0.4950587847703566,0.021019262589643373
Ma_xp_A1800_n60_r12_v00_90000.hdf5,0.51607804736,2,18.0,1.2,0.0,,none,60,0.0013,0.49445025580534213,0.021627791554657827
Ma_xp_A1800_n60_r12_v00_90000.hdf5,0.51607804736,2,18.0,1.2,0.0,,none,60,0.0014,0.4944902996616688,0.02158774769833116
Ma_xp_A1800_n60_r12_v00_90000.hdf5,0.51607804736,2,18.0,1.2,0.0,,none,60,0.0016,0.49426786821507546,0.021810179144924502
Ma_xp_A1800_n60_r12_v00_90000.hdf5,0.51607804736,2,18.0,1.2,0.0,,none,60,0.002,0.49442638703174224,0.021651660328257716
Ma_xp_A1800_n60_r16_v00_90000.hdf5,0.455085473367,4,18.0,1.6,0.0,,none,60,0.0001,0.4758379676907303,-0.020752494323730275
Ma_xp_A1800_n60_r16_v00_90000.hdf5,0.455085473367,4,18.0,1.6,0.0,,none,60,0.0013,0.4763174709820273,-0.02123199761502731
Ma_xp_A1800_n60_r16_v00_90000.hdf5,0.455085473367,4,18.0,1.6,0.0,,none,60,0.0014,0.4763174709820273,-0.02123199761502731
Ma_xp_A1800_n60_r16_v00_90000.hdf5,0.455085473367,4,18.0,1.6,0.0,,none,60,0.0016,0.4765010611733025,-0.021415587806302483
Ma_xp_A1800_n60_r16_v00_90000.hdf5,0.455085473367,4,18.0,1.6,0.0,,none,60,0.002,0.47556091293577446,-0.020475439568774456
Ma_xp_A1850_n60_r12_v00_90000.hdf5,0.495212035575,4,18.5,1.2,0.0,,none,60,0.0014,0.5139918210066864,-0.018779785431686402
Ma_xp_A1850_n60_r12_v00_90000.hdf5,0.495212035575,4,18.5,1.2,0.0,,none,60,0.0019,0.512184302620603,-0.016972267045603007
Ma_xp_A1850_n60_r12_v00_90000.hdf5,0.495212035575,4,18.5,1.2,0.0,,none,60,0.0024,0.511290850893312,-0.016078815318312067
Ma_xp_A1850_n60_r12_v00_90000.hdf5,0.495212035575,4,18.5,1.2,0.0,,none,60,0.002,0.5121148738207244,-0.016902838245724416
Ma_xp_A1850_n60_r16_v00_90000.hdf5,0.477722478553,3,18.5,1.6,0.0,,none,60,0.0014,0.4548864970956447,0.02283598145735527
Ma_xp_A1850_n60_r16_v00_90000.hdf5,0.477722478553,3,18.5,1.6,0.0,,none,60,0.0019,0.4553009852798436,0.0224214932731564
Ma_xp_A1850_n60_r16_v00_90000.hdf5,0.477722478553,3,18.5,1.6,0.0,,none,60,0.0024,0.45230495162469364,0.025417526928306344
Ma_xp_A1850_n60_r16_v00_90000.hdf5,0.477722478553,3,18.5,1.6,0.0,,none,60,0.002,0.45337771612889205,0.024344762424107935
Ma_xp_A1900_n50_r12_v00_90000.hdf5,0.5298651075,3,19.0,1.2,0.0,,none,50,0.006,0.49723580986078536,0.03262929763921468
Ma_xp_A1900_n50_r16_v00_90000.hdf5,0.438524929791,2,19.0,1.6,0.0,,none,50,0.006,0.45762110938859496,-0.019096179597594964
Ma_xp_A1900_n55_r12_v00_90000.hdf5,0.497108451088,1,19.0,1.2,0.0,,none,55,0.004,0.504949329534582,-0.007840878446582045
Ma_xp_A1900_n55_r16_v00_90000.hdf5,0.457274899101,0,19.0,1.6,0.0,,none,55,0.004,0.45682103699132653,0.0004538621096734641
Ma_xp_A1900_n60_r12_v00_90000.hdf5,0.497267225553,4,19.0,1.2,0.0,,none,60,0.003,0.5057668534411186,-0.008499627888118588
Ma_xp_A1900_n60_r16_v00_90000.hdf5,0.474331066076,3,19.0,1.6,0.0,,none,60,0.003,0.4515805804689344,0.022750485607065607
Ma_xp_A1900_n65_r12_v00_90000.hdf5,0.503325594062,2,19.0,1.2,0.0,,none,65,0.0019,0.49999630362959463,0.0033292904324053185
Ma_xp_A1900_n65_r12_v00_90000.hdf5,0.503325594062,2,19.0,1.2,0.0,,none,65,0.002,0.5001302343373211,0.003195359724678881
Ma_xp_A1900_n65_r12_v02_90000.hdf5,0.448918032584,2,19.0,1.2,0.2,,none,65,0.002,0.42923427547279086,0.01968375711120912
Ma_xp_A1900_n65_r12_v04_90000.hdf5,0.304732418872,1,19.0,1.2,0.4,,none,65,0.002,0.29860293263009635,0.0061294862419036256
Ma_xp_A1900_n65_r12_v08_90000.hdf5,0.0,0,19.0,1.2,0.8,,none,65,0.002,0.08423137788479533,-0.08423137788479533
Ma_xp_A1900_n65_r12_v10_90000.hdf5,0.0001821737417,4,19.0,1.2,1.0,,none,65,0.002,0.029076705625320266,-0.028894531883620265
Ma_xp_A1900_n65_r13_v00_90000.hdf5,0.501368469254,3,19.0,1.3,0.0,,none,65,0.002,0.5063651372295962,-0.00499666797559617
Ma_xp_A1900_n65_r14_v00_90000.hdf5,0.513097586078,2,19.0,1.4,0.0,,none,65,0.002,0.5003357330376885,0.012761853040311522
Ma_xp_A1900_n65_r14_v02_90000.hdf5,0.431708653828,0,19.0,1.4,0.2,,none,65,0.002,0.44916595424244576,-0.017457300414445764
Ma_xp_A1900_n65_r14_v06_90000.hdf5,0.0991277363963,1,19.0,1.4,0.6,,none,65,0.002,0.1753546672281397,-0.07622693083183969
Ma_xp_A1900_n65_r15_v00_90000.hdf5,0.510524231851,4,19.0,1.5,0.0,,none,65,0.002,0.45569148380185426,0.054832748049145785
Ma_xp_A1900_n65_r16_v00_90000.hdf5,0.463697611979,0,19.0,1.6,0.0,,none,65,0.0019,0.4663830891710803,-0.002685477192080288
Ma_xp_A1900_n65_r16_v00_90000.hdf5,0.463697611979,0,19.0,1.6,0.0,,none,65,0.002,0.46611812119514706,-0.00242050921614706
Ma_xp_A1900_n65_r16_v02_90000.hdf5,0.415264272264,3,19.0,1.6,0.2,,none,65,0.002,0.4014999386702549,0.01376433359374507
Ma_xp_A1900_n65_r16_v04_90000.hdf5,0.222504673615,2,19.0,1.6,0.4,,none,65,0.002,0.2715346643858992,-0.04902999077089917
Ma_xp_A1900_n65_r17_v00_90000.hdf5,0.365987296194,1,19.0,1.7,0.0,,none,65,0.002,0.48027464525457597,-0.11428734906057597
Ma_xp_A1900_n65_r18_v00_90000.hdf5,0.507103523444,0,19.0,1.8,0.0,,none,65,0.002,0.40680048401168806,0.10030303943231195
Ma_xp_A1900_n65_r18_v02_90000.hdf5,0.313833343557,4,19.0,1.8,0.2,,none,65,0.002,0.4216316119453974,-0.1077982683883974
Ma_xp_A1900_n65_r18_v04_90000.hdf5,0.0,3,19.0,1.8,0.4,,none,65,0.002,0.20192636594935182,-0.20192636594935182
Ma_xp_A1900_n65_r19_v00_90000.hdf5,0.534764138112,2,19.0,1.9,0.0,,none,65,0.002,0.563334733441327,-0.028570595329327042
Ma_xp_A1900_n65_r20_v06_90000.hdf5,0.0,1,19.0,2.0,0.6,,none,65,0.002,0.034582975256811754,-0.034582975256811754
Ma_xp_A1900_n65_r26_v00_90000.hdf5,0.518289218247,0,19.0,2.6,0.0,,none,65,0.002,0.5091196080282453,0.009169610218754731
Ma_xp_A1900_n70_r12_v00_90000.hdf5,0.504204503735,4,19.0,1.2,0.0,,none,70,0.001,0.5065499933807485,-0.002345489645748433
Ma_xp_A1900_s030x_n65_r12_v00_90000.hdf5,0.503298573559,3,19.0,1.2,0.0,3.0,x,65,0.002,0.5040844261267593,-0.0007858525677593153
Ma_xp_A1900_s030z_n65_r12_v00_90000.hdf5,0.499130847254,2,19.0,1.2,0.0,3.0,z,65,0.002,0.5045086638892031,-0.0053778166352031476
Ma_xp_A1900_s030z_n65_r12_v04_90000.hdf5,0.371964524241,0,19.0,1.2,0.4,3.0,z,65,0.002,0.33449270562085714,0.03747181862014287
Ma_xp_A1900_s030z_n65_r12_v06_90000.hdf5,0.211825979714,1,19.0,1.2,0.6,3.0,z,65,0.002,0.22069491578482012,-0.008868936070820121
Ma_xp_A1900_s030z_n65_r12_v08_90000.hdf5,0.0595637445941,2,19.0,1.2,0.8,3.0,z,65,0.002,0.1500463399252292,-0.0904825953311292
Ma_xp_A1900_s030z_n65_r12_v20_90000.hdf5,0.0,3,19.0,1.2,2.0,3.0,z,65,0.002,0.014155249404630579,-0.014155249404630579
Ma_xp_A1900_s030z_n65_r13_v00_90000.hdf5,0.504662180837,0,19.0,1.3,0.0,3.0,z,65,0.002,0.5030257544472684,0.0016364263897316045
Ma_xp_A1900_s030z_n65_r15_v00_90000.hdf5,0.505262512123,4,19.0,1.5,0.0,3.0,z,65,0.002,0.5056204864051642,-0.00035797428216421956
Ma_xp_A1900_s030z_n65_r16_v00_90000.hdf5,0.508084050855,3,19.0,1.6,0.0,3.0,z,65,0.002,0.5034488999222936,0.004635150932706389
Ma_xp_A1900_s030z_n65_r16_v02_90000.hdf5,0.466795118453,2,19.0,1.6,0.2,3.0,z,65,0.002,0.4747854579001102,-0.007990339447110195
Ma_xp_A1900_s030z_n65_r16_v04_90000.hdf5,0.364864104208,1,19.0,1.6,0.4,3.0,z,65,0.002,0.35951729613642525,0.005346808071574727
Ma_xp_A1900_s030z_n65_r17_v00_90000.hdf5,0.503346956433,0,19.0,1.7,0.0,3.0,z,65,0.002,0.5036918913835561,-0.00034493495055609724
Ma_xp_A1900_s030z_n65_r19_v00_90000.hdf5,0.502618683505,4,19.0,1.9,0.0,3.0,z,65,0.002,0.49753393596026574,0.005084747544734314
Ma_xp_A1900_s030z_n65_r20_v00_90000.hdf5,0.483950799993,3,19.0,2.0,0.0,3.0,z,65,0.002,0.5015187236052253,-0.01756792361222531
Ma_xp_A1900_s030z_n65_r20_v02_90000.hdf5,0.46460429134,2,19.0,2.0,0.2,3.0,z,65,0.002,0.42559852186998304,0.03900576947001694
Ma_xp_A1900_s030z_n65_r20_v04_90000.hdf5,0.346901092757,1,19.0,2.0,0.4,3.0,z,65,0.002,0.32080219716678415,0.02609889559021583
Ma_xp_A1900_s030z_n65_r22_v00_90000.hdf5,0.491339465625,0,19.0,2.2,0.0,3.0,z,65,0.002,0.5153635913328848,-0.024024125707884758
Ma_xp_A1900_s035x_n65_r12_v00_90000.hdf5,0.505131114425,4,19.0,1.2,0.0,3.5,x,65,0.002,0.5063767982985227,-0.0012456838735226405
Ma_xp_A1900_s035y_n65_r12_v00_90000.hdf5,0.511167905648,3,19.0,1.2,0.0,3.5,y,65,0.002,0.5059120489154576,0.005255856732542363
Ma_xp_A1900_s035z_n65_r12_v00_90000.hdf5,0.502841624197,2,19.0,1.2,0.0,3.5,z,65,0.002,0.5051460272920403,-0.0023044030950403194
Ma_xp_A1900_s035z_n65_r16_v00_90000.hdf5,0.505271519627,1,19.0,1.6,0.0,3.5,z,65,0.002,0.5039382430450634,0.0013332765819366044
Ma_xp_A1900_s035z_n65_r20_v00_90000.hdf5,0.50371441329,0,19.0,2.0,0.0,3.5,z,65,0.002,0.49632642860527987,0.007387984684720128
Ma_xp_A1900_s047x_n65_r12_v00_90000.hdf5,0.498905852739,4,19.0,1.2,0.0,4.7,x,65,0.002,0.5050717654907464,-0.006165912751746383
Ma_xp_A1900_s047y_n65_r12_v00_90000.hdf5,0.515273789797,3,19.0,1.2,0.0,4.7,y,65,0.002,0.5057821191144108,0.00949167068258916
Ma_xp_A1900_s047z_n65_r11_v00_90000.hdf5,0.498710424124,2,19.0,1.1,0.0,4.7,z,65,0.002,0.5087575158937845,-0.010047091769784466
Ma_xp_A1900_s047z_n65_r12_v00_90000.hdf5,0.503819712359,1,19.0,1.2,0.0,4.7,z,65,0.002,0.5025161132003255,0.0013035991586745066
Ma_xp_A1900_s047z_n65_r12_v04_90000.hdf5,0.368759565883,0,19.0,1.2,0.4,4.7,z,65,0.002,0.3140007910965182,0.054758774786481834
Ma_xp_A1900_s047z_n65_r12_v06_90000.hdf5,0.199046573991,4,19.0,1.2,0.6,4.7,z,65,0.002,0.15769828260767849,0.04134829138332152
Ma_xp_A1900_s047z_n65_r12_v08_90000.hdf5,0.0420740731371,3,19.0,1.2,0.8,4.7,z,65,0.002,0.11774630108165551,-0.07567222794455551
Ma_xp_A1900_s047z_n65_r12_v15_90000.hdf5,0.0,2,19.0,1.2,1.5,4.7,z,65,0.002,0.002211099641129062,-0.002211099641129062
Ma_xp_A1900_s047z_n65_r12_v20_90000.hdf5,0.0,1,19.0,1.2,2.0,4.7,z,65,0.002,0.0034320457352444767,-0.0034320457352444767
Ma_xp_A1900_s047z_n65_r14_v00_90000.hdf5,0.505398670571,0,19.0,1.4,0.0,4.7,z,65,0.002,0.5049501372344005,0.0004485333365994437
Ma_xp_A1900_s047z_n65_r15_v00_90000.hdf5,0.501013825468,4,19.0,1.5,0.0,4.7,z,65,0.002,0.5068451123927977,-0.0058312869247977295
Ma_xp_A1900_s047z_n65_r16_v00_90000.hdf5,0.508967264126,1,19.0,1.6,0.0,4.7,z,65,0.002,0.5016789265269951,0.007288337599004935
Ma_xp_A1900_s047z_n65_r16_v04_90000.hdf5,0.352948207889,0,19.0,1.6,0.4,4.7,z,65,0.002,0.3035407993567599,0.04940740853224007
Ma_xp_A1900_s047z_n65_r16_v06_90000.hdf5,0.181024134485,0,19.0,1.6,0.6,4.7,z,65,0.002,0.18560385950610192,-0.0045797250211019325
Ma_xp_A1900_s047z_n65_r17_v00_90000.hdf5,0.512435015242,3,19.0,1.7,0.0,4.7,z,65,0.002,0.49916140132708936,0.01327361391491061
Ma_xp_A1900_s047z_n65_r20_v00_90000.hdf5,0.509125694119,1,19.0,2.0,0.0,4.7,z,65,0.002,0.5102556236299862,-0.0011299295109862273
Ma_xp_A1900_s047z_n65_r20_v02_90000.hdf5,0.415111881301,0,19.0,2.0,0.2,4.7,z,65,0.002,0.4573564904397926,-0.04224460913879258
Ma_xp_A1900_s047z_n65_r20_v04_90000.hdf5,0.260563896935,4,19.0,2.0,0.4,4.7,z,65,0.002,0.31685959141908926,-0.056295694484089276
Ma_xp_A1900_s047z_n65_r20_v06_90000.hdf5,0.0638472874002,3,19.0,2.0,0.6,4.7,z,65,0.002,0.1851654907530651,-0.1213182033528651
Ma_xp_A1900_s047z_n65_r22_v00_90000.hdf5,0.574830502043,2,19.0,2.2,0.0,4.7,z,65,0.002,0.5017273105844815,0.07310319145851851
Ma_xp_A1900_s047z_n65_r24_v00_90000.hdf5,0.51176777515,1,19.0,2.4,0.0,4.7,z,65,0.002,0.5327675298676041,-0.02099975471760407
Ma_xp_A1900_s086mz_n65_r12_v00_90000.hdf5,0.428576939971,0,19.0,1.2,0.0,8.6,mz,65,0.002,0.5017911811597361,-0.0732142411887361
Ma_xp_A1900_s086x_n65_r12_v00_90000.hdf5,0.521782247412,4,19.0,1.2,0.0,8.6,x,65,0.002,0.5040072172973361,0.01777503011466386
Ma_xp_A1900_s086z_n65_r12_v00_90000.hdf5,0.506762057846,3,19.0,1.2,0.0,8.6,z,65,0.002,0.5053401172215808,0.001421940624419249
Ma_xp_A1900_s086z_n65_r16_v00_90000.hdf5,0.485612894004,2,19.0,1.6,0.0,8.6,z,65,0.002,0.5057603355548602,-0.020147441550860234
Ma_xp_A1900_s170mz_n65_r12_v00_90000.hdf5,0.525160595847,1,19.0,1.2,0.0,17.0,mz,65,0.002,0.46284118586333683,0.0623194099836632
Ma_xp_A1900_s170x_n65_r12_v00_90000.hdf5,0.521523037448,0,19.0,1.2,0.0,17.0,x,65,0.002,0.5142294843088563,0.007293553139143705
Ma_xp_A1900_s170y_n65_r12_v00_90000.hdf5,0.51471277424,2,19.0,1.2,0.0,17.0,y,65,0.002,0.5118809232733884,0.0028318509666115377
Ma_xp_A1900_s170z_n65_r12_v00_90000.hdf5,0.500466434725,3,19.0,1.2,0.0,17.0,z,65,0.002,0.5142743371732501,-0.013807902448250142
Ma_xp_A1900_s170z_n65_r16_v00_90000.hdf5,0.518579280938,0,19.0,1.6,0.0,17.0,z,65,0.002,0.48540824725752657,0.033171033680473416
Ma_xp_A1950_n65_r12_v00_90000.hdf5,0.496411060032,3,19.5,1.2,0.0,,none,65,0.002,0.5041801598109676,-0.00776909977896767
Ma_xp_A1950_n65_r12_v00_90000.hdf5,0.496411060032,3,19.5,1.2,0.0,,none,65,0.0027,0.5040485602418683,-0.007637500209868309
Ma_xp_A1950_n65_r12_v00_90000.hdf5,0.496411060032,3,19.5,1.2,0.0,,none,65,0.002,0.5041801598109676,-0.00776909977896767
Ma_xp_A1950_n65_r12_v00_90000.hdf5,0.496411060032,3,19.5,1.2,0.0,,none,65,0.0034,0.5041799169794503,-0.007768856947450331
Ma_xp_A1950_n65_r12_v00_90000.hdf5,0.496411060032,3,19.5,1.2,0.0,,none,65,0.003,0.5041625537723824,-0.00775149374038242
Ma_xp_A1950_n65_r16_v00_90000.hdf5,0.426741196656,2,19.5,1.6,0.0,,none,65,0.002,0.46621055811677836,-0.03946936146077834
Ma_xp_A1950_n65_r16_v00_90000.hdf5,0.426741196656,2,19.5,1.6,0.0,,none,65,0.0027,0.4660143975213162,-0.03927320086531616
Ma_xp_A1950_n65_r16_v00_90000.hdf5,0.426741196656,2,19.5,1.6,0.0,,none,65,0.002,0.46621055811677836,-0.03946936146077834
Ma_xp_A1950_n65_r16_v00_90000.hdf5,0.426741196656,2,19.5,1.6,0.0,,none,65,0.0034,0.46477926706879147,-0.03803807041279145
Ma_xp_A1950_n65_r16_v00_90000.hdf5,0.426741196656,2,19.5,1.6,0.0,,none,65,0.003,0.46556859617598745,-0.03882739951998743
Ma_xp_A2000_n50_r12_v00_90000.hdf5,0.514746098246,3,20.0,1.2,0.0,,none,50,0.0126,0.499592616315137,0.015153481930863022
Ma_xp_A2000_n50_r14_v00_90000.hdf5,0.486441692371,4,20.0,1.4,0.0,,none,50,0.0126,0.5076734326833112,-0.02123174031231123
Ma_xp_A2000_n50_r16_v00_90000.hdf5,0.426085355186,1,20.0,1.6,0.0,,none,50,0.0126,0.434612813069192,-0.008527457883192036
Ma_xp_A2000_n55_r12_v00_90000.hdf5,0.511877737735,2,20.0,1.2,0.0,,none,55,0.0086,0.504890213878028,0.006987523856971989
Ma_xp_A2000_n55_r14_v00_90000.hdf5,0.493683014118,4,20.0,1.4,0.0,,none,55,0.0086,0.5062764922931243,-0.01259347817512435
Ma_xp_A2000_n55_r16_v00_90000.hdf5,0.415449982623,3,20.0,1.6,0.0,,none,55,0.0086,0.4432638531785513,-0.027813870555551345
Ma_xp_A2000_n60_r12_v00_90000.hdf5,0.501305808479,1,20.0,1.2,0.0,,none,60,0.0059,0.5096990404549877,-0.008393231975987736
Ma_xp_A2000_n60_r14_v00_90000.hdf5,0.490222103003,2,20.0,1.4,0.0,,none,60,0.0059,0.5035003642413937,-0.013278261238393652
Ma_xp_A2000_n60_r16_v00_90000.hdf5,0.46191915455,3,20.0,1.6,0.0,,none,60,0.0059,0.446334237592854,0.015584916957145978
Ma_xp_A2000_n65_r11_v00_90000.hdf5,0.525918031289,1,20.0,1.1,0.0,,none,65,0.001,0.5129897301644297,0.01292830112457033
Ma_xp_A2000_n65_r11_v00_90000.hdf5,0.525918031289,1,20.0,1.1,0.0,,none,65,0.002,0.5122334746589087,0.013684556630091382
Ma_xp_A2000_n65_r11_v00_90000.hdf5,0.525918031289,1,20.0,1.1,0.0,,none,65,0.003,0.5124267677324863,0.013491263556513755
Ma_xp_A2000_n65_r11_v00_90000.hdf5,0.525918031289,1,20.0,1.1,0.0,,none,65,0.0035,0.5122141882998159,0.013703842989184145
Ma_xp_A2000_n65_r11_v00_90000.hdf5,0.525918031289,1,20.0,1.1,0.0,,none,65,0.004,0.5075832918255457,0.01833473946345432
Ma_xp_A2000_n65_r11_v00_90000.hdf5,0.525918031289,1,20.0,1.1,0.0,,none,65,0.0045,0.5132097808011677,0.012708250487832307
Ma_xp_A2000_n65_r11_v00_90000.hdf5,0.525918031289,1,20.0,1.1,0.0,,none,65,0.005,0.5138912966129268,0.012026734676073292
Ma_xp_A2000_n65_r11_v00_90000.hdf5,0.525918031289,1,20.0,1.1,0.0,,none,65,0.006,0.5139385705091916,0.011979460779808493
Ma_xp_A2000_n65_r11_v00_90000.hdf5,0.525918031289,1,20.0,1.1,0.0,,none,65,0.008,0.5138266992180267,0.012091332070973349
Ma_xp_A2000_n65_r12_v00_90000.hdf5,0.515661795802,0,20.0,1.2,0.0,,none,65,0.001,0.5065297805794631,0.009132015222536927
Ma_xp_A2000_n65_r12_v00_90000.hdf5,0.515661795802,0,20.0,1.2,0.0,,none,65,0.002,0.5051580126714031,0.010503783130596855
Ma_xp_A2000_n65_r12_v00_90000.hdf5,0.515661795802,0,20.0,1.2,0.0,,none,65,0.003,0.5048807342857083,0.010781061516291657
Ma_xp_A2000_n65_r12_v00_90000.hdf5,0.515661795802,0,20.0,1.2,0.0,,none,65,0.0035,0.5044057843193371,0.011256011482662864
Ma_xp_A2000_n65_r12_v00_90000.hdf5,0.515661795802,0,20.0,1.2,0.0,,none,65,0.004,0.4998434775319672,0.015818318270032827
Ma_xp_A2000_n65_r12_v00_90000.hdf5,0.515661795802,0,20.0,1.2,0.0,,none,65,0.0045,0.5062958666907779,0.009365929111222138
Ma_xp_A2000_n65_r12_v00_90000.hdf5,0.515661795802,0,20.0,1.2,0.0,,none,65,0.005,0.507146910514605,0.008514885287394969
Ma_xp_A2000_n65_r12_v00_90000.hdf5,0.515661795802,0,20.0,1.2,0.0,,none,65,0.006,0.5088517020591351,0.006810093742864898
Ma_xp_A2000_n65_r12_v00_90000.hdf5,0.515661795802,0,20.0,1.2,0.0,,none,65,0.008,0.509088595254946,0.0065732005470540145
Ma_xp_A2000_n65_r12_v02_90000.hdf5,0.469858629546,2,20.0,1.2,0.2,,none,65,0.004,0.4356479584849533,0.034210671061046694
Ma_xp_A2000_n65_r12_v04_90000.hdf5,0.416401487749,4,20.0,1.2,0.4,,none,65,0.004,0.37670118631249916,0.03970030143650083
Ma_xp_A2000_n65_r12_v06_90000.hdf5,0.320342225644,4,20.0,1.2,0.6,,none,65,0.004,0.20362538111451375,0.11671684452948625
Ma_xp_A2000_n65_r12_v08_90000.hdf5,0.169043233639,3,20.0,1.2,0.8,,none,65,0.004,0.11659306885582141,0.0524501647831786
Ma_xp_A2000_n65_r12_v10_90000.hdf5,0.0406785647343,2,20.0,1.2,1.0,,none,65,0.004,0.09168959675478547,-0.051011032020485465
Ma_xp_A2000_n65_r12_v12_90000.hdf5,0.0,1,20.0,1.2,1.2,,none,65,0.004,0.029808251716797695,-0.029808251716797695
Ma_xp_A2000_n65_r12_v14_90000.hdf5,0.0,0,20.0,1.2,1.4,,none,65,0.004,0.0034186113218091702,-0.0034186113218091702
Ma_xp_A2000_n65_r12_v16_90000.hdf5,0.0,4,20.0,1.2,1.6,,none,65,0.004,0.0038151973871730044,-0.0038151973871730044
Ma_xp_A2000_n65_r13_v00_90000.hdf5,0.515649093238,0,20.0,1.3,0.0,,none,65,0.001,0.5057015241222728,0.00994756911572725
Ma_xp_A2000_n65_r13_v00_90000.hdf5,0.515649093238,0,20.0,1.3,0.0,,none,65,0.002,0.5044262209884854,0.01122287224951457
Ma_xp_A2000_n65_r13_v00_90000.hdf5,0.515649093238,0,20.0,1.3,0.0,,none,65,0.003,0.5041561926575856,0.011492900580414411
Ma_xp_A2000_n65_r13_v00_90000.hdf5,0.515649093238,0,20.0,1.3,0.0,,none,65,0.0035,0.5036708898809096,0.011978203357090433
Ma_xp_A2000_n65_r13_v00_90000.hdf5,0.515649093238,0,20.0,1.3,0.0,,none,65,0.004,0.4992466856703718,0.01640240756762823
Ma_xp_A2000_n65_r13_v00_90000.hdf5,0.515649093238,0,20.0,1.3,0.0,,none,65,0.0045,0.5053404306469839,0.010308662591016149
Ma_xp_A2000_n65_r13_v00_90000.hdf5,0.515649093238,0,20.0,1.3,0.0,,none,65,0.005,0.506115736253979,0.009533356984021024
Ma_xp_A2000_n65_r13_v00_90000.hdf5,0.515649093238,0,20.0,1.3,0.0,,none,65,0.006,0.5075943301517437,0.0080547630862563
Ma_xp_A2000_n65_r13_v00_90000.hdf5,0.515649093238,0,20.0,1.3,0.0,,none,65,0.008,0.5076972475445273,0.007951845693472737
Ma_xp_A2000_n65_r14_v00_90000.hdf5,0.512594281678,1,20.0,1.4,0.0,,none,65,0.001,0.5090149159386583,0.0035793657393417
Ma_xp_A2000_n65_r14_v00_90000.hdf5,0.512594281678,1,20.0,1.4,0.0,,none,65,0.002,0.508737649670899,0.0038566320071010685
Ma_xp_A2000_n65_r14_v00_90000.hdf5,0.512594281678,1,20.0,1.4,0.0,,none,65,0.003,0.508993685150204,0.003600596527795985
Ma_xp_A2000_n65_r14_v00_90000.hdf5,0.512594281678,1,20.0,1.4,0.0,,none,65,0.0035,0.5094362829323285,0.0031579987456715752
Ma_xp_A2000_n65_r14_v00_90000.hdf5,0.512594281678,1,20.0,1.4,0.0,,none,65,0.004,0.5089334410687335,0.0036608406092665247
Ma_xp_A2000_n65_r14_v00_90000.hdf5,0.512594281678,1,20.0,1.4,0.0,,none,65,0.0045,0.5077683622274682,0.00482591945053179
Ma_xp_A2000_n65_r14_v00_90000.hdf5,0.512594281678,1,20.0,1.4,0.0,,none,65,0.005,0.5056202646433663,0.006974017034633739
Ma_xp_A2000_n65_r14_v00_90000.hdf5,0.512594281678,1,20.0,1.4,0.0,,none,65,0.006,0.5051069611874063,0.007487320490593752
Ma_xp_A2000_n65_r14_v00_90000.hdf5,0.512594281678,1,20.0,1.4,0.0,,none,65,0.008,0.5044155066065834,0.008178775071416622
Ma_xp_A2000_n65_r14_v02_90000.hdf5,0.451615781541,1,20.0,1.4,0.2,,none,65,0.004,0.4389311982594528,0.012684583281547201
Ma_xp_A2000_n65_r14_v04_90000.hdf5,0.379492176305,0,20.0,1.4,0.4,,none,65,0.004,0.37547599436583456,0.00401618193916542
Ma_xp_A2000_n65_r14_v06_90000.hdf5,0.272817289118,4,20.0,1.4,0.6,,none,65,0.004,0.18957683843434675,0.08324045068365327
Ma_xp_A2000_n65_r14_v08_90000.hdf5,0.150848825555,3,20.0,1.4,0.8,,none,65,0.004,0.10620340724615235,0.04464541830884766
Ma_xp_A2000_n65_r14_v10_90000.hdf5,0.0233268632879,2,20.0,1.4,1.0,,none,65,0.004,0.09507948407305569,-0.0717526207851557
Ma_xp_A2000_n65_r15_v00_90000.hdf5,0.440840909689,3,20.0,1.5,0.0,,none,65,0.001,0.512285757360168,-0.07144484767116799
Ma_xp_A2000_n65_r15_v00_90000.hdf5,0.440840909689,3,20.0,1.5,0.0,,none,65,0.002,0.5131522577450662,-0.0723113480560662
Ma_xp_A2000_n65_r15_v00_90000.hdf5,0.440840909689,3,20.0,1.5,0.0,,none,65,0.003,0.5131721708347384,-0.0723312611457384
Ma_xp_A2000_n65_r15_v00_90000.hdf5,0.440840909689,3,20.0,1.5,0.0,,none,65,0.0035,0.5131457069091656,-0.07230479722016558
Ma_xp_A2000_n65_r15_v00_90000.hdf5,0.440840909689,3,20.0,1.5,0.0,,none,65,0.004,0.5130018673357214,-0.07216095764672137
Ma_xp_A2000_n65_r15_v00_90000.hdf5,0.440840909689,3,20.0,1.5,0.0,,none,65,0.0045,0.5128315986924318,-0.07199068900343175
Ma_xp_A2000_n65_r15_v00_90000.hdf5,0.440840909689,3,20.0,1.5,0.0,,none,65,0.005,0.5131725557544476,-0.07233164606544762
Ma_xp_A2000_n65_r15_v00_90000.hdf5,0.440840909689,3,20.0,1.5,0.0,,none,65,0.006,0.5130022395154019,-0.07216132982640189
Ma_xp_A2000_n65_r15_v00_90000.hdf5,0.440840909689,3,20.0,1.5,0.0,,none,65,0.008,0.5124662919512352,-0.07162538226223514
Ma_xp_A2000_n65_r16_v00_90000.hdf5,0.446058255194,2,20.0,1.6,0.0,,none,65,0.001,0.45294414484722,-0.006885889653220012
Ma_xp_A2000_n65_r16_v00_90000.hdf5,0.446058255194,2,20.0,1.6,0.0,,none,65,0.002,0.4545219966725551,-0.008463741478555109
Ma_xp_A2000_n65_r16_v00_90000.hdf5,0.446058255194,2,20.0,1.6,0.0,,none,65,0.003,0.45385304765654255,-0.007794792462542555
Ma_xp_A2000_n65_r16_v00_90000.hdf5,0.446058255194,2,20.0,1.6,0.0,,none,65,0.0035,0.45338623358317265,-0.007327978389172651
Ma_xp_A2000_n65_r16_v00_90000.hdf5,0.446058255194,2,20.0,1.6,0.0,,none,65,0.004,0.45387650641884664,-0.00781825122484664
Ma_xp_A2000_n65_r16_v00_90000.hdf5,0.446058255194,2,20.0,1.6,0.0,,none,65,0.0045,0.451149222540618,-0.005090967346618014
Ma_xp_A2000_n65_r16_v00_90000.hdf5,0.446058255194,2,20.0,1.6,0.0,,none,65,0.005,0.4513009938780524,-0.005242738684052395
Ma_xp_A2000_n65_r16_v00_90000.hdf5,0.446058255194,2,20.0,1.6,0.0,,none,65,0.006,0.4500885574770606,-0.004030302283060616
Ma_xp_A2000_n65_r16_v00_90000.hdf5,0.446058255194,2,20.0,1.6,0.0,,none,65,0.008,0.44419216335817907,0.0018660918358209266
Ma_xp_A2000_n65_r16_v02_90000.hdf5,0.406617725653,4,20.0,1.6,0.2,,none,65,0.004,0.4270476456184959,-0.020429919965495924
Ma_xp_A2000_n65_r16_v04_90000.hdf5,0.334085469662,3,20.0,1.6,0.4,,none,65,0.004,0.2817935379975896,0.052291931664410374
Ma_xp_A2000_n65_r16_v06_90000.hdf5,0.231424902291,2,20.0,1.6,0.6,,none,65,0.004,0.15699916419174983,0.07442573809925015
Ma_xp_A2000_n65_r16_v08_90000.hdf5,0.0764774862557,1,20.0,1.6,0.8,,none,65,0.004,0.12302319000882302,-0.046545703753123016
Ma_xp_A2000_n65_r16_v10_90000.hdf5,0.0,0,20.0,1.6,1.0,,none,65,0.004,0.08111841053683289,-0.08111841053683289
Ma_xp_A2000_n65_r17_v00_90000.hdf5,0.388005682073,1,20.0,1.7,0.0,,none,65,0.001,0.4216362121800256,-0.0336305301070256
Ma_xp_A2000_n65_r17_v00_90000.hdf5,0.388005682073,1,20.0,1.7,0.0,,none,65,0.002,0.42186743559962225,-0.03386175352662224
Ma_xp_A2000_n65_r17_v00_90000.hdf5,0.388005682073,1,20.0,1.7,0.0,,none,65,0.003,0.42064667567936787,-0.03264099360636785
Ma_xp_A2000_n65_r17_v00_90000.hdf5,0.388005682073,1,20.0,1.7,0.0,,none,65,0.0035,0.42099839680634754,-0.03299271473334753
Ma_xp_A2000_n65_r17_v00_90000.hdf5,0.388005682073,1,20.0,1.7,0.0,,none,65,0.004,0.4317900617675587,-0.04378437969455867
Ma_xp_A2000_n65_r17_v00_90000.hdf5,0.388005682073,1,20.0,1.7,0.0,,none,65,0.0045,0.42333976779973476,-0.03533408572673474
Ma_xp_A2000_n65_r17_v00_90000.hdf5,0.388005682073,1,20.0,1.7,0.0,,none,65,0.005,0.42107918332709504,-0.03307350125409503
Ma_xp_A2000_n65_r17_v00_90000.hdf5,0.388005682073,1,20.0,1.7,0.0,,none,65,0.006,0.4202457399503354,-0.03224005787733536
Ma_xp_A2000_n65_r17_v00_90000.hdf5,0.388005682073,1,20.0,1.7,0.0,,none,65,0.008,0.41970549811273217,-0.031699816039732154
Ma_xp_A2000_n65_r18_v00_90000.hdf5,0.415071436428,0,20.0,1.8,0.0,,none,65,0.001,0.42168605952636573,-0.006614623098365746
Ma_xp_A2000_n65_r18_v00_90000.hdf5,0.415071436428,0,20.0,1.8,0.0,,none,65,0.002,0.42083467188733914,-0.0057632354593391555
Ma_xp_A2000_n65_r18_v00_90000.hdf5,0.415071436428,0,20.0,1.8,0.0,,none,65,0.003,0.4230542588793488,-0.007982822451348792
Ma_xp_A2000_n65_r18_v00_90000.hdf5,0.415071436428,0,20.0,1.8,0.0,,none,65,0.0035,0.4268865391258732,-0.011815102697873225
Ma_xp_A2000_n65_r18_v00_90000.hdf5,0.415071436428,0,20.0,1.8,0.0,,none,65,0.004,0.43528828040284173,-0.020216843974841747
Ma_xp_A2000_n65_r18_v00_90000.hdf5,0.415071436428,0,20.0,1.8,0.0,,none,65,0.0045,0.4295248549511384,-0.014453418523138417
Ma_xp_A2000_n65_r18_v00_90000.hdf5,0.415071436428,0,20.0,1.8,0.0,,none,65,0.005,0.42855518055033814,-0.01348374412233816
Ma_xp_A2000_n65_r18_v00_90000.hdf5,0.415071436428,0,20.0,1.8,0.0,,none,65,0.006,0.42796745780384815,-0.012896021375848166
Ma_xp_A2000_n65_r18_v00_90000.hdf5,0.415071436428,0,20.0,1.8,0.0,,none,65,0.008,0.4275773137656968,-0.012505877337696814
Ma_xp_A2000_n65_r18_v02_90000.hdf5,0.343828955338,2,20.0,1.8,0.2,,none,65,0.004,0.36948842867614085,-0.025659473338140837
Ma_xp_A2000_n65_r18_v04_90000.hdf5,0.16951787576,1,20.0,1.8,0.4,,none,65,0.004,0.18115194461796688,-0.01163406885796689
Ma_xp_A2000_n65_r18_v06_90000.hdf5,0.0,0,20.0,1.8,0.6,,none,65,0.004,0.12029948849983942,-0.12029948849983942
Ma_xp_A2000_n65_r18_v08_90000.hdf5,0.0,4,20.0,1.8,0.8,,none,65,0.004,0.04391289104218714,-0.04391289104218714
Ma_xp_A2000_n65_r18_v10_90000.hdf5,0.0,3,20.0,1.8,1.0,,none,65,0.004,0.032794922183008786,-0.032794922183008786
Ma_xp_A2000_n65_r19_v00_90000.hdf5,0.575639271988,4,20.0,1.9,0.0,,none,65,0.001,0.5221557592547007,0.05348351273329932
Ma_xp_A2000_n65_r19_v00_90000.hdf5,0.575639271988,4,20.0,1.9,0.0,,none,65,0.002,0.522741573938122,0.052897698049877984
Ma_xp_A2000_n65_r19_v00_90000.hdf5,0.575639271988,4,20.0,1.9,0.0,,none,65,0.003,0.5227564318071443,0.05288284018085576
Ma_xp_A2000_n65_r19_v00_90000.hdf5,0.575639271988,4,20.0,1.9,0.0,,none,65,0.0035,0.5214206926429515,0.05421857934504848
Ma_xp_A2000_n65_r19_v00_90000.hdf5,0.575639271988,4,20.0,1.9,0.0,,none,65,0.004,0.5192119293913314,0.056427342596668595
Ma_xp_A2000_n65_r19_v00_90000.hdf5,0.575639271988,4,20.0,1.9,0.0,,none,65,0.0045,0.5069433357590843,0.06869593622891568
Ma_xp_A2000_n65_r19_v00_90000.hdf5,0.575639271988,4,20.0,1.9,0.0,,none,65,0.005,0.5064730509719833,0.06916622101601677
Ma_xp_A2000_n65_r19_v00_90000.hdf5,0.575639271988,4,20.0,1.9,0.0,,none,65,0.006,0.5058354353065241,0.06980383668147594
Ma_xp_A2000_n65_r19_v00_90000.hdf5,0.575639271988,4,20.0,1.9,0.0,,none,65,0.008,0.5058423059525337,0.06979696603546637
Ma_xp_A2000_n65_r20_v00_90000.hdf5,0.566699455804,3,20.0,2.0,0.0,,none,65,0.001,0.5375399768014718,0.029159479002528244
Ma_xp_A2000_n65_r20_v00_90000.hdf5,0.566699455804,3,20.0,2.0,0.0,,none,65,0.002,0.5369803938948255,0.029719061909174505
Ma_xp_A2000_n65_r20_v00_90000.hdf5,0.566699455804,3,20.0,2.0,0.0,,none,65,0.003,0.5367752343556057,0.02992422144839435
Ma_xp_A2000_n65_r20_v00_90000.hdf5,0.566699455804,3,20.0,2.0,0.0,,none,65,0.0035,0.537114440938057,0.029585014865943005
Ma_xp_A2000_n65_r20_v00_90000.hdf5,0.566699455804,3,20.0,2.0,0.0,,none,65,0.004,0.5349613481974583,0.03173810760654172
Ma_xp_A2000_n65_r20_v00_90000.hdf5,0.566699455804,3,20.0,2.0,0.0,,none,65,0.0045,0.5410800452910918,0.02561941051290828
Ma_xp_A2000_n65_r20_v00_90000.hdf5,0.566699455804,3,20.0,2.0,0.0,,none,65,0.005,0.5421972654686636,0.024502190335336405
Ma_xp_A2000_n65_r20_v00_90000.hdf5,0.566699455804,3,20.0,2.0,0.0,,none,65,0.006,0.5420926357946655,0.024606820009334562
Ma_xp_A2000_n65_r20_v00_90000.hdf5,0.566699455804,3,20.0,2.0,0.0,,none,65,0.008,0.541267832352729,0.025431623451271035
Ma_xp_A2000_n65_r20_v02_90000.hdf5,0.376890629381,1,20.0,2.0,0.2,,none,65,0.004,0.4618136259381967,-0.0849229965571967
Ma_xp_A2000_n65_r20_v04_90000.hdf5,0.0231034840653,4,20.0,2.0,0.4,,none,65,0.004,0.23458205880428912,-0.21147857473898912
Ma_xp_A2000_n65_r20_v06_90000.hdf5,0.0,2,20.0,2.0,0.6,,none,65,0.004,0.041849181782234686,-0.041849181782234686
Ma_xp_A2000_n65_r22_v00_90000.hdf5,0.515823830938,2,20.0,2.2,0.0,,none,65,0.001,0.5353350792427323,-0.019511248304732276
Ma_xp_A2000_n65_r22_v00_90000.hdf5,0.515823830938,2,20.0,2.2,0.0,,none,65,0.002,0.5335647617983506,-0.017740930860350557
Ma_xp_A2000_n65_r22_v00_90000.hdf5,0.515823830938,2,20.0,2.2,0.0,,none,65,0.003,0.5329629681222653,-0.017139137184265296
Ma_xp_A2000_n65_r22_v00_90000.hdf5,0.515823830938,2,20.0,2.2,0.0,,none,65,0.0035,0.5316231172592912,-0.01579928632129124
Ma_xp_A2000_n65_r22_v00_90000.hdf5,0.515823830938,2,20.0,2.2,0.0,,none,65,0.004,0.5269421611731979,-0.011118330235197926
Ma_xp_A2000_n65_r22_v00_90000.hdf5,0.515823830938,2,20.0,2.2,0.0,,none,65,0.0045,0.5345537143339664,-0.018729883395966374
Ma_xp_A2000_n65_r22_v00_90000.hdf5,0.515823830938,2,20.0,2.2,0.0,,none,65,0.005,0.5364102167314604,-0.020586385793460393
Ma_xp_A2000_n65_r22_v00_90000.hdf5,0.515823830938,2,20.0,2.2,0.0,,none,65,0.006,0.5371628166395792,-0.021338985701579216
Ma_xp_A2000_n65_r22_v00_90000.hdf5,0.515823830938,2,20.0,2.2,0.0,,none,65,0.008,0.5369605596632158,-0.02113672872521577
Ma_xp_A2000_n65_r24_v00_90000.hdf5,0.513014705541,4,20.0,2.4,0.0,,none,65,0.001,0.5168134877491144,-0.0037987822081143596
Ma_xp_A2000_n65_r24_v00_90000.hdf5,0.513014705541,4,20.0,2.4,0.0,,none,65,0.002,0.5164624785669052,-0.0034477730259051542
Ma_xp_A2000_n65_r24_v00_90000.hdf5,0.513014705541,4,20.0,2.4,0.0,,none,65,0.003,0.516011821179709,-0.0029971156387089692
Ma_xp_A2000_n65_r24_v00_90000.hdf5,0.513014705541,4,20.0,2.4,0.0,,none,65,0.0035,0.5157315494742434,-0.0027168439332433403
Ma_xp_A2000_n65_r24_v00_90000.hdf5,0.513014705541,4,20.0,2.4,0.0,,none,65,0.004,0.515593246500025,-0.0025785409590249886
Ma_xp_A2000_n65_r24_v00_90000.hdf5,0.513014705541,4,20.0,2.4,0.0,,none,65,0.0045,0.5163210813384457,-0.0033063757974456376
Ma_xp_A2000_n65_r24_v00_90000.hdf5,0.513014705541,4,20.0,2.4,0.0,,none,65,0.005,0.5165566364876496,-0.003541930946649563
Ma_xp_A2000_n65_r24_v00_90000.hdf5,0.513014705541,4,20.0,2.4,0.0,,none,65,0.006,0.5164380952036195,-0.003423389662619458
Ma_xp_A2000_n65_r24_v00_90000.hdf5,0.513014705541,4,20.0,2.4,0.0,,none,65,0.008,0.5161785904879858,-0.0031638849469857178
Ma_xp_A2000_s030mz_n65_r12_v00_90000.hdf5,0.484466730777,2,20.0,1.2,0.0,3.0,mz,65,0.004,0.5169605718463898,-0.032493841069389795
Ma_xp_A2000_s030x_n65_r12_v00_90000.hdf5,0.507089986108,1,20.0,1.2,0.0,3.0,x,65,0.004,0.50477880370776,0.002311182400240086
Ma_xp_A2000_s030x_n65_r16_v00_90000.hdf5,0.49920136661,0,20.0,1.6,0.0,3.0,x,65,0.004,0.46321604178864245,0.03598532482135752
Ma_xp_A2000_s030x_n65_r16_v06_90000.hdf5,0.218661426561,4,20.0,1.6,0.6,3.0,x,65,0.004,0.2184373982835459,0.00022402827745407472
Ma_xp_A2000_s030x_n65_r20_v00_90000.hdf5,0.545202713108,3,20.0,2.0,0.0,3.0,x,65,0.004,0.5542035848231712,-0.009000871715171277
Ma_xp_A2000_s030y_n65_r12_v00_90000.hdf5,0.521478984921,2,20.0,1.2,0.0,3.0,y,65,0.004,0.5099150120666018,0.011563972854398141
Ma_xp_A2000_s030y_n65_r16_v00_90000.hdf5,0.486096252795,1,20.0,1.6,0.0,3.0,y,65,0.004,0.493147968662478,-0.007051715867477992
Ma_xp_A2000_s030y_n65_r16_v06_90000.hdf5,0.301745862238,1,20.0,1.6,0.6,3.0,y,65,0.004,0.2624811042187759,0.03926475801922408
Ma_xp_A2000_s030y_n65_r20_v00_90000.hdf5,0.527247296805,4,20.0,2.0,0.0,3.0,y,65,0.004,0.5422400172804889,-0.01499272047548883
Ma_xp_A2000_s030z_n65_r11_v00_90000.hdf5,0.510386977485,3,20.0,1.1,0.0,3.0,z,65,0.004,0.5157893438762461,-0.005402366391246138
Ma_xp_A2000_s030z_n65_r12_v00_90000.hdf5,0.514438804697,2,20.0,1.2,0.0,3.0,z,65,0.004,0.5114720912984556,0.002966713398544374
Ma_xp_A2000_s030z_n65_r12_v02_90000.hdf5,0.509614749119,1,20.0,1.2,0.2,3.0,z,65,0.004,0.48927209145138545,0.020342657667614505
Ma_xp_A2000_s030z_n65_r12_v04_90000.hdf5,0.45301945402,0,20.0,1.2,0.4,3.0,z,65,0.004,0.42555076029437305,0.027468693725626936
Ma_xp_A2000_s030z_n65_r12_v06_90000.hdf5,0.366959946899,4,20.0,1.2,0.6,3.0,z,65,0.004,0.33902431886156503,0.02793562803743499
Ma_xp_A2000_s030z_n65_r12_v08_90000.hdf5,0.273877019629,3,20.0,1.2,0.8,3.0,z,65,0.004,0.23415769164763042,0.039719327981369595
Ma_xp_A2000_s030z_n65_r12_v10_90000.hdf5,0.156054461136,2,20.0,1.2,1.0,3.0,z,65,0.004,0.14578937754013402,0.010265083595865976
Ma_xp_A2000_s030z_n65_r12_v12_90000.hdf5,0.0502090740311,1,20.0,1.2,1.2,3.0,z,65,0.004,0.04386844549107556,0.006340628540024436
Ma_xp_A2000_s030z_n65_r12_v14_90000.hdf5,0.000615379361138,0,20.0,1.2,1.4,3.0,z,65,0.004,0.024416370458517023,-0.023800991097379022
Ma_xp_A2000_s030z_n65_r12_v16_90000.hdf5,0.0,4,20.0,1.2,1.6,3.0,z,65,0.004,0.01883328597005423,-0.01883328597005423
Ma_xp_A2000_s030z_n65_r13_v00_90000.hdf5,0.509361134398,3,20.0,1.3,0.0,3.0,z,65,0.004,0.5125866381036426,-0.003225503705642563
Ma_xp_A2000_s030z_n65_r14_v00_90000.hdf5,0.511456277028,2,20.0,1.4,0.0,3.0,z,65,0.004,0.510836423982495,0.0006198530455050477
Ma_xp_A2000_s030z_n65_r15_v00_90000.hdf5,0.508678398508,1,20.0,1.5,0.0,3.0,z,65,0.004,0.50734104617528,0.001337352332720032
Ma_xp_A2000_s030z_n65_r16_v00_90000.hdf5,0.510513630056,0,20.0,1.6,0.0,3.0,z,65,0.004,0.5067554042999786,0.0037582257560214716
Ma_xp_A2000_s030z_n65_r16_v02_90000.hdf5,0.496777476201,4,20.0,1.6,0.2,3.0,z,65,0.004,0.4837602495004612,0.013017226700538786
Ma_xp_A2000_s030z_n65_r16_v06_90000.hdf5,0.36432723739,3,20.0,1.6,0.6,3.0,z,65,0.004,0.34257702638265825,0.021750211007341758
Ma_xp_A2000_s030z_n65_r16_v08_90000.hdf5,0.253169472504,2,20.0,1.6,0.8,3.0,z,65,0.004,0.24344036470111652,0.009729107802883497
Ma_xp_A2000_s030z_n65_r16_v10_90000.hdf5,0.143952601243,1,20.0,1.6,1.0,3.0,z,65,0.004,0.12834638967286507,0.01560621157013492
Ma_xp_A2000_s030z_n65_r17_v00_90000.hdf5,0.514184277176,0,20.0,1.7,0.0,3.0,z,65,0.004,0.5045857107738748,0.009598566402125197
Ma_xp_A2000_s030z_n65_r18_v00_90000.hdf5,0.506989425658,4,20.0,1.8,0.0,3.0,z,65,0.004,0.508811408908101,-0.001821983250100967
Ma_xp_A2000_s030z_n65_r19_v00_90000.hdf5,0.508836828652,0,20.0,1.9,0.0,3.0,z,65,0.004,0.5021036043632914,0.006733224288708595
Ma_xp_A2000_s030z_n65_r20_v00_90000.hdf5,0.508562986181,1,20.0,2.0,0.0,3.0,z,65,0.004,0.4858334683655313,0.022729517815468725
Ma_xp_A2000_s030z_n65_r20_v02_90000.hdf5,0.480140392686,2,20.0,2.0,0.2,3.0,z,65,0.004,0.4477556036483674,0.03238478903763259
Ma_xp_A2000_s030z_n65_r20_v04_90000.hdf5,0.428499464152,0,20.0,2.0,0.4,3.0,z,65,0.004,0.353162286796055,0.07533717735594503
Ma_xp_A2000_s030z_n65_r20_v06_90000.hdf5,0.339140435832,4,20.0,2.0,0.6,3.0,z,65,0.004,0.2625889394203405,0.07655149641165948
Ma_xp_A2000_s030z_n65_r20_v08_90000.hdf5,0.2233612046,3,20.0,2.0,0.8,3.0,z,65,0.004,0.18261602087470338,0.04074518372529662
Ma_xp_A2000_s030z_n65_r20_v10_90000.hdf5,0.107791316194,2,20.0,2.0,1.0,3.0,z,65,0.004,0.11241822039406868,-0.004626904200068685
Ma_xp_A2000_s030z_n65_r22_v00_90000.hdf5,0.49803733196,1,20.0,2.2,0.0,3.0,z,65,0.004,0.48414427317845216,0.01389305878154784
Ma_xp_A2000_s030z_n65_r24_v00_90000.hdf5,0.472523754244,0,20.0,2.4,0.0,3.0,z,65,0.004,0.4511368191473747,0.021386935096625315
Ma_xp_A2000_s030z_n65_r26_v00_90000.hdf5,0.370593404689,4,20.0,2.6,0.0,3.0,z,65,0.004,0.4908811097305321,-0.12028770504153213
Ma_xp_A2000_s030z_n65_r28_v00_90000.hdf5,0.509431336976,3,20.0,2.8,0.0,3.0,z,65,0.004,0.4378142858160716,0.07161705115992834
Ma_xp_A2000_s030z_n65_r30_v00_90000.hdf5,0.48638433635,2,20.0,3.0,0.0,3.0,z,65,0.004,0.4761817986209051,0.010202537729094907
Ma_xp_A2000_s036mz_n65_r12_v00_90000.hdf5,0.527640236109,1,20.0,1.2,0.0,3.6,mz,65,0.004,0.500877674784857,0.026762561324143008
Ma_xp_A2000_s036x_n65_r12_v00_90000.hdf5,0.510228082703,0,20.0,1.2,0.0,3.6,x,65,0.004,0.5130769212948048,-0.0028488385918047365
Ma_xp_A2000_s036x_n65_r16_v00_90000.hdf5,0.458049808461,4,20.0,1.6,0.0,3.6,x,65,0.004,0.4930834778729574,-0.0350336694119574
Ma_xp_A2000_s036x_n65_r16_v06_90000.hdf5,0.174864053268,3,20.0,1.6,0.6,3.6,x,65,0.004,0.2439551960529813,-0.0690911427849813
Ma_xp_A2000_s036x_n65_r20_v00_90000.hdf5,0.577233977827,1,20.0,2.0,0.0,3.6,x,65,0.004,0.5449213806333877,0.03231259719361235
Ma_xp_A2000_s036y_n65_r12_v00_90000.hdf5,0.516546366731,2,20.0,1.2,0.0,3.6,y,65,0.004,0.5104589257643344,0.00608744096666558
Ma_xp_A2000_s036y_n65_r16_v00_90000.hdf5,0.492197070842,0,20.0,1.6,0.0,3.6,y,65,0.004,0.4767974492051003,0.015399621636899674
Ma_xp_A2000_s036y_n65_r16_v06_90000.hdf5,0.288225498486,4,20.0,1.6,0.6,3.6,y,65,0.004,0.27240876577144424,0.015816732714555748
Ma_xp_A2000_s036y_n65_r20_v00_90000.hdf5,0.546346711259,3,20.0,2.0,0.0,3.6,y,65,0.004,0.5327038422184323,0.013642869040567773
Ma_xp_A2000_s036z_n65_r12_v00_90000.hdf5,0.522356616132,2,20.0,1.2,0.0,3.6,z,65,0.004,0.512114834343047,0.010241781788952964
Ma_xp_A2000_s036z_n65_r16_v00_90000.hdf5,0.514941146782,1,20.0,1.6,0.0,3.6,z,65,0.004,0.5058897041187816,0.009051442663218334
Ma_xp_A2000_s036z_n65_r16_v06_90000.hdf5,0.362175763391,0,20.0,1.6,0.6,3.6,z,65,0.004,0.34138746315048707,0.020788300240512925
Ma_xp_A2000_s036z_n65_r20_v00_90000.hdf5,0.494201008515,4,20.0,2.0,0.0,3.6,z,65,0.004,0.5015482580561519,-0.007347249541151901
Ma_xp_A2000_s047mz_n65_r12_v00_90000.hdf5,0.535997467648,3,20.0,1.2,0.0,4.7,mz,65,0.004,0.5062101788888489,0.029787288759151154
Ma_xp_A2000_s047mz_n65_r16_v00_90000.hdf5,0.528601217224,2,20.0,1.6,0.0,4.7,mz,65,0.004,0.5145122840415596,0.014088933182440422
Ma_xp_A2000_s047mz_n65_r16_v06_90000.hdf5,0.0,1,20.0,1.6,0.6,4.7,mz,65,0.004,0.07200929922397056,-0.07200929922397056
Ma_xp_A2000_s047x_n65_r12_v00_90000.hdf5,0.487913776082,0,20.0,1.2,0.0,4.7,x,65,0.004,0.5121502853423022,-0.02423650926030224
Ma_xp_A2000_s047x_n65_r16_v00_90000.hdf5,0.446990429051,4,20.0,1.6,0.0,4.7,x,65,0.004,0.4798004242678769,-0.032809995216876886
Ma_xp_A2000_s047x_n65_r16_v06_90000.hdf5,0.190012073575,3,20.0,1.6,0.6,4.7,x,65,0.004,0.22515280765695886,-0.03514073408195886
Ma_xp_A2000_s047x_n65_r20_v00_90000.hdf5,0.562640918983,4,20.0,2.0,0.0,4.7,x,65,0.004,0.5581046453026819,0.004536273680318059
Ma_xp_A2000_s047y_n65_r12_v00_90000.hdf5,0.516131092839,2,20.0,1.2,0.0,4.7,y,65,0.004,0.5103905744169795,0.005740518422020502
Ma_xp_A2000_s047y_n65_r16_v00_90000.hdf5,0.485217934666,4,20.0,1.6,0.0,4.7,y,65,0.004,0.48158135331142177,0.0036365813545782277
Ma_xp_A2000_s047y_n65_r16_v06_90000.hdf5,0.270599865034,1,20.0,1.6,0.6,4.7,y,65,0.004,0.2270241833004477,0.04357568173355231
Ma_xp_A2000_s047y_n65_r20_v00_90000.hdf5,0.571898802066,3,20.0,2.0,0.0,4.7,y,65,0.004,0.5330213357382049,0.038877466327795096
Ma_xp_A2000_s047z_n65_r11_v00_90000.hdf5,0.515697860846,2,20.0,1.1,0.0,4.7,z,65,0.004,0.5166107824966478,-0.0009129216506478244
Ma_xp_A2000_s047z_n65_r12_v00_90000.hdf5,0.516705994856,1,20.0,1.2,0.0,4.7,z,65,0.004,0.5135166513399255,0.003189343516074472
Ma_xp_A2000_s047z_n65_r12_v02_90000.hdf5,0.501083712438,0,20.0,1.2,0.2,4.7,z,65,0.004,0.48728639366499316,0.013797318773006828
Ma_xp_A2000_s047z_n65_r12_v04_90000.hdf5,0.446095523366,4,20.0,1.2,0.4,4.7,z,65,0.004,0.41695184167624355,0.02914368168975645
Ma_xp_A2000_s047z_n65_r12_v06_90000.hdf5,0.368268697439,3,20.0,1.2,0.6,4.7,z,65,0.004,0.3178045284362566,0.050464169002743364
Ma_xp_A2000_s047z_n65_r12_v08_90000.hdf5,0.253053653094,2,20.0,1.2,0.8,4.7,z,65,0.004,0.2029139326335501,0.05013972046044993
Ma_xp_A2000_s047z_n65_r12_v10_90000.hdf5,0.134662417409,1,20.0,1.2,1.0,4.7,z,65,0.004,0.0916169794127544,0.043045437996245606
Ma_xp_A2000_s047z_n65_r12_v12_90000.hdf5,0.0335144474964,0,20.0,1.2,1.2,4.7,z,65,0.004,0.031149450275588443,0.002364997220811557
Ma_xp_A2000_s047z_n65_r12_v14_90000.hdf5,0.0,4,20.0,1.2,1.4,4.7,z,65,0.004,0.01334594629543448,-0.01334594629543448
Ma_xp_A2000_s047z_n65_r12_v16_90000.hdf5,0.0,3,20.0,1.2,1.6,4.7,z,65,0.004,0.0032108029259555163,-0.0032108029259555163
Ma_xp_A2000_s047z_n65_r13_v00_90000.hdf5,0.506621492481,2,20.0,1.3,0.0,4.7,z,65,0.004,0.511853939147407,-0.005232446666406987
Ma_xp_A2000_s047z_n65_r14_v00_90000.hdf5,0.511075243859,1,20.0,1.4,0.0,4.7,z,65,0.004,0.5098309606570324,0.0012442832019676775
Ma_xp_A2000_s047z_n65_r15_v00_90000.hdf5,0.506431123386,0,20.0,1.5,0.0,4.7,z,65,0.004,0.503936201290322,0.0024949220956780316
Ma_xp_A2000_s047z_n65_r16_v00_90000.hdf5,0.497570106107,4,20.0,1.6,0.0,4.7,z,65,0.004,0.5066480196724397,-0.009077913565439688
Ma_xp_A2000_s047z_n65_r16_v02_90000.hdf5,0.482401435675,3,20.0,1.6,0.2,4.7,z,65,0.004,0.4771236124652552,0.005277823209744792
Ma_xp_A2000_s047z_n65_r16_v04_90000.hdf5,0.429829698717,2,20.0,1.6,0.4,4.7,z,65,0.004,0.4105492737308352,0.01928042498616478
Ma_xp_A2000_s047z_n65_r16_v06_90000.hdf5,0.345937448811,1,20.0,1.6,0.6,4.7,z,65,0.004,0.31202869579984344,0.03390875301115659
Ma_xp_A2000_s047z_n65_r16_v08_90000.hdf5,0.22875819267,0,20.0,1.6,0.8,4.7,z,65,0.004,0.1989504925235511,0.0298077001464489
Ma_xp_A2000_s047z_n65_r16_v10_90000.hdf5,0.108900292764,4,20.0,1.6,1.0,4.7,z,65,0.004,0.08915053455782262,0.019749758206177373
Ma_xp_A2000_s047z_n65_r17_v00_90000.hdf5,0.501777832309,3,20.0,1.7,0.0,4.7,z,65,0.004,0.500391829110385,0.0013860031986149268
Ma_xp_A2000_s047z_n65_r18_v00_90000.hdf5,0.510070272127,2,20.0,1.8,0.0,4.7,z,65,0.004,0.4999752447576852,0.01009502736931478
Ma_xp_A2000_s047z_n65_r19_v00_90000.hdf5,0.500751989547,1,20.0,1.9,0.0,4.7,z,65,0.004,0.4938444189062807,0.0069075706407192294
Ma_xp_A2000_s047z_n65_r20_v00_90000.hdf5,0.466187349752,0,20.0,2.0,0.0,4.7,z,65,0.004,0.5013431644352894,-0.03515581468328938
Ma_xp_A2000_s047z_n65_r20_v02_90000.hdf5,0.4436943874,4,20.0,2.0,0.2,4.7,z,65,0.004,0.4463430593208418,-0.002648671920841783
Ma_xp_A2000_s047z_n65_r20_v04_90000.hdf5,0.37491106095,3,20.0,2.0,0.4,4.7,z,65,0.004,0.33664658802404407,0.03826447292595592
Ma_xp_A2000_s047z_n65_r20_v06_90000.hdf5,0.232183255236,2,20.0,2.0,0.6,4.7,z,65,0.004,0.2155425187107932,0.016640736525206812
Ma_xp_A2000_s047z_n65_r20_v08_90000.hdf5,0.10126880093,1,20.0,2.0,0.8,4.7,z,65,0.004,0.18981681480321175,-0.08854801387321175
Ma_xp_A2000_s047z_n65_r20_v10_90000.hdf5,0.0,0,20.0,2.0,1.0,4.7,z,65,0.004,0.10426536942488412,-0.10426536942488412
Ma_xp_A2000_s047z_n65_r22_v00_90000.hdf5,0.488914953081,4,20.0,2.2,0.0,4.7,z,65,0.004,0.4971888020341197,-0.008273848953119667
Ma_xp_A2000_s047z_n65_r24_v00_90000.hdf5,0.498798650846,0,20.0,2.4,0.0,4.7,z,65,0.004,0.48866202264268743,0.01013662820331257
Ma_xp_A2000_s047z_n65_r26_v00_90000.hdf5,0.49682791962,1,20.0,2.6,0.0,4.7,z,65,0.004,0.45182162056022396,0.045006299059776045
Ma_xp_A2000_s047z_n65_r28_v00_90000.hdf5,0.491048225362,2,20.0,2.8,0.0,4.7,z,65,0.004,0.49030083859179785,0.0007473867702021408
Ma_xp_A2000_s047z_n65_r30_v00_90000.hdf5,0.488388433907,0,20.0,3.0,0.0,4.7,z,65,0.004,0.49031954565268404,-0.0019311117456840554
Ma_xp_A2000_s086mz_n65_r12_v00_90000.hdf5,0.451783176558,4,20.0,1.2,0.0,8.6,mz,65,0.004,0.5182684306986368,-0.06648525414063683
Ma_xp_A2000_s086mz_n65_r16_v00_90000.hdf5,0.596814701301,3,20.0,1.6,0.0,8.6,mz,65,0.004,0.4727065408403279,0.12410816046067208
Ma_xp_A2000_s086mz_n65_r16_v06_90000.hdf5,0.0,2,20.0,1.6,0.6,8.6,mz,65,0.004,0.09495836993956708,-0.09495836993956708
Ma_xp_A2000_s086x_n65_r12_v00_90000.hdf5,0.51090226729,1,20.0,1.2,0.0,8.6,x,65,0.004,0.5020593654239057,0.008842901866094266
Ma_xp_A2000_s086x_n65_r16_v00_90000.hdf5,0.419465651028,0,20.0,1.6,0.0,8.6,x,65,0.004,0.461602777340384,-0.04213712631238403
Ma_xp_A2000_s086x_n65_r16_v06_90000.hdf5,0.213204847898,4,20.0,1.6,0.6,8.6,x,65,0.004,0.18419116378529427,0.029013684112705745
Ma_xp_A2000_s086x_n65_r20_v00_90000.hdf5,0.536468963197,3,20.0,2.0,0.0,8.6,x,65,0.004,0.5476084810588648,-0.011139517861864845
Ma_xp_A2000_s086y_n65_r12_v00_90000.hdf5,0.517472847106,2,20.0,1.2,0.0,8.6,y,65,0.004,0.5046344288940019,0.012838418211998048
Ma_xp_A2000_s086y_n65_r16_v00_90000.hdf5,0.443361715826,1,20.0,1.6,0.0,8.6,y,65,0.004,0.4842681120539497,-0.040906396227949726
Ma_xp_A2000_s086y_n65_r16_v06_90000.hdf5,0.213953358939,0,20.0,1.6,0.6,8.6,y,65,0.004,0.2584431627522341,-0.04448980381323411
Ma_xp_A2000_s086y_n65_r20_v00_90000.hdf5,0.551854374969,4,20.0,2.0,0.0,8.6,y,65,0.004,0.5383511821385772,0.013503192830422783
Ma_xp_A2000_s086z_n65_r12_v00_90000.hdf5,0.527257266602,3,20.0,1.2,0.0,8.6,z,65,0.004,0.5105589986736918,0.016698267928308197
Ma_xp_A2000_s086z_n65_r16_v00_90000.hdf5,0.500753570685,1,20.0,1.6,0.0,8.6,z,65,0.004,0.4988860381376976,0.0018675325473024307
Ma_xp_A2000_s086z_n65_r16_v06_90000.hdf5,0.320709943908,2,20.0,1.6,0.6,8.6,z,65,0.004,0.31824181535355317,0.0024681285544468357
Ma_xp_A2000_s086z_n65_r20_v00_90000.hdf5,0.432060369139,0,20.0,2.0,0.0,8.6,z,65,0.004,0.5013287419855932,-0.0692683728465932
Ma_xp_A2000_s170mz_n65_r12_v00_90000.hdf5,0.518351503269,4,20.0,1.2,0.0,17.0,mz,65,0.004,0.5131399063057123,0.005211596963287768
Ma_xp_A2000_s170mz_n65_r16_v00_90000.hdf5,0.335212781937,3,20.0,1.6,0.0,17.0,mz,65,0.004,0.48301700873260217,-0.14780422679560218
Ma_xp_A2000_s170mz_n65_r16_v06_90000.hdf5,0.115056723403,2,20.0,1.6,0.6,17.0,mz,65,0.004,0.09409211672709372,0.020964606675906272
Ma_xp_A2000_s170x_n65_r12_v00_90000.hdf5,0.521909701085,1,20.0,1.2,0.0,17.0,x,65,0.004,0.5033023685147586,0.018607332570241386
Ma_xp_A2000_s170x_n65_r16_v00_90000.hdf5,0.455507822691,0,20.0,1.6,0.0,17.0,x,65,0.004,0.42604496906376993,0.029462853627230057
Ma_xp_A2000_s170x_n65_r16_v06_90000.hdf5,0.22977072828,4,20.0,1.6,0.6,17.0,x,65,0.004,0.18882468199032076,0.04094604628967924
Ma_xp_A2000_s170x_n65_r20_v00_90000.hdf5,0.542222608723,3,20.0,2.0,0.0,17.0,x,65,0.004,0.5533349078641253,-0.011112299141125326
Ma_xp_A2000_s170y_n65_r12_v00_90000.hdf5,0.50945253022,2,20.0,1.2,0.0,17.0,y,65,0.004,0.5106356043217308,-0.0011830741017307966
Ma_xp_A2000_s170y_n65_r16_v00_90000.hdf5,0.459274098552,1,20.0,1.6,0.0,17.0,y,65,0.004,0.4473487179069239,0.011925380645076145
Ma_xp_A2000_s170y_n65_r16_v06_90000.hdf5,0.204766821355,0,20.0,1.6,0.6,17.0,y,65,0.004,0.26132399954688074,-0.05655717819188075
Ma_xp_A2000_s170y_n65_r20_v00_90000.hdf5,0.531398755643,4,20.0,2.0,0.0,17.0,y,65,0.004,0.543602245540051,-0.012203489897051
Ma_xp_A2000_s170z_n65_r12_v00_90000.hdf5,0.513116031971,3,20.0,1.2,0.0,17.0,z,65,0.004,0.5158809218902901,-0.0027648899192901366
Ma_xp_A2000_s170z_n65_r16_v00_90000.hdf5,0.495445525769,3,20.0,1.6,0.0,17.0,z,65,0.004,0.5043735030551257,-0.008927977286125766
Ma_xp_A2000_s170z_n65_r16_v06_90000.hdf5,0.285775408172,1,20.0,1.6,0.6,17.0,z,65,0.004,0.30327614497817657,-0.017500736806176587
Ma_xp_A2000_s170z_n65_r20_v00_90000.hdf5,0.572434899696,0,20.0,2.0,0.0,17.0,z,65,0.004,0.5007978848462565,0.0716370148497435
Ma_xp_A2000c30_n65_r12_v00_90000.hdf5,0.457320555447,3,20.0,1.2,0.0,,none,65,0.004,0.5150772118420394,-0.05775665639503935
Ma_xp_A2000c30_n65_r12_v02_90000.hdf5,0.419203472253,3,20.0,1.2,0.2,,none,65,0.004,0.46574028276563556,-0.046536810512635585
Ma_xp_A2000c30_n65_r12_v04_90000.hdf5,0.377498924311,1,20.0,1.2,0.4,,none,65,0.004,0.4038075779989874,-0.026308653687987404
Ma_xp_A2000c30_n65_r12_v06_90000.hdf5,0.224497593581,2,20.0,1.2,0.6,,none,65,0.004,0.28809919720690497,-0.06360160362590497
Ma_xp_A2000c30_n65_r12_v08_90000.hdf5,0.151194210835,3,20.0,1.2,0.8,,none,65,0.004,0.11659306885582141,0.0346011419791786
Ma_xp_A2000c30_n65_r12_v10_90000.hdf5,0.104214042636,4,20.0,1.2,1.0,,none,65,0.004,0.040537826922068865,0.06367621571393113
Ma_xp_A2000c30_n65_r14_v00_90000.hdf5,0.518413142969,0,20.0,1.4,0.0,,none,65,0.004,0.5058864213841163,0.01252672158488366
Ma_xp_A2000c30_n65_r16_v00_90000.hdf5,0.459161509877,1,20.0,1.6,0.0,,none,65,0.004,0.44359670013926794,0.015564809737732055
Ma_xp_A2000c30_n65_r16_v02_90000.hdf5,0.423026794446,2,20.0,1.6,0.2,,none,65,0.004,0.41970865865219226,0.0033181357938077416
Ma_xp_A2000c30_n65_r16_v04_90000.hdf5,0.40778501858,3,20.0,1.6,0.4,,none,65,0.004,0.2817935379975896,0.1259914805824104
Ma_xp_A2000c30_n65_r16_v06_90000.hdf5,0.113606884412,0,20.0,1.6,0.6,,none,65,0.004,0.23640722056371752,-0.12280033615171752
Ma_xp_A2000c30_n65_r16_v10_90000.hdf5,0.109225894778,4,20.0,1.6,1.0,,none,65,0.004,0.010050919966239127,0.09917497481176088
Ma_xp_A2000c30_n65_r18_v00_90000.hdf5,0.459062311754,2,20.0,1.8,0.0,,none,65,0.004,0.4147748218225712,0.04428748993142878
Ma_xp_A2000c30_n65_r20_v00_90000.hdf5,0.529835321729,1,20.0,2.0,0.0,,none,65,0.004,0.5665201452841578,-0.036684823555157786
Ma_xp_A2000c30_n65_r22_v00_90000.hdf5,0.511131625269,4,20.0,2.2,0.0,,none,65,0.004,0.5161221941551669,-0.004990568886166891
Ma_xp_A2050_n70_r12_v00_90000.hdf5,0.525494252673,4,20.5,1.2,0.0,,none,70,0.003,0.5116762058732134,0.013818046799786599
Ma_xp_A2050_n70_r12_v00_90000.hdf5,0.525494252673,4,20.5,1.2,0.0,,none,70,0.004,0.5056986502250083,0.019795602447991723
Ma_xp_A2050_n70_r12_v00_90000.hdf5,0.525494252673,4,20.5,1.2,0.0,,none,70,0.005,0.5120878213245706,0.013406431348429337
Ma_xp_A2050_n70_r16_v00_90000.hdf5,0.459185915562,3,20.5,1.6,0.0,,none,70,0.003,0.4500072500385463,0.0091786655234537
Ma_xp_A2050_n70_r16_v00_90000.hdf5,0.459185915562,3,20.5,1.6,0.0,,none,70,0.004,0.452032505871163,0.007153409690836998
Ma_xp_A2050_n70_r16_v00_90000.hdf5,0.459185915562,3,20.5,1.6,0.0,,none,70,0.005,0.45340082565210627,0.005785089909893737
Ma_xp_A2100_n70_r12_v00_90000.hdf5,0.510967623109,0,21.0,1.2,0.0,,none,70,0.0044,0.5208035994256582,-0.009835976316658224
Ma_xp_A2100_n70_r12_v00_90000.hdf5,0.510967623109,0,21.0,1.2,0.0,,none,70,0.0059,0.5211319710847675,-0.010164347975767485
Ma_xp_A2100_n70_r12_v00_90000.hdf5,0.510967623109,0,21.0,1.2,0.0,,none,70,0.0074,0.5212797423403414,-0.010312119231341343
Ma_xp_A2100_n70_r16_v00_90000.hdf5,0.463221289243,1,21.0,1.6,0.0,,none,70,0.0044,0.4530141298016262,0.010207159441373792
Ma_xp_A2100_n70_r16_v00_90000.hdf5,0.463221289243,1,21.0,1.6,0.0,,none,70,0.0059,0.45312240378151963,0.010098885461480356
Ma_xp_A2100_n70_r16_v00_90000.hdf5,0.463221289243,1,21.0,1.6,0.0,,none,70,0.0074,0.4511419221821623,0.012079367060837676
