physical_file,actual_bmf,fold_index,mass_log10_kg,periapsis_Rm,v_inf_kms,spin_period_hr,spin_axis,resolution_value,fof_linking_length,v_inf_squared,periapsis_inverse,angular_momentum_proxy,spin_frequency_hr_inv,asteroid_radius_km,encounter_eccentricity_proxy,time_within_2_mars_radii_hr,time_within_tidal_disruption_hr,predicted_bmf,residual
Ma_xp_A1800_n60_r12_v00_90000.hdf5,0.51607804736,2,18.0,1.2,0.0,,none,60,0.0001,0.0,0.8333333333333334,0.0,,44.550153919065856,1.0,0.9827806394355548,1.614442585309293,0.497871903821114,0.018206143538885944
Ma_xp_A1800_n60_r12_v00_90000.hdf5,0.51607804736,2,18.0,1.2,0.0,,none,60,0.0013,0.0,0.8333333333333334,0.0,,44.550153919065856,1.0,0.9827806394355548,1.614442585309293,0.4972464940438612,0.018831553316138783
Ma_xp_A1800_n60_r12_v00_90000.hdf5,0.51607804736,2,18.0,1.2,0.0,,none,60,0.0014,0.0,0.8333333333333334,0.0,,44.550153919065856,1.0,0.9827806394355548,1.614442585309293,0.4972464940438612,0.018831553316138783
Ma_xp_A1800_n60_r12_v00_90000.hdf5,0.51607804736,2,18.0,1.2,0.0,,none,60,0.0016,0.0,0.8333333333333334,0.0,,44.550153919065856,1.0,0.9827806394355548,1.614442585309293,0.4968706835299215,0.019207363830078483
Ma_xp_A1800_n60_r12_v00_90000.hdf5,0.51607804736,2,18.0,1.2,0.0,,none,60,0.002,0.0,0.8333333333333334,0.0,,44.550153919065856,1.0,0.9827806394355548,1.614442585309293,0.4968779614110643,0.019200085948935686
Ma_xp_A1800_n60_r16_v00_90000.hdf5,0.455085473367,4,18.0,1.6,0.0,,none,60,0.0001,0.0,0.625,0.0,,44.550153919065856,1.0,0.821281919029865,1.608818427700622,0.4759234612949524,-0.020837987927952384
Ma_xp_A1800_n60_r16_v00_90000.hdf5,0.455085473367,4,18.0,1.6,0.0,,none,60,0.0013,0.0,0.625,0.0,,44.550153919065856,1.0,0.821281919029865,1.608818427700622,0.4759234612949524,-0.020837987927952384
Ma_xp_A1800_n60_r16_v00_90000.hdf5,0.455085473367,4,18.0,1.6,0.0,,none,60,0.0014,0.0,0.625,0.0,,44.550153919065856,1.0,0.821281919029865,1.608818427700622,0.4759234612949524,-0.020837987927952384
Ma_xp_A1800_n60_r16_v00_90000.hdf5,0.455085473367,4,18.0,1.6,0.0,,none,60,0.0016,0.0,0.625,0.0,,44.550153919065856,1.0,0.821281919029865,1.608818427700622,0.4759234612949524,-0.020837987927952384
Ma_xp_A1800_n60_r16_v00_90000.hdf5,0.455085473367,4,18.0,1.6,0.0,,none,60,0.002,0.0,0.625,0.0,,44.550153919065856,1.0,0.821281919029865,1.608818427700622,0.4756882080483914,-0.0206027346813914
Ma_xp_A1850_n60_r12_v00_90000.hdf5,0.495212035575,4,18.5,1.2,0.0,,none,60,0.0014,0.0,0.8333333333333334,0.0,,65.39068329485534,1.0,0.9827806394355548,1.614442585309293,0.5146058267640875,-0.019393791189087517
Ma_xp_A1850_n60_r12_v00_90000.hdf5,0.495212035575,4,18.5,1.2,0.0,,none,60,0.0019,0.0,0.8333333333333334,0.0,,65.39068329485534,1.0,0.9827806394355548,1.614442585309293,0.5132745317631492,-0.018062496188149202
Ma_xp_A1850_n60_r12_v00_90000.hdf5,0.495212035575,4,18.5,1.2,0.0,,none,60,0.0024,0.0,0.8333333333333334,0.0,,65.39068329485534,1.0,0.9827806394355548,1.614442585309293,0.512843867979199,-0.01763183240419902
Ma_xp_A1850_n60_r12_v00_90000.hdf5,0.495212035575,4,18.5,1.2,0.0,,none,60,0.002,0.0,0.8333333333333334,0.0,,65.39068329485534,1.0,0.9827806394355548,1.614442585309293,0.5132745317631492,-0.018062496188149202
Ma_xp_A1850_n60_r16_v00_90000.hdf5,0.477722478553,3,18.5,1.6,0.0,,none,60,0.0014,0.0,0.625,0.0,,65.39068329485534,1.0,0.821281919029865,1.608818427700622,0.4550051602975712,0.022717318255428776
Ma_xp_A1850_n60_r16_v00_90000.hdf5,0.477722478553,3,18.5,1.6,0.0,,none,60,0.0019,0.0,0.625,0.0,,65.39068329485534,1.0,0.821281919029865,1.608818427700622,0.45554200171113335,0.022180476841866636
Ma_xp_A1850_n60_r16_v00_90000.hdf5,0.477722478553,3,18.5,1.6,0.0,,none,60,0.0024,0.0,0.625,0.0,,65.39068329485534,1.0,0.821281919029865,1.608818427700622,0.45378102262343195,0.023941455929568034
Ma_xp_A1850_n60_r16_v00_90000.hdf5,0.477722478553,3,18.5,1.6,0.0,,none,60,0.002,0.0,0.625,0.0,,65.39068329485534,1.0,0.821281919029865,1.608818427700622,0.45443323120065643,0.023289247352343556
Ma_xp_A1900_n50_r12_v00_90000.hdf5,0.5298651075,3,19.0,1.2,0.0,,none,50,0.006,0.0,0.8333333333333334,0.0,,95.98039704949537,1.0,0.9827806394355548,1.614442585309293,0.4984599965027768,0.03140511099722326
Ma_xp_A1900_n50_r16_v00_90000.hdf5,0.438524929791,2,19.0,1.6,0.0,,none,50,0.006,0.0,0.625,0.0,,95.98039704949537,1.0,0.821281919029865,1.608818427700622,0.4603030267911902,-0.021778097000190177
Ma_xp_A1900_n55_r12_v00_90000.hdf5,0.497108451088,1,19.0,1.2,0.0,,none,55,0.004,0.0,0.8333333333333334,0.0,,95.98039704949537,1.0,0.9827806394355548,1.614442585309293,0.5071468897162259,-0.010038438628225899
Ma_xp_A1900_n55_r16_v00_90000.hdf5,0.457274899101,0,19.0,1.6,0.0,,none,55,0.004,0.0,0.625,0.0,,95.98039704949537,1.0,0.821281919029865,1.608818427700622,0.45831230715575516,-0.0010374080547551623
Ma_xp_A1900_n60_r12_v00_90000.hdf5,0.497267225553,4,19.0,1.2,0.0,,none,60,0.003,0.0,0.8333333333333334,0.0,,95.98039704949537,1.0,0.9827806394355548,1.614442585309293,0.5068515907643161,-0.00958436521131606
Ma_xp_A1900_n60_r16_v00_90000.hdf5,0.474331066076,3,19.0,1.6,0.0,,none,60,0.003,0.0,0.625,0.0,,95.98039704949537,1.0,0.821281919029865,1.608818427700622,0.4532511227643637,0.021079943311636318
Ma_xp_A1900_n65_r12_v00_90000.hdf5,0.503325594062,2,19.0,1.2,0.0,,none,65,0.0019,0.0,0.8333333333333334,0.0,,95.98039704949537,1.0,0.9827806394355548,1.614442585309293,0.4999944746989737,0.003331119363026269
Ma_xp_A1900_n65_r12_v00_90000.hdf5,0.503325594062,2,19.0,1.2,0.0,,none,65,0.002,0.0,0.8333333333333334,0.0,,95.98039704949537,1.0,0.9827806394355548,1.614442585309293,0.5000017525801166,0.0033238414818833606
Ma_xp_A1900_n65_r12_v02_90000.hdf5,0.448918032584,2,19.0,1.2,0.2,,none,65,0.002,0.04000000000000001,0.8333333333333334,0.24,,95.98039704949537,1.0037987903812355,0.9806831622829186,1.6105617858015973,0.44854932900364003,0.00036870358035995254
Ma_xp_A1900_n65_r12_v04_90000.hdf5,0.304732418872,1,19.0,1.2,0.4,,none,65,0.002,0.16000000000000003,0.8333333333333334,0.48,,95.98039704949537,1.0151951615249424,0.9744710491123042,1.5990893158984896,0.35593540447375877,-0.05120298560175879
Ma_xp_A1900_n65_r12_v08_90000.hdf5,0.0,0,19.0,1.2,0.8,,none,65,0.002,0.6400000000000001,0.8333333333333334,0.96,,95.98039704949537,1.06078064609977,0.950761528447568,1.5555878292397605,0.08177320008117643,-0.08177320008117643
Ma_xp_A1900_n65_r12_v10_90000.hdf5,0.0001821737417,4,19.0,1.2,1.0,,none,65,0.002,1.0,0.8333333333333334,1.2,,95.98039704949537,1.0949697595308905,0.934080602193229,1.5252422398947536,0.03091876447837621,-0.03073659073667621
Ma_xp_A1900_n65_r13_v00_90000.hdf5,0.501368469254,3,19.0,1.3,0.0,,none,65,0.002,0.0,0.7692307692307692,0.0,,95.98039704949537,1.0,0.9610937965888252,1.6225211180584214,0.5065876207615229,-0.0052191515075228345
Ma_xp_A1900_n65_r14_v00_90000.hdf5,0.513097586078,2,19.0,1.4,0.0,,none,65,0.002,0.0,0.7142857142857143,0.0,,95.98039704949537,1.0,0.9284869091985879,1.6245823617011257,0.5014354712631802,0.011662114814819824
Ma_xp_A1900_n65_r14_v02_90000.hdf5,0.431708653828,0,19.0,1.4,0.2,,none,65,0.002,0.04000000000000001,0.7142857142857143,0.27999999999999997,,95.98039704949537,1.0044319221114415,0.9262757119149415,1.6202992181841533,0.46019281522662603,-0.02848416139862603
Ma_xp_A1900_n65_r14_v06_90000.hdf5,0.0991277363963,1,19.0,1.4,0.6,,none,65,0.002,0.36,0.7142857142857143,0.84,,95.98039704949537,1.039887299002974,0.909138866083224,1.5872288991616488,0.2025278402553155,-0.1034001038590155
Ma_xp_A1900_n65_r15_v00_90000.hdf5,0.510524231851,4,19.0,1.5,0.0,,none,65,0.002,0.0,0.6666666666666666,0.0,,95.98039704949537,1.0,0.8829049036741616,1.6201874567538088,0.45478945033474555,0.055734781516254495
Ma_xp_A1900_n65_r16_v00_90000.hdf5,0.463697611979,0,19.0,1.6,0.0,,none,65,0.0019,0.0,0.625,0.0,,95.98039704949537,1.0,0.821281919029865,1.608818427700622,0.4669779752170244,-0.0032803632380243863
Ma_xp_A1900_n65_r16_v00_90000.hdf5,0.463697611979,0,19.0,1.6,0.0,,none,65,0.002,0.0,0.625,0.0,,95.98039704949537,1.0,0.821281919029865,1.608818427700622,0.4670113792837269,-0.003313767304726878
Ma_xp_A1900_n65_r16_v02_90000.hdf5,0.415264272264,3,19.0,1.6,0.2,,none,65,0.002,0.04000000000000001,0.625,0.32000000000000006,,95.98039704949537,1.0050650538416475,0.8191185930993311,1.6041920074662481,0.40980476386741227,0.005459508396587709
Ma_xp_A1900_n65_r16_v04_90000.hdf5,0.222504673615,2,19.0,1.6,0.4,,none,65,0.002,0.16000000000000003,0.625,0.6400000000000001,,95.98039704949537,1.02026021536659,0.8127298954070143,1.5905508285215892,0.3283160280066162,-0.10581135439161618
Ma_xp_A1900_n65_r17_v00_90000.hdf5,0.365987296194,1,19.0,1.7,0.0,,none,65,0.002,0.0,0.5882352941176471,0.0,,95.98039704949537,1.0,0.7386068134544167,1.5898550828167466,0.47295931846292577,-0.10697202226892577
Ma_xp_A1900_n65_r18_v00_90000.hdf5,0.507103523444,0,19.0,1.8,0.0,,none,65,0.002,0.0,0.5555555555555556,0.0,,95.98039704949537,1.0,0.6254058614589896,1.5625421811002254,0.4478523975715907,0.05925112587240933
Ma_xp_A1900_n65_r18_v02_90000.hdf5,0.313833343557,4,19.0,1.8,0.2,,none,65,0.002,0.04000000000000001,0.5555555555555556,0.36000000000000004,,95.98039704949537,1.0056981855718534,0.6235979541551967,1.557666835615719,0.35755524179245995,-0.043721898235459966
Ma_xp_A1900_n65_r18_v04_90000.hdf5,0.0,3,19.0,1.8,0.4,,none,65,0.002,0.16000000000000003,0.5555555555555556,0.7200000000000001,,95.98039704949537,1.0227927422874137,0.6182669016054033,1.54331158977397,0.1753797254528321,-0.1753797254528321
Ma_xp_A1900_n65_r19_v00_90000.hdf5,0.534764138112,2,19.0,1.9,0.0,,none,65,0.002,0.0,0.5263157894736842,0.0,,95.98039704949537,1.0,0.4580226086897332,1.5259412514688657,0.5744811903832793,-0.03971705227127931
Ma_xp_A1900_n65_r20_v06_90000.hdf5,0.0,1,19.0,2.0,0.6,,none,65,0.002,0.36,0.5,1.2,,95.98039704949537,1.0569818557185342,0.0,1.4357558186355435,0.02281228522105933,-0.02281228522105933
Ma_xp_A1900_n65_r26_v00_90000.hdf5,0.518289218247,0,19.0,2.6,0.0,,none,65,0.002,0.0,0.3846153846153846,0.0,,95.98039704949537,1.0,0.0,0.8106534669459369,0.4999768449781719,0.01831237326882812
Ma_xp_A1900_n70_r12_v00_90000.hdf5,0.504204503735,4,19.0,1.2,0.0,,none,70,0.001,0.0,0.8333333333333334,0.0,,95.98039704949537,1.0,0.9827806394355548,1.614442585309293,0.506226222654282,-0.002021718919281934
Ma_xp_A1900_s030x_n65_r12_v00_90000.hdf5,0.503298573559,3,19.0,1.2,0.0,3.0,x,65,0.002,0.0,0.8333333333333334,0.0,0.3333333333333333,95.98039704949537,1.0,0.9827806394355548,1.614442585309293,0.5042508769447517,-0.000952303385751696
Ma_xp_A1900_s030z_n65_r12_v00_90000.hdf5,0.499130847254,2,19.0,1.2,0.0,3.0,z,65,0.002,0.0,0.8333333333333334,0.0,0.3333333333333333,95.98039704949537,1.0,0.9827806394355548,1.614442585309293,0.5044532735365863,-0.0053224262825863344
Ma_xp_A1900_s030z_n65_r12_v04_90000.hdf5,0.371964524241,0,19.0,1.2,0.4,3.0,z,65,0.002,0.16000000000000003,0.8333333333333334,0.48,0.3333333333333333,95.98039704949537,1.0151951615249424,0.9744710491123042,1.5990893158984896,0.401343853177617,-0.02937932893661699
Ma_xp_A1900_s030z_n65_r12_v06_90000.hdf5,0.211825979714,1,19.0,1.2,0.6,3.0,z,65,0.002,0.36,0.8333333333333334,0.72,0.3333333333333333,95.98039704949537,1.0341891134311205,0.9643768113754055,1.580514285261953,0.23757655240943631,-0.02575057269543632
Ma_xp_A1900_s030z_n65_r12_v08_90000.hdf5,0.0595637445941,2,19.0,1.2,0.8,3.0,z,65,0.002,0.6400000000000001,0.8333333333333334,0.96,0.3333333333333333,95.98039704949537,1.06078064609977,0.950761528447568,1.5555878292397605,0.15947226037045964,-0.09990851577635965
Ma_xp_A1900_s030z_n65_r12_v20_90000.hdf5,0.0,3,19.0,1.2,2.0,3.0,z,65,0.002,4.0,0.8333333333333334,2.4,0.3333333333333333,95.98039704949537,1.3798790381235615,0.8225825554631094,1.327272154841897,0.011124588767788782,-0.011124588767788782
Ma_xp_A1900_s030z_n65_r13_v00_90000.hdf5,0.504662180837,0,19.0,1.3,0.0,3.0,z,65,0.002,0.0,0.7692307692307692,0.0,0.3333333333333333,95.98039704949537,1.0,0.9610937965888252,1.6225211180584214,0.5039598000332495,0.000702380803750513
Ma_xp_A1900_s030z_n65_r15_v00_90000.hdf5,0.505262512123,4,19.0,1.5,0.0,3.0,z,65,0.002,0.0,0.6666666666666666,0.0,0.3333333333333333,95.98039704949537,1.0,0.8829049036741616,1.6201874567538088,0.5074593385481769,-0.0021968264251769343
Ma_xp_A1900_s030z_n65_r16_v00_90000.hdf5,0.508084050855,3,19.0,1.6,0.0,3.0,z,65,0.002,0.0,0.625,0.0,0.3333333333333333,95.98039704949537,1.0,0.821281919029865,1.608818427700622,0.5053044500441299,0.002779600810870031
Ma_xp_A1900_s030z_n65_r16_v02_90000.hdf5,0.466795118453,2,19.0,1.6,0.2,3.0,z,65,0.002,0.04000000000000001,0.625,0.32000000000000006,0.3333333333333333,95.98039704949537,1.0050650538416475,0.8191185930993311,1.6041920074662481,0.47074872690576436,-0.003953608452764379
Ma_xp_A1900_s030z_n65_r16_v04_90000.hdf5,0.364864104208,1,19.0,1.6,0.4,3.0,z,65,0.002,0.16000000000000003,0.625,0.6400000000000001,0.3333333333333333,95.98039704949537,1.02026021536659,0.8127298954070143,1.5905508285215892,0.36214413718537575,0.0027199670226242256
Ma_xp_A1900_s030z_n65_r17_v00_90000.hdf5,0.503346956433,0,19.0,1.7,0.0,3.0,z,65,0.002,0.0,0.5882352941176471,0.0,0.3333333333333333,95.98039704949537,1.0,0.7386068134544167,1.5898550828167466,0.49896100108069275,0.004385955352307236
Ma_xp_A1900_s030z_n65_r19_v00_90000.hdf5,0.502618683505,4,19.0,1.9,0.0,3.0,z,65,0.002,0.0,0.5263157894736842,0.0,0.3333333333333333,95.98039704949537,1.0,0.4580226086897332,1.5259412514688657,0.49681371534305846,0.005804968161941593
Ma_xp_A1900_s030z_n65_r20_v00_90000.hdf5,0.483950799993,3,19.0,2.0,0.0,3.0,z,65,0.002,0.0,0.5,0.0,0.3333333333333333,95.98039704949537,1.0,0.0,1.4788571295282895,0.5033538489738101,-0.019403048980810078
Ma_xp_A1900_s030z_n65_r20_v02_90000.hdf5,0.46460429134,2,19.0,2.0,0.2,3.0,z,65,0.002,0.04000000000000001,0.5,0.4,0.3333333333333333,95.98039704949537,1.0063313173020594,0.0,1.4738750056555374,0.40196591748618,0.06263837385381998
Ma_xp_A1900_s030z_n65_r20_v04_90000.hdf5,0.346901092757,1,19.0,2.0,0.4,3.0,z,65,0.002,0.16000000000000003,0.5,0.8,0.3333333333333333,95.98039704949537,1.0253252692082375,0.0,1.4592262751583032,0.26736502352700453,0.07953606922999545
Ma_xp_A1900_s030z_n65_r22_v00_90000.hdf5,0.491339465625,0,19.0,2.2,0.0,3.0,z,65,0.002,0.0,0.45454545454545453,0.0,0.3333333333333333,95.98039704949537,1.0,0.0,1.3463893624089283,0.522009845086884,-0.030670379461883945
Ma_xp_A1900_s035x_n65_r12_v00_90000.hdf5,0.505131114425,4,19.0,1.2,0.0,3.5,x,65,0.002,0.0,0.8333333333333334,0.0,0.2857142857142857,95.98039704949537,1.0,0.9827806394355548,1.614442585309293,0.5059485019610533,-0.0008173875360533156
Ma_xp_A1900_s035y_n65_r12_v00_90000.hdf5,0.511167905648,3,19.0,1.2,0.0,3.5,y,65,0.002,0.0,0.8333333333333334,0.0,0.2857142857142857,95.98039704949537,1.0,0.9827806394355548,1.614442585309293,0.5054109167127786,0.005756988935221363
Ma_xp_A1900_s035z_n65_r12_v00_90000.hdf5,0.502841624197,2,19.0,1.2,0.0,3.5,z,65,0.002,0.0,0.8333333333333334,0.0,0.2857142857142857,95.98039704949537,1.0,0.9827806394355548,1.614442585309293,0.5045641002136808,-0.0017224760166808517
Ma_xp_A1900_s035z_n65_r16_v00_90000.hdf5,0.505271519627,1,19.0,1.6,0.0,3.5,z,65,0.002,0.0,0.625,0.0,0.2857142857142857,95.98039704949537,1.0,0.821281919029865,1.608818427700622,0.5048784886618645,0.0003930309651355435
Ma_xp_A1900_s035z_n65_r20_v00_90000.hdf5,0.50371441329,0,19.0,2.0,0.0,3.5,z,65,0.002,0.0,0.5,0.0,0.2857142857142857,95.98039704949537,1.0,0.0,1.4788571295282895,0.4938835516776323,0.00983086161236768
Ma_xp_A1900_s047x_n65_r12_v00_90000.hdf5,0.498905852739,4,19.0,1.2,0.0,4.7,x,65,0.002,0.0,0.8333333333333334,0.0,0.2127659574468085,95.98039704949537,1.0,0.9827806394355548,1.614442585309293,0.5051832728436343,-0.006277420104634279
Ma_xp_A1900_s047y_n65_r12_v00_90000.hdf5,0.515273789797,3,19.0,1.2,0.0,4.7,y,65,0.002,0.0,0.8333333333333334,0.0,0.2127659574468085,95.98039704949537,1.0,0.9827806394355548,1.614442585309293,0.5052095076509836,0.010064282146016401
Ma_xp_A1900_s047z_n65_r11_v00_90000.hdf5,0.498710424124,2,19.0,1.1,0.0,4.7,z,65,0.002,0.0,0.9090909090909091,0.0,0.2127659574468085,95.98039704949537,1.0,0.9950146326707979,1.6007232048504096,0.5106389106831724,-0.011928486559172335
Ma_xp_A1900_s047z_n65_r12_v00_90000.hdf5,0.503819712359,1,19.0,1.2,0.0,4.7,z,65,0.002,0.0,0.8333333333333334,0.0,0.2127659574468085,95.98039704949537,1.0,0.9827806394355548,1.614442585309293,0.502524553691802,0.001295158667197982
Ma_xp_A1900_s047z_n65_r12_v04_90000.hdf5,0.368759565883,0,19.0,1.2,0.4,4.7,z,65,0.002,0.16000000000000003,0.8333333333333334,0.48,0.2127659574468085,95.98039704949537,1.0151951615249424,0.9744710491123042,1.5990893158984896,0.39079005465253336,-0.02203048876953334
Ma_xp_A1900_s047z_n65_r12_v06_90000.hdf5,0.199046573991,4,19.0,1.2,0.6,4.7,z,65,0.002,0.36,0.8333333333333334,0.72,0.2127659574468085,95.98039704949537,1.0341891134311205,0.9643768113754055,1.580514285261953,0.21344401547787506,-0.014397441486875051
Ma_xp_A1900_s047z_n65_r12_v08_90000.hdf5,0.0420740731371,3,19.0,1.2,0.8,4.7,z,65,0.002,0.6400000000000001,0.8333333333333334,0.96,0.2127659574468085,95.98039704949537,1.06078064609977,0.950761528447568,1.5555878292397605,0.10922902103863831,-0.06715494790153831
Ma_xp_A1900_s047z_n65_r12_v15_90000.hdf5,0.0,2,19.0,1.2,1.5,4.7,z,65,0.002,2.25,0.8333333333333334,1.7999999999999998,0.2127659574468085,95.98039704949537,1.2136819589445034,0.8823546454429847,1.4324070290350595,0.0005167794265013359,-0.0005167794265013359
Ma_xp_A1900_s047z_n65_r12_v20_90000.hdf5,0.0,1,19.0,1.2,2.0,4.7,z,65,0.002,4.0,0.8333333333333334,2.4,0.2127659574468085,95.98039704949537,1.3798790381235615,0.8225825554631094,1.327272154841897,0.0013483664613572757,-0.0013483664613572757
Ma_xp_A1900_s047z_n65_r14_v00_90000.hdf5,0.505398670571,0,19.0,1.4,0.0,4.7,z,65,0.002,0.0,0.7142857142857143,0.0,0.2127659574468085,95.98039704949537,1.0,0.9284869091985879,1.6245823617011257,0.5067234481996347,-0.001324777628634699
Ma_xp_A1900_s047z_n65_r15_v00_90000.hdf5,0.501013825468,4,19.0,1.5,0.0,4.7,z,65,0.002,0.0,0.6666666666666666,0.0,0.2127659574468085,95.98039704949537,1.0,0.8829049036741616,1.6201874567538088,0.5078108704630602,-0.006797044995060175
Ma_xp_A1900_s047z_n65_r16_v00_90000.hdf5,0.508967264126,1,19.0,1.6,0.0,4.7,z,65,0.002,0.0,0.625,0.0,0.2127659574468085,95.98039704949537,1.0,0.821281919029865,1.608818427700622,0.5025274288160532,0.006439835309946851
Ma_xp_A1900_s047z_n65_r16_v04_90000.hdf5,0.352948207889,0,19.0,1.6,0.4,4.7,z,65,0.002,0.16000000000000003,0.625,0.6400000000000001,0.2127659574468085,95.98039704949537,1.02026021536659,0.8127298954070143,1.5905508285215892,0.3397940880849343,0.013154119804065723
Ma_xp_A1900_s047z_n65_r16_v06_90000.hdf5,0.181024134485,0,19.0,1.6,0.6,4.7,z,65,0.002,0.36,0.625,0.96,0.2127659574468085,95.98039704949537,1.0455854845748274,0.8024067910450003,1.5685756873017576,0.18343063949292876,-0.002406505007928772
Ma_xp_A1900_s047z_n65_r17_v00_90000.hdf5,0.512435015242,3,19.0,1.7,0.0,4.7,z,65,0.002,0.0,0.5882352941176471,0.0,0.2127659574468085,95.98039704949537,1.0,0.7386068134544167,1.5898550828167466,0.49898935290650975,0.013445662335490216
Ma_xp_A1900_s047z_n65_r20_v00_90000.hdf5,0.509125694119,1,19.0,2.0,0.0,4.7,z,65,0.002,0.0,0.5,0.0,0.2127659574468085,95.98039704949537,1.0,0.0,1.4788571295282895,0.5094867841640428,-0.00036109004504281117
Ma_xp_A1900_s047z_n65_r20_v02_90000.hdf5,0.415111881301,0,19.0,2.0,0.2,4.7,z,65,0.002,0.04000000000000001,0.5,0.4,0.2127659574468085,95.98039704949537,1.0063313173020594,0.0,1.4738750056555374,0.43389091979650524,-0.018779038495505218
Ma_xp_A1900_s047z_n65_r20_v04_90000.hdf5,0.260563896935,4,19.0,2.0,0.4,4.7,z,65,0.002,0.16000000000000003,0.5,0.8,0.2127659574468085,95.98039704949537,1.0253252692082375,0.0,1.4592262751583032,0.28420354395996844,-0.023639647024968458
Ma_xp_A1900_s047z_n65_r20_v06_90000.hdf5,0.0638472874002,3,19.0,2.0,0.6,4.7,z,65,0.002,0.36,0.5,1.2,0.2127659574468085,95.98039704949537,1.0569818557185342,0.0,1.4357558186355435,0.1782186230986615,-0.11437133569846149
Ma_xp_A1900_s047z_n65_r22_v00_90000.hdf5,0.574830502043,2,19.0,2.2,0.0,4.7,z,65,0.002,0.0,0.45454545454545453,0.0,0.2127659574468085,95.98039704949537,1.0,0.0,1.3463893624089283,0.5017627473086604,0.07306775473433957
Ma_xp_A1900_s047z_n65_r24_v00_90000.hdf5,0.51176777515,1,19.0,2.4,0.0,4.7,z,65,0.002,0.0,0.4166666666666667,0.0,0.2127659574468085,95.98039704949537,1.0,0.0,1.143154556939899,0.5350981463201049,-0.023330371170104836
Ma_xp_A1900_s086mz_n65_r12_v00_90000.hdf5,0.428576939971,0,19.0,1.2,0.0,8.6,mz,65,0.002,0.0,0.8333333333333334,0.0,0.11627906976744186,95.98039704949537,1.0,0.9827806394355548,1.614442585309293,0.5007980594202394,-0.07222111944923937
Ma_xp_A1900_s086x_n65_r12_v00_90000.hdf5,0.521782247412,4,19.0,1.2,0.0,8.6,x,65,0.002,0.0,0.8333333333333334,0.0,0.11627906976744186,95.98039704949537,1.0,0.9827806394355548,1.614442585309293,0.5050249014708329,0.016757345941167068
Ma_xp_A1900_s086z_n65_r12_v00_90000.hdf5,0.506762057846,3,19.0,1.2,0.0,8.6,z,65,0.002,0.0,0.8333333333333334,0.0,0.11627906976744186,95.98039704949537,1.0,0.9827806394355548,1.614442585309293,0.5101814639240995,-0.0034194060780994295
Ma_xp_A1900_s086z_n65_r16_v00_90000.hdf5,0.485612894004,2,19.0,1.6,0.0,8.6,z,65,0.002,0.0,0.625,0.0,0.11627906976744186,95.98039704949537,1.0,0.821281919029865,1.608818427700622,0.5080568547595361,-0.02244396075553612
Ma_xp_A1900_s170mz_n65_r12_v00_90000.hdf5,0.525160595847,1,19.0,1.2,0.0,17.0,mz,65,0.002,0.0,0.8333333333333334,0.0,0.058823529411764705,95.98039704949537,1.0,0.9827806394355548,1.614442585309293,0.46613942017881277,0.059021175668187265
Ma_xp_A1900_s170x_n65_r12_v00_90000.hdf5,0.521523037448,0,19.0,1.2,0.0,17.0,x,65,0.002,0.0,0.8333333333333334,0.0,0.058823529411764705,95.98039704949537,1.0,0.9827806394355548,1.614442585309293,0.5122659332283749,0.009257104219625112
Ma_xp_A1900_s170y_n65_r12_v00_90000.hdf5,0.51471277424,2,19.0,1.2,0.0,17.0,y,65,0.002,0.0,0.8333333333333334,0.0,0.058823529411764705,95.98039704949537,1.0,0.9827806394355548,1.614442585309293,0.5141566006081072,0.0005561736318927535
Ma_xp_A1900_s170z_n65_r12_v00_90000.hdf5,0.500466434725,3,19.0,1.2,0.0,17.0,z,65,0.002,0.0,0.8333333333333334,0.0,0.058823529411764705,95.98039704949537,1.0,0.9827806394355548,1.614442585309293,0.5152256508701258,-0.014759216145125875
Ma_xp_A1900_s170z_n65_r16_v00_90000.hdf5,0.518579280938,0,19.0,1.6,0.0,17.0,z,65,0.002,0.0,0.625,0.0,0.058823529411764705,95.98039704949537,1.0,0.821281919029865,1.608818427700622,0.47802513046740347,0.04055415047059652
Ma_xp_A1950_n65_r12_v00_90000.hdf5,0.496411060032,3,19.5,1.2,0.0,,none,65,0.002,0.0,0.8333333333333334,0.0,,140.87995649532473,1.0,0.9827806394355548,1.614442585309293,0.505257838235144,-0.008846778203144057
Ma_xp_A1950_n65_r12_v00_90000.hdf5,0.496411060032,3,19.5,1.2,0.0,,none,65,0.0027,0.0,0.8333333333333334,0.0,,140.87995649532473,1.0,0.9827806394355548,1.614442585309293,0.5051994246980329,-0.008788364666032944
Ma_xp_A1950_n65_r12_v00_90000.hdf5,0.496411060032,3,19.5,1.2,0.0,,none,65,0.002,0.0,0.8333333333333334,0.0,,140.87995649532473,1.0,0.9827806394355548,1.614442585309293,0.505257838235144,-0.008846778203144057
Ma_xp_A1950_n65_r12_v00_90000.hdf5,0.496411060032,3,19.5,1.2,0.0,,none,65,0.0034,0.0,0.8333333333333334,0.0,,140.87995649532473,1.0,0.9827806394355548,1.614442585309293,0.5052371119825525,-0.008826051950552527
Ma_xp_A1950_n65_r12_v00_90000.hdf5,0.496411060032,3,19.5,1.2,0.0,,none,65,0.003,0.0,0.8333333333333334,0.0,,140.87995649532473,1.0,0.9827806394355548,1.614442585309293,0.5052371119825525,-0.008826051950552527
Ma_xp_A1950_n65_r16_v00_90000.hdf5,0.426741196656,2,19.5,1.6,0.0,,none,65,0.002,0.0,0.625,0.0,,140.87995649532473,1.0,0.821281919029865,1.608818427700622,0.46704799314787065,-0.04030679649187063
Ma_xp_A1950_n65_r16_v00_90000.hdf5,0.426741196656,2,19.5,1.6,0.0,,none,65,0.0027,0.0,0.625,0.0,,140.87995649532473,1.0,0.821281919029865,1.608818427700622,0.4671043457686761,-0.04036314911267608
Ma_xp_A1950_n65_r16_v00_90000.hdf5,0.426741196656,2,19.5,1.6,0.0,,none,65,0.002,0.0,0.625,0.0,,140.87995649532473,1.0,0.821281919029865,1.608818427700622,0.46704799314787065,-0.04030679649187063
Ma_xp_A1950_n65_r16_v00_90000.hdf5,0.426741196656,2,19.5,1.6,0.0,,none,65,0.0034,0.0,0.625,0.0,,140.87995649532473,1.0,0.821281919029865,1.608818427700622,0.46667898635028277,-0.039937789694282744
Ma_xp_A1950_n65_r16_v00_90000.hdf5,0.426741196656,2,19.5,1.6,0.0,,none,65,0.003,0.0,0.625,0.0,,140.87995649532473,1.0,0.821281919029865,1.608818427700622,0.4668527801866186,-0.040111583530618555
Ma_xp_A2000_n50_r12_v00_90000.hdf5,0.514746098246,3,20.0,1.2,0.0,,none,50,0.0126,0.0,0.8333333333333334,0.0,,206.78349696646669,1.0,0.9827806394355548,1.614442585309293,0.5026845038507817,0.012061594395218367
Ma_xp_A2000_n50_r14_v00_90000.hdf5,0.486441692371,4,20.0,1.4,0.0,,none,50,0.0126,0.0,0.7142857142857143,0.0,,206.78349696646669,1.0,0.9284869091985879,1.6245823617011257,0.5091234407284421,-0.022681748357442078
Ma_xp_A2000_n50_r16_v00_90000.hdf5,0.426085355186,1,20.0,1.6,0.0,,none,50,0.0126,0.0,0.625,0.0,,206.78349696646669,1.0,0.821281919029865,1.608818427700622,0.43329222091142633,-0.007206865725426337
Ma_xp_A2000_n55_r12_v00_90000.hdf5,0.511877737735,2,20.0,1.2,0.0,,none,55,0.0086,0.0,0.8333333333333334,0.0,,206.78349696646669,1.0,0.9827806394355548,1.614442585309293,0.5064112167514564,0.00546652098354361
Ma_xp_A2000_n55_r14_v00_90000.hdf5,0.493683014118,4,20.0,1.4,0.0,,none,55,0.0086,0.0,0.7142857142857143,0.0,,206.78349696646669,1.0,0.9284869091985879,1.6245823617011257,0.5061653299784878,-0.01248231586048787
Ma_xp_A2000_n55_r16_v00_90000.hdf5,0.415449982623,3,20.0,1.6,0.0,,none,55,0.0086,0.0,0.625,0.0,,206.78349696646669,1.0,0.821281919029865,1.608818427700622,0.4440762115271814,-0.028626228904181428
Ma_xp_A2000_n60_r12_v00_90000.hdf5,0.501305808479,1,20.0,1.2,0.0,,none,60,0.0059,0.0,0.8333333333333334,0.0,,206.78349696646669,1.0,0.9827806394355548,1.614442585309293,0.510391751737865,-0.009085943258865026
Ma_xp_A2000_n60_r14_v00_90000.hdf5,0.490222103003,2,20.0,1.4,0.0,,none,60,0.0059,0.0,0.7142857142857143,0.0,,206.78349696646669,1.0,0.9284869091985879,1.6245823617011257,0.5023987403708436,-0.012176637367843635
Ma_xp_A2000_n60_r16_v00_90000.hdf5,0.46191915455,3,20.0,1.6,0.0,,none,60,0.0059,0.0,0.625,0.0,,206.78349696646669,1.0,0.821281919029865,1.608818427700622,0.4472302125268042,0.014688942023195761
Ma_xp_A2000_n65_r11_v00_90000.hdf5,0.525918031289,1,20.0,1.1,0.0,,none,65,0.001,0.0,0.9090909090909091,0.0,,206.78349696646669,1.0,0.9950146326707979,1.6007232048504096,0.506440159784029,0.019477871504971045
Ma_xp_A2000_n65_r11_v00_90000.hdf5,0.525918031289,1,20.0,1.1,0.0,,none,65,0.002,0.0,0.9090909090909091,0.0,,206.78349696646669,1.0,0.9950146326707979,1.6007232048504096,0.5061109600487784,0.01980707124022163
Ma_xp_A2000_n65_r11_v00_90000.hdf5,0.525918031289,1,20.0,1.1,0.0,,none,65,0.003,0.0,0.9090909090909091,0.0,,206.78349696646669,1.0,0.9950146326707979,1.6007232048504096,0.5061871517709811,0.019730879518018996
Ma_xp_A2000_n65_r11_v00_90000.hdf5,0.525918031289,1,20.0,1.1,0.0,,none,65,0.0035,0.0,0.9090909090909091,0.0,,206.78349696646669,1.0,0.9950146326707979,1.6007232048504096,0.5060929478459262,0.019825083443073876
Ma_xp_A2000_n65_r11_v00_90000.hdf5,0.525918031289,1,20.0,1.1,0.0,,none,65,0.004,0.0,0.9090909090909091,0.0,,206.78349696646669,1.0,0.9950146326707979,1.6007232048504096,0.5050449027131573,0.02087312857584278
Ma_xp_A2000_n65_r11_v00_90000.hdf5,0.525918031289,1,20.0,1.1,0.0,,none,65,0.0045,0.0,0.9090909090909091,0.0,,206.78349696646669,1.0,0.9950146326707979,1.6007232048504096,0.5070254579429423,0.01889257334605776
Ma_xp_A2000_n65_r11_v00_90000.hdf5,0.525918031289,1,20.0,1.1,0.0,,none,65,0.005,0.0,0.9090909090909091,0.0,,206.78349696646669,1.0,0.9950146326707979,1.6007232048504096,0.507136521635353,0.018781509653647
Ma_xp_A2000_n65_r11_v00_90000.hdf5,0.525918031289,1,20.0,1.1,0.0,,none,65,0.006,0.0,0.9090909090909091,0.0,,206.78349696646669,1.0,0.9950146326707979,1.6007232048504096,0.50714261397228,0.018775417316720056
Ma_xp_A2000_n65_r11_v00_90000.hdf5,0.525918031289,1,20.0,1.1,0.0,,none,65,0.008,0.0,0.9090909090909091,0.0,,206.78349696646669,1.0,0.9950146326707979,1.6007232048504096,0.507108336719157,0.01880969456984305
Ma_xp_A2000_n65_r12_v00_90000.hdf5,0.515661795802,0,20.0,1.2,0.0,,none,65,0.001,0.0,0.8333333333333334,0.0,,206.78349696646669,1.0,0.9827806394355548,1.614442585309293,0.507074988194098,0.00858680760790198
Ma_xp_A2000_n65_r12_v00_90000.hdf5,0.515661795802,0,20.0,1.2,0.0,,none,65,0.002,0.0,0.8333333333333334,0.0,,206.78349696646669,1.0,0.9827806394355548,1.614442585309293,0.5065889133743899,0.009072882427610063
Ma_xp_A2000_n65_r12_v00_90000.hdf5,0.515661795802,0,20.0,1.2,0.0,,none,65,0.003,0.0,0.8333333333333334,0.0,,206.78349696646669,1.0,0.9827806394355548,1.614442585309293,0.5064178835496481,0.009243912252351882
Ma_xp_A2000_n65_r12_v00_90000.hdf5,0.515661795802,0,20.0,1.2,0.0,,none,65,0.0035,0.0,0.8333333333333334,0.0,,206.78349696646669,1.0,0.9827806394355548,1.614442585309293,0.5064296780928564,0.009232117709143561
Ma_xp_A2000_n65_r12_v00_90000.hdf5,0.515661795802,0,20.0,1.2,0.0,,none,65,0.004,0.0,0.8333333333333334,0.0,,206.78349696646669,1.0,0.9827806394355548,1.614442585309293,0.5053763834621464,0.010285412339853583
Ma_xp_A2000_n65_r12_v00_90000.hdf5,0.515661795802,0,20.0,1.2,0.0,,none,65,0.0045,0.0,0.8333333333333334,0.0,,206.78349696646669,1.0,0.9827806394355548,1.614442585309293,0.5065248095819181,0.009136986220081855
Ma_xp_A2000_n65_r12_v00_90000.hdf5,0.515661795802,0,20.0,1.2,0.0,,none,65,0.005,0.0,0.8333333333333334,0.0,,206.78349696646669,1.0,0.9827806394355548,1.614442585309293,0.5068783612707785,0.008783434531221546
Ma_xp_A2000_n65_r12_v00_90000.hdf5,0.515661795802,0,20.0,1.2,0.0,,none,65,0.006,0.0,0.8333333333333334,0.0,,206.78349696646669,1.0,0.9827806394355548,1.614442585309293,0.5078864972903062,0.0077752985116937845
Ma_xp_A2000_n65_r12_v00_90000.hdf5,0.515661795802,0,20.0,1.2,0.0,,none,65,0.008,0.0,0.8333333333333334,0.0,,206.78349696646669,1.0,0.9827806394355548,1.614442585309293,0.5079896155060781,0.007672180295921871
Ma_xp_A2000_n65_r12_v02_90000.hdf5,0.469858629546,2,20.0,1.2,0.2,,none,65,0.004,0.04000000000000001,0.8333333333333334,0.24,,206.78349696646669,1.0037987903812355,0.9806831622829186,1.6105617858015973,0.448070021523679,0.02178860802232102
Ma_xp_A2000_n65_r12_v04_90000.hdf5,0.416401487749,4,20.0,1.2,0.4,,none,65,0.004,0.16000000000000003,0.8333333333333334,0.48,,206.78349696646669,1.0151951615249424,0.9744710491123042,1.5990893158984896,0.3739241118967232,0.04247737585227679
Ma_xp_A2000_n65_r12_v06_90000.hdf5,0.320342225644,4,20.0,1.2,0.6,,none,65,0.004,0.36,0.8333333333333334,0.72,,206.78349696646669,1.0341891134311205,0.9643768113754055,1.580514285261953,0.21146629472128,0.10887593092272
Ma_xp_A2000_n65_r12_v08_90000.hdf5,0.169043233639,3,20.0,1.2,0.8,,none,65,0.004,0.6400000000000001,0.8333333333333334,0.96,,206.78349696646669,1.06078064609977,0.950761528447568,1.5555878292397605,0.09799759186336256,0.07104564177563745
Ma_xp_A2000_n65_r12_v10_90000.hdf5,0.0406785647343,2,20.0,1.2,1.0,,none,65,0.004,1.0,0.8333333333333334,1.2,,206.78349696646669,1.0949697595308905,0.934080602193229,1.5252422398947536,0.09179796343381655,-0.051119398699516545
Ma_xp_A2000_n65_r12_v12_90000.hdf5,0.0,1,20.0,1.2,1.2,,none,65,0.004,1.44,0.8333333333333334,1.44,,206.78349696646669,1.136756453724482,0.9148449085136009,1.4905024966024005,0.033662807870877894,-0.033662807870877894
Ma_xp_A2000_n65_r12_v14_90000.hdf5,0.0,0,20.0,1.2,1.4,,none,65,0.004,1.9599999999999997,0.8333333333333334,1.68,,206.78349696646669,1.1861407286805452,0.8935831841748193,1.4524047288711484,0.0038012884293010508,-0.0038012884293010508
Ma_xp_A2000_n65_r12_v16_90000.hdf5,0.0,4,20.0,1.2,1.6,,none,65,0.004,2.5600000000000005,0.8333333333333334,1.92,,206.78349696646669,1.2431225843990794,0.870810053062178,1.4119313004100371,0.000827003197046532,-0.000827003197046532
Ma_xp_A2000_n65_r13_v00_90000.hdf5,0.515649093238,0,20.0,1.3,0.0,,none,65,0.001,0.0,0.7692307692307692,0.0,,206.78349696646669,1.0,0.9610937965888252,1.6225211180584214,0.5060005756221264,0.009648517615873597
Ma_xp_A2000_n65_r13_v00_90000.hdf5,0.515649093238,0,20.0,1.3,0.0,,none,65,0.002,0.0,0.7692307692307692,0.0,,206.78349696646669,1.0,0.9610937965888252,1.6225211180584214,0.5055477546601135,0.010101338577886532
Ma_xp_A2000_n65_r13_v00_90000.hdf5,0.515649093238,0,20.0,1.3,0.0,,none,65,0.003,0.0,0.7692307692307692,0.0,,206.78349696646669,1.0,0.9610937965888252,1.6225211180584214,0.5054436784168767,0.01020541482112336
Ma_xp_A2000_n65_r13_v00_90000.hdf5,0.515649093238,0,20.0,1.3,0.0,,none,65,0.0035,0.0,0.7692307692307692,0.0,,206.78349696646669,1.0,0.9610937965888252,1.6225211180584214,0.5054357465200883,0.010213346717911742
Ma_xp_A2000_n65_r13_v00_90000.hdf5,0.515649093238,0,20.0,1.3,0.0,,none,65,0.004,0.0,0.7692307692307692,0.0,,206.78349696646669,1.0,0.9610937965888252,1.6225211180584214,0.5048982709295561,0.01075082230844393
Ma_xp_A2000_n65_r13_v00_90000.hdf5,0.515649093238,0,20.0,1.3,0.0,,none,65,0.0045,0.0,0.7692307692307692,0.0,,206.78349696646669,1.0,0.9610937965888252,1.6225211180584214,0.505831576570875,0.009817516667125048
Ma_xp_A2000_n65_r13_v00_90000.hdf5,0.515649093238,0,20.0,1.3,0.0,,none,65,0.005,0.0,0.7692307692307692,0.0,,206.78349696646669,1.0,0.9610937965888252,1.6225211180584214,0.506190506784692,0.009458586453307993
Ma_xp_A2000_n65_r13_v00_90000.hdf5,0.515649093238,0,20.0,1.3,0.0,,none,65,0.006,0.0,0.7692307692307692,0.0,,206.78349696646669,1.0,0.9610937965888252,1.6225211180584214,0.506761483545898,0.008887609692102005
Ma_xp_A2000_n65_r13_v00_90000.hdf5,0.515649093238,0,20.0,1.3,0.0,,none,65,0.008,0.0,0.7692307692307692,0.0,,206.78349696646669,1.0,0.9610937965888252,1.6225211180584214,0.5067172531196482,0.008931840118351797
Ma_xp_A2000_n65_r14_v00_90000.hdf5,0.512594281678,1,20.0,1.4,0.0,,none,65,0.001,0.0,0.7142857142857143,0.0,,206.78349696646669,1.0,0.9284869091985879,1.6245823617011257,0.5105575208462124,0.0020367608317876096
Ma_xp_A2000_n65_r14_v00_90000.hdf5,0.512594281678,1,20.0,1.4,0.0,,none,65,0.002,0.0,0.7142857142857143,0.0,,206.78349696646669,1.0,0.9284869091985879,1.6245823617011257,0.5102456972439755,0.0023485844340245254
Ma_xp_A2000_n65_r14_v00_90000.hdf5,0.512594281678,1,20.0,1.4,0.0,,none,65,0.003,0.0,0.7142857142857143,0.0,,206.78349696646669,1.0,0.9284869091985879,1.6245823617011257,0.5102315217449527,0.0023627599330473537
Ma_xp_A2000_n65_r14_v00_90000.hdf5,0.512594281678,1,20.0,1.4,0.0,,none,65,0.0035,0.0,0.7142857142857143,0.0,,206.78349696646669,1.0,0.9284869091985879,1.6245823617011257,0.5099501986339361,0.0026440830440639385
Ma_xp_A2000_n65_r14_v00_90000.hdf5,0.512594281678,1,20.0,1.4,0.0,,none,65,0.004,0.0,0.7142857142857143,0.0,,206.78349696646669,1.0,0.9284869091985879,1.6245823617011257,0.5094131304344804,0.0031811512435195866
Ma_xp_A2000_n65_r14_v00_90000.hdf5,0.512594281678,1,20.0,1.4,0.0,,none,65,0.0045,0.0,0.7142857142857143,0.0,,206.78349696646669,1.0,0.9284869091985879,1.6245823617011257,0.5094988818787898,0.003095399799210252
Ma_xp_A2000_n65_r14_v00_90000.hdf5,0.512594281678,1,20.0,1.4,0.0,,none,65,0.005,0.0,0.7142857142857143,0.0,,206.78349696646669,1.0,0.9284869091985879,1.6245823617011257,0.5067227858274952,0.005871495850504838
Ma_xp_A2000_n65_r14_v00_90000.hdf5,0.512594281678,1,20.0,1.4,0.0,,none,65,0.006,0.0,0.7142857142857143,0.0,,206.78349696646669,1.0,0.9284869091985879,1.6245823617011257,0.5066363156885086,0.005957965989491387
Ma_xp_A2000_n65_r14_v00_90000.hdf5,0.512594281678,1,20.0,1.4,0.0,,none,65,0.008,0.0,0.7142857142857143,0.0,,206.78349696646669,1.0,0.9284869091985879,1.6245823617011257,0.5059817121951512,0.006612569482848829
Ma_xp_A2000_n65_r14_v02_90000.hdf5,0.451615781541,1,20.0,1.4,0.2,,none,65,0.004,0.04000000000000001,0.7142857142857143,0.27999999999999997,,206.78349696646669,1.0044319221114415,0.9262757119149415,1.6202992181841533,0.43859718539767906,0.01301859614332096
Ma_xp_A2000_n65_r14_v04_90000.hdf5,0.379492176305,0,20.0,1.4,0.4,,none,65,0.004,0.16000000000000003,0.7142857142857143,0.5599999999999999,,206.78349696646669,1.0177276884457662,0.9197360561827731,1.60765336228713,0.38184010581343364,-0.002347929508433655
Ma_xp_A2000_n65_r14_v06_90000.hdf5,0.272817289118,4,20.0,1.4,0.6,,none,65,0.004,0.36,0.7142857142857143,0.84,,206.78349696646669,1.039887299002974,0.909138866083224,1.5872288991616488,0.18640210095215162,0.0864151881658484
Ma_xp_A2000_n65_r14_v08_90000.hdf5,0.150848825555,3,20.0,1.4,0.8,,none,65,0.004,0.6400000000000001,0.7142857142857143,1.1199999999999999,,206.78349696646669,1.0709107537830649,0.8949018066839958,1.5599172890408994,0.08839679437766158,0.06245203117733843
Ma_xp_A2000_n65_r14_v10_90000.hdf5,0.0233268632879,2,20.0,1.4,1.0,,none,65,0.004,1.0,0.7142857142857143,1.4,,206.78349696646669,1.1107980527860388,0.877546043228064,1.5268149726001627,0.0815661703392317,-0.05823930705133171
Ma_xp_A2000_n65_r15_v00_90000.hdf5,0.440840909689,3,20.0,1.5,0.0,,none,65,0.001,0.0,0.6666666666666666,0.0,,206.78349696646669,1.0,0.8829049036741616,1.6201874567538088,0.5017959249708306,-0.06095501528183056
Ma_xp_A2000_n65_r15_v00_90000.hdf5,0.440840909689,3,20.0,1.5,0.0,,none,65,0.002,0.0,0.6666666666666666,0.0,,206.78349696646669,1.0,0.8829049036741616,1.6201874567538088,0.5016555198833351,-0.060814610194335095
Ma_xp_A2000_n65_r15_v00_90000.hdf5,0.440840909689,3,20.0,1.5,0.0,,none,65,0.003,0.0,0.6666666666666666,0.0,,206.78349696646669,1.0,0.8829049036741616,1.6201874567538088,0.501478260505148,-0.06063735081614796
Ma_xp_A2000_n65_r15_v00_90000.hdf5,0.440840909689,3,20.0,1.5,0.0,,none,65,0.0035,0.0,0.6666666666666666,0.0,,206.78349696646669,1.0,0.8829049036741616,1.6201874567538088,0.5014486853034077,-0.060607775614407666
Ma_xp_A2000_n65_r15_v00_90000.hdf5,0.440840909689,3,20.0,1.5,0.0,,none,65,0.004,0.0,0.6666666666666666,0.0,,206.78349696646669,1.0,0.8829049036741616,1.6201874567538088,0.501657163073711,-0.06081625338471097
Ma_xp_A2000_n65_r15_v00_90000.hdf5,0.440840909689,3,20.0,1.5,0.0,,none,65,0.0045,0.0,0.6666666666666666,0.0,,206.78349696646669,1.0,0.8829049036741616,1.6201874567538088,0.5015346244208845,-0.06069371473188445
Ma_xp_A2000_n65_r15_v00_90000.hdf5,0.440840909689,3,20.0,1.5,0.0,,none,65,0.005,0.0,0.6666666666666666,0.0,,206.78349696646669,1.0,0.8829049036741616,1.6201874567538088,0.501465678911469,-0.060624769222468955
Ma_xp_A2000_n65_r15_v00_90000.hdf5,0.440840909689,3,20.0,1.5,0.0,,none,65,0.006,0.0,0.6666666666666666,0.0,,206.78349696646669,1.0,0.8829049036741616,1.6201874567538088,0.5013072881516907,-0.06046637846269065
Ma_xp_A2000_n65_r15_v00_90000.hdf5,0.440840909689,3,20.0,1.5,0.0,,none,65,0.008,0.0,0.6666666666666666,0.0,,206.78349696646669,1.0,0.8829049036741616,1.6201874567538088,0.5012628229704454,-0.060421913281445416
Ma_xp_A2000_n65_r16_v00_90000.hdf5,0.446058255194,2,20.0,1.6,0.0,,none,65,0.001,0.0,0.625,0.0,,206.78349696646669,1.0,0.821281919029865,1.608818427700622,0.456319084167543,-0.010260828973543024
Ma_xp_A2000_n65_r16_v00_90000.hdf5,0.446058255194,2,20.0,1.6,0.0,,none,65,0.002,0.0,0.625,0.0,,206.78349696646669,1.0,0.821281919029865,1.608818427700622,0.4563112822983628,-0.010253027104362822
Ma_xp_A2000_n65_r16_v00_90000.hdf5,0.446058255194,2,20.0,1.6,0.0,,none,65,0.003,0.0,0.625,0.0,,206.78349696646669,1.0,0.821281919029865,1.608818427700622,0.45610088462747256,-0.01004262943347256
Ma_xp_A2000_n65_r16_v00_90000.hdf5,0.446058255194,2,20.0,1.6,0.0,,none,65,0.0035,0.0,0.625,0.0,,206.78349696646669,1.0,0.821281919029865,1.608818427700622,0.456041262664256,-0.009983007470255989
Ma_xp_A2000_n65_r16_v00_90000.hdf5,0.446058255194,2,20.0,1.6,0.0,,none,65,0.004,0.0,0.625,0.0,,206.78349696646669,1.0,0.821281919029865,1.608818427700622,0.4558654713236602,-0.009807216129660179
Ma_xp_A2000_n65_r16_v00_90000.hdf5,0.446058255194,2,20.0,1.6,0.0,,none,65,0.0045,0.0,0.625,0.0,,206.78349696646669,1.0,0.821281919029865,1.608818427700622,0.4558307183104559,-0.00977246311645591
Ma_xp_A2000_n65_r16_v00_90000.hdf5,0.446058255194,2,20.0,1.6,0.0,,none,65,0.005,0.0,0.625,0.0,,206.78349696646669,1.0,0.821281919029865,1.608818427700622,0.4558842772053138,-0.009826022011313829
Ma_xp_A2000_n65_r16_v00_90000.hdf5,0.446058255194,2,20.0,1.6,0.0,,none,65,0.006,0.0,0.625,0.0,,206.78349696646669,1.0,0.821281919029865,1.608818427700622,0.454432353302019,-0.00837409810801898
Ma_xp_A2000_n65_r16_v00_90000.hdf5,0.446058255194,2,20.0,1.6,0.0,,none,65,0.008,0.0,0.625,0.0,,206.78349696646669,1.0,0.821281919029865,1.608818427700622,0.44608122976681713,-2.2974572817135996e-05
Ma_xp_A2000_n65_r16_v02_90000.hdf5,0.406617725653,4,20.0,1.6,0.2,,none,65,0.004,0.04000000000000001,0.625,0.32000000000000006,,206.78349696646669,1.0050650538416475,0.8191185930993311,1.6041920074662481,0.4239486577595714,-0.01733093210657144
Ma_xp_A2000_n65_r16_v04_90000.hdf5,0.334085469662,3,20.0,1.6,0.4,,none,65,0.004,0.16000000000000003,0.625,0.6400000000000001,,206.78349696646669,1.02026021536659,0.8127298954070143,1.5905508285215892,0.3213011593498629,0.01278431031213706
Ma_xp_A2000_n65_r16_v06_90000.hdf5,0.231424902291,2,20.0,1.6,0.6,,none,65,0.004,0.36,0.625,0.96,,206.78349696646669,1.0455854845748274,0.8024067910450003,1.5685756873017576,0.14903852959444583,0.08238637269655416
Ma_xp_A2000_n65_r16_v08_90000.hdf5,0.0764774862557,1,20.0,1.6,0.8,,none,65,0.004,0.6400000000000001,0.625,1.2800000000000002,,206.78349696646669,1.0810408614663598,0.7885944111107589,1.5392987010643135,0.10723246255179077,-0.030754976296090766
Ma_xp_A2000_n65_r16_v10_90000.hdf5,0.0,0,20.0,1.6,1.0,,none,65,0.004,1.0,0.625,1.6,,206.78349696646669,1.1266263460411872,0.7718420200458999,1.5039770163205064,0.0838125133417118,-0.0838125133417118
Ma_xp_A2000_n65_r17_v00_90000.hdf5,0.388005682073,1,20.0,1.7,0.0,,none,65,0.001,0.0,0.5882352941176471,0.0,,206.78349696646669,1.0,0.7386068134544167,1.5898550828167466,0.42463068357541606,-0.036625001502416044
Ma_xp_A2000_n65_r17_v00_90000.hdf5,0.388005682073,1,20.0,1.7,0.0,,none,65,0.002,0.0,0.5882352941176471,0.0,,206.78349696646669,1.0,0.7386068134544167,1.5898550828167466,0.42481085611742914,-0.03680517404442912
Ma_xp_A2000_n65_r17_v00_90000.hdf5,0.388005682073,1,20.0,1.7,0.0,,none,65,0.003,0.0,0.5882352941176471,0.0,,206.78349696646669,1.0,0.7386068134544167,1.5898550828167466,0.42463996829418454,-0.03663428622118453
Ma_xp_A2000_n65_r17_v00_90000.hdf5,0.388005682073,1,20.0,1.7,0.0,,none,65,0.0035,0.0,0.5882352941176471,0.0,,206.78349696646669,1.0,0.7386068134544167,1.5898550828167466,0.4251272302956889,-0.03712154822268887
Ma_xp_A2000_n65_r17_v00_90000.hdf5,0.388005682073,1,20.0,1.7,0.0,,none,65,0.004,0.0,0.5882352941176471,0.0,,206.78349696646669,1.0,0.7386068134544167,1.5898550828167466,0.4335280928666859,-0.04552241079368591
Ma_xp_A2000_n65_r17_v00_90000.hdf5,0.388005682073,1,20.0,1.7,0.0,,none,65,0.0045,0.0,0.5882352941176471,0.0,,206.78349696646669,1.0,0.7386068134544167,1.5898550828167466,0.4267760828536298,-0.038770400780629766
Ma_xp_A2000_n65_r17_v00_90000.hdf5,0.388005682073,1,20.0,1.7,0.0,,none,65,0.005,0.0,0.5882352941176471,0.0,,206.78349696646669,1.0,0.7386068134544167,1.5898550828167466,0.42563610461429896,-0.03763042254129895
Ma_xp_A2000_n65_r17_v00_90000.hdf5,0.388005682073,1,20.0,1.7,0.0,,none,65,0.006,0.0,0.5882352941176471,0.0,,206.78349696646669,1.0,0.7386068134544167,1.5898550828167466,0.4249832244073007,-0.03697754233430067
Ma_xp_A2000_n65_r17_v00_90000.hdf5,0.388005682073,1,20.0,1.7,0.0,,none,65,0.008,0.0,0.5882352941176471,0.0,,206.78349696646669,1.0,0.7386068134544167,1.5898550828167466,0.42439776325990103,-0.036392081186901015
Ma_xp_A2000_n65_r18_v00_90000.hdf5,0.415071436428,0,20.0,1.8,0.0,,none,65,0.001,0.0,0.5555555555555556,0.0,,206.78349696646669,1.0,0.6254058614589896,1.5625421811002254,0.46243077176318026,-0.047359335335180275
Ma_xp_A2000_n65_r18_v00_90000.hdf5,0.415071436428,0,20.0,1.8,0.0,,none,65,0.002,0.0,0.5555555555555556,0.0,,206.78349696646669,1.0,0.6254058614589896,1.5625421811002254,0.46243077176318026,-0.047359335335180275
Ma_xp_A2000_n65_r18_v00_90000.hdf5,0.415071436428,0,20.0,1.8,0.0,,none,65,0.003,0.0,0.5555555555555556,0.0,,206.78349696646669,1.0,0.6254058614589896,1.5625421811002254,0.46260644138567625,-0.04753500495767626
Ma_xp_A2000_n65_r18_v00_90000.hdf5,0.415071436428,0,20.0,1.8,0.0,,none,65,0.0035,0.0,0.5555555555555556,0.0,,206.78349696646669,1.0,0.6254058614589896,1.5625421811002254,0.46278541981001564,-0.04771398338201566
Ma_xp_A2000_n65_r18_v00_90000.hdf5,0.415071436428,0,20.0,1.8,0.0,,none,65,0.004,0.0,0.5555555555555556,0.0,,206.78349696646669,1.0,0.6254058614589896,1.5625421811002254,0.462718387998881,-0.047646951570881
Ma_xp_A2000_n65_r18_v00_90000.hdf5,0.415071436428,0,20.0,1.8,0.0,,none,65,0.0045,0.0,0.5555555555555556,0.0,,206.78349696646669,1.0,0.6254058614589896,1.5625421811002254,0.4629281565476763,-0.04785672011967629
Ma_xp_A2000_n65_r18_v00_90000.hdf5,0.415071436428,0,20.0,1.8,0.0,,none,65,0.005,0.0,0.5555555555555556,0.0,,206.78349696646669,1.0,0.6254058614589896,1.5625421811002254,0.4629281565476763,-0.04785672011967629
Ma_xp_A2000_n65_r18_v00_90000.hdf5,0.415071436428,0,20.0,1.8,0.0,,none,65,0.006,0.0,0.5555555555555556,0.0,,206.78349696646669,1.0,0.6254058614589896,1.5625421811002254,0.4629281565476763,-0.04785672011967629
Ma_xp_A2000_n65_r18_v00_90000.hdf5,0.415071436428,0,20.0,1.8,0.0,,none,65,0.008,0.0,0.5555555555555556,0.0,,206.78349696646669,1.0,0.6254058614589896,1.5625421811002254,0.4629281565476763,-0.04785672011967629
Ma_xp_A2000_n65_r18_v02_90000.hdf5,0.343828955338,2,20.0,1.8,0.2,,none,65,0.004,0.04000000000000001,0.5555555555555556,0.36000000000000004,,206.78349696646669,1.0056981855718534,0.6235979541551967,1.557666835615719,0.3745700216074567,-0.03074106626945672
Ma_xp_A2000_n65_r18_v04_90000.hdf5,0.16951787576,1,20.0,1.8,0.4,,none,65,0.004,0.16000000000000003,0.5555555555555556,0.7200000000000001,,206.78349696646669,1.0227927422874137,0.6182669016054033,1.54331158977397,0.13059984447570092,0.038918031284299076
Ma_xp_A2000_n65_r18_v06_90000.hdf5,0.0,0,20.0,1.8,0.6,,none,65,0.004,0.36,0.5555555555555556,1.08,,206.78349696646669,1.0512836701466808,0.6096778554028849,1.520247993618419,0.10416863072682106,-0.10416863072682106
Ma_xp_A2000_n65_r18_v08_90000.hdf5,0.0,4,20.0,1.8,0.8,,none,65,0.004,0.6400000000000001,0.5555555555555556,1.4400000000000002,,206.78349696646669,1.0911709691496547,0.5982332520861442,1.4896375435423213,0.030381132319423056,-0.030381132319423056
Ma_xp_A2000_n65_r18_v10_90000.hdf5,0.0,3,20.0,1.8,1.0,,none,65,0.004,1.0,0.5555555555555556,1.8,,206.78349696646669,1.1424546392963355,0.5844239938926532,1.4528805774074975,0.017112389657915127,-0.017112389657915127
Ma_xp_A2000_n65_r19_v00_90000.hdf5,0.575639271988,4,20.0,1.9,0.0,,none,65,0.001,0.0,0.5263157894736842,0.0,,206.78349696646669,1.0,0.4580226086897332,1.5259412514688657,0.5358282397734404,0.039811032214559616
Ma_xp_A2000_n65_r19_v00_90000.hdf5,0.575639271988,4,20.0,1.9,0.0,,none,65,0.002,0.0,0.5263157894736842,0.0,,206.78349696646669,1.0,0.4580226086897332,1.5259412514688657,0.5353379867122462,0.04030128527575383
Ma_xp_A2000_n65_r19_v00_90000.hdf5,0.575639271988,4,20.0,1.9,0.0,,none,65,0.003,0.0,0.5263157894736842,0.0,,206.78349696646669,1.0,0.4580226086897332,1.5259412514688657,0.5356293806703369,0.04000989131766308
Ma_xp_A2000_n65_r19_v00_90000.hdf5,0.575639271988,4,20.0,1.9,0.0,,none,65,0.0035,0.0,0.5263157894736842,0.0,,206.78349696646669,1.0,0.4580226086897332,1.5259412514688657,0.5349207458670946,0.04071852612090543
Ma_xp_A2000_n65_r19_v00_90000.hdf5,0.575639271988,4,20.0,1.9,0.0,,none,65,0.004,0.0,0.5263157894736842,0.0,,206.78349696646669,1.0,0.4580226086897332,1.5259412514688657,0.5328502530113775,0.04278901897662257
Ma_xp_A2000_n65_r19_v00_90000.hdf5,0.575639271988,4,20.0,1.9,0.0,,none,65,0.0045,0.0,0.5263157894736842,0.0,,206.78349696646669,1.0,0.4580226086897332,1.5259412514688657,0.5360405878238305,0.03959868416416956
Ma_xp_A2000_n65_r19_v00_90000.hdf5,0.575639271988,4,20.0,1.9,0.0,,none,65,0.005,0.0,0.5263157894736842,0.0,,206.78349696646669,1.0,0.4580226086897332,1.5259412514688657,0.5370307498595348,0.03860852212846522
Ma_xp_A2000_n65_r19_v00_90000.hdf5,0.575639271988,4,20.0,1.9,0.0,,none,65,0.006,0.0,0.5263157894736842,0.0,,206.78349696646669,1.0,0.4580226086897332,1.5259412514688657,0.5373967971595399,0.038242474828460105
Ma_xp_A2000_n65_r19_v00_90000.hdf5,0.575639271988,4,20.0,1.9,0.0,,none,65,0.008,0.0,0.5263157894736842,0.0,,206.78349696646669,1.0,0.4580226086897332,1.5259412514688657,0.5376152892746935,0.03802398271330654
Ma_xp_A2000_n65_r20_v00_90000.hdf5,0.566699455804,3,20.0,2.0,0.0,,none,65,0.001,0.0,0.5,0.0,,206.78349696646669,1.0,0.0,1.4788571295282895,0.5360054368750974,0.030694018928902667
Ma_xp_A2000_n65_r20_v00_90000.hdf5,0.566699455804,3,20.0,2.0,0.0,,none,65,0.002,0.0,0.5,0.0,,206.78349696646669,1.0,0.0,1.4788571295282895,0.5360509636529335,0.030648492151066575
Ma_xp_A2000_n65_r20_v00_90000.hdf5,0.566699455804,3,20.0,2.0,0.0,,none,65,0.003,0.0,0.5,0.0,,206.78349696646669,1.0,0.0,1.4788571295282895,0.536265728740217,0.030433727063783
Ma_xp_A2000_n65_r20_v00_90000.hdf5,0.566699455804,3,20.0,2.0,0.0,,none,65,0.0035,0.0,0.5,0.0,,206.78349696646669,1.0,0.0,1.4788571295282895,0.536097148184466,0.030602307619534086
Ma_xp_A2000_n65_r20_v00_90000.hdf5,0.566699455804,3,20.0,2.0,0.0,,none,65,0.004,0.0,0.5,0.0,,206.78349696646669,1.0,0.0,1.4788571295282895,0.5360029463236641,0.030696509480335976
Ma_xp_A2000_n65_r20_v00_90000.hdf5,0.566699455804,3,20.0,2.0,0.0,,none,65,0.0045,0.0,0.5,0.0,,206.78349696646669,1.0,0.0,1.4788571295282895,0.5365270417920641,0.030172414011935933
Ma_xp_A2000_n65_r20_v00_90000.hdf5,0.566699455804,3,20.0,2.0,0.0,,none,65,0.005,0.0,0.5,0.0,,206.78349696646669,1.0,0.0,1.4788571295282895,0.5367952567059248,0.02990419909807529
Ma_xp_A2000_n65_r20_v00_90000.hdf5,0.566699455804,3,20.0,2.0,0.0,,none,65,0.006,0.0,0.5,0.0,,206.78349696646669,1.0,0.0,1.4788571295282895,0.5368351148095388,0.029864340994461225
Ma_xp_A2000_n65_r20_v00_90000.hdf5,0.566699455804,3,20.0,2.0,0.0,,none,65,0.008,0.0,0.5,0.0,,206.78349696646669,1.0,0.0,1.4788571295282895,0.5368351148095388,0.029864340994461225
Ma_xp_A2000_n65_r20_v02_90000.hdf5,0.376890629381,1,20.0,2.0,0.2,,none,65,0.004,0.04000000000000001,0.5,0.4,,206.78349696646669,1.0063313173020594,0.0,1.4738750056555374,0.4083076826485414,-0.031417053267541406
Ma_xp_A2000_n65_r20_v04_90000.hdf5,0.0231034840653,4,20.0,2.0,0.4,,none,65,0.004,0.16000000000000003,0.5,0.8,,206.78349696646669,1.0253252692082375,0.0,1.4592262751583032,0.18429170547604665,-0.16118822141074665
Ma_xp_A2000_n65_r20_v06_90000.hdf5,0.0,2,20.0,2.0,0.6,,none,65,0.004,0.36,0.5,1.2,,206.78349696646669,1.0569818557185342,0.0,1.4357558186355435,0.038018933363920246,-0.038018933363920246
Ma_xp_A2000_n65_r22_v00_90000.hdf5,0.515823830938,2,20.0,2.2,0.0,,none,65,0.001,0.0,0.45454545454545453,0.0,,206.78349696646669,1.0,0.0,1.3463893624089283,0.5233381643698928,-0.0075143334318927835
Ma_xp_A2000_n65_r22_v00_90000.hdf5,0.515823830938,2,20.0,2.2,0.0,,none,65,0.002,0.0,0.45454545454545453,0.0,,206.78349696646669,1.0,0.0,1.3463893624089283,0.5233381643698928,-0.0075143334318927835
Ma_xp_A2000_n65_r22_v00_90000.hdf5,0.515823830938,2,20.0,2.2,0.0,,none,65,0.003,0.0,0.45454545454545453,0.0,,206.78349696646669,1.0,0.0,1.3463893624089283,0.5232457785112735,-0.007421947573273524
Ma_xp_A2000_n65_r22_v00_90000.hdf5,0.515823830938,2,20.0,2.2,0.0,,none,65,0.0035,0.0,0.45454545454545453,0.0,,206.78349696646669,1.0,0.0,1.3463893624089283,0.5230127931444211,-0.007188962206421068
Ma_xp_A2000_n65_r22_v00_90000.hdf5,0.515823830938,2,20.0,2.2,0.0,,none,65,0.004,0.0,0.45454545454545453,0.0,,206.78349696646669,1.0,0.0,1.3463893624089283,0.5211698863769886,-0.005346055438988584
Ma_xp_A2000_n65_r22_v00_90000.hdf5,0.515823830938,2,20.0,2.2,0.0,,none,65,0.0045,0.0,0.45454545454545453,0.0,,206.78349696646669,1.0,0.0,1.3463893624089283,0.5222937058512027,-0.006469874913202722
Ma_xp_A2000_n65_r22_v00_90000.hdf5,0.515823830938,2,20.0,2.2,0.0,,none,65,0.005,0.0,0.45454545454545453,0.0,,206.78349696646669,1.0,0.0,1.3463893624089283,0.5227602913097615,-0.006936460371761544
Ma_xp_A2000_n65_r22_v00_90000.hdf5,0.515823830938,2,20.0,2.2,0.0,,none,65,0.006,0.0,0.45454545454545453,0.0,,206.78349696646669,1.0,0.0,1.3463893624089283,0.5231105005834742,-0.0072866696454741975
Ma_xp_A2000_n65_r22_v00_90000.hdf5,0.515823830938,2,20.0,2.2,0.0,,none,65,0.008,0.0,0.45454545454545453,0.0,,206.78349696646669,1.0,0.0,1.3463893624089283,0.5232210929856991,-0.0073972620476990825
Ma_xp_A2000_n65_r24_v00_90000.hdf5,0.513014705541,4,20.0,2.4,0.0,,none,65,0.001,0.0,0.4166666666666667,0.0,,206.78349696646669,1.0,0.0,1.143154556939899,0.5147141190822366,-0.001699413541236594
Ma_xp_A2000_n65_r24_v00_90000.hdf5,0.513014705541,4,20.0,2.4,0.0,,none,65,0.002,0.0,0.4166666666666667,0.0,,206.78349696646669,1.0,0.0,1.143154556939899,0.5147141190822366,-0.001699413541236594
Ma_xp_A2000_n65_r24_v00_90000.hdf5,0.513014705541,4,20.0,2.4,0.0,,none,65,0.003,0.0,0.4166666666666667,0.0,,206.78349696646669,1.0,0.0,1.143154556939899,0.5146356917504906,-0.0016209862094905825
Ma_xp_A2000_n65_r24_v00_90000.hdf5,0.513014705541,4,20.0,2.4,0.0,,none,65,0.0035,0.0,0.4166666666666667,0.0,,206.78349696646669,1.0,0.0,1.143154556939899,0.5144410811240406,-0.0014263755830405955
Ma_xp_A2000_n65_r24_v00_90000.hdf5,0.513014705541,4,20.0,2.4,0.0,,none,65,0.004,0.0,0.4166666666666667,0.0,,206.78349696646669,1.0,0.0,1.143154556939899,0.5143527315329927,-0.0013380259919926196
Ma_xp_A2000_n65_r24_v00_90000.hdf5,0.513014705541,4,20.0,2.4,0.0,,none,65,0.0045,0.0,0.4166666666666667,0.0,,206.78349696646669,1.0,0.0,1.143154556939899,0.5143478007583746,-0.0013330952173745692
Ma_xp_A2000_n65_r24_v00_90000.hdf5,0.513014705541,4,20.0,2.4,0.0,,none,65,0.005,0.0,0.4166666666666667,0.0,,206.78349696646669,1.0,0.0,1.143154556939899,0.5143478007583746,-0.0013330952173745692
Ma_xp_A2000_n65_r24_v00_90000.hdf5,0.513014705541,4,20.0,2.4,0.0,,none,65,0.006,0.0,0.4166666666666667,0.0,,206.78349696646669,1.0,0.0,1.143154556939899,0.5143478007583746,-0.0013330952173745692
Ma_xp_A2000_n65_r24_v00_90000.hdf5,0.513014705541,4,20.0,2.4,0.0,,none,65,0.008,0.0,0.4166666666666667,0.0,,206.78349696646669,1.0,0.0,1.143154556939899,0.5143478007583746,-0.0013330952173745692
Ma_xp_A2000_s030mz_n65_r12_v00_90000.hdf5,0.484466730777,2,20.0,1.2,0.0,3.0,mz,65,0.004,0.0,0.8333333333333334,0.0,0.3333333333333333,206.78349696646669,1.0,0.9827806394355548,1.614442585309293,0.5171856911105932,-0.03271896033359323
Ma_xp_A2000_s030x_n65_r12_v00_90000.hdf5,0.507089986108,1,20.0,1.2,0.0,3.0,x,65,0.004,0.0,0.8333333333333334,0.0,0.3333333333333333,206.78349696646669,1.0,0.9827806394355548,1.614442585309293,0.5061344296340766,0.0009555564739234246
Ma_xp_A2000_s030x_n65_r16_v00_90000.hdf5,0.49920136661,0,20.0,1.6,0.0,3.0,x,65,0.004,0.0,0.625,0.0,0.3333333333333333,206.78349696646669,1.0,0.821281919029865,1.608818427700622,0.46375948910808557,0.03544187750191441
Ma_xp_A2000_s030x_n65_r16_v06_90000.hdf5,0.218661426561,4,20.0,1.6,0.6,3.0,x,65,0.004,0.36,0.625,0.96,0.3333333333333333,206.78349696646669,1.0455854845748274,0.8024067910450003,1.5685756873017576,0.22257609418723076,-0.003914667626230772
Ma_xp_A2000_s030x_n65_r20_v00_90000.hdf5,0.545202713108,3,20.0,2.0,0.0,3.0,x,65,0.004,0.0,0.5,0.0,0.3333333333333333,206.78349696646669,1.0,0.0,1.4788571295282895,0.5560108604645578,-0.010808147356557884
Ma_xp_A2000_s030y_n65_r12_v00_90000.hdf5,0.521478984921,2,20.0,1.2,0.0,3.0,y,65,0.004,0.0,0.8333333333333334,0.0,0.3333333333333333,206.78349696646669,1.0,0.9827806394355548,1.614442585309293,0.5111604158090048,0.010318569111995135
Ma_xp_A2000_s030y_n65_r16_v00_90000.hdf5,0.486096252795,1,20.0,1.6,0.0,3.0,y,65,0.004,0.0,0.625,0.0,0.3333333333333333,206.78349696646669,1.0,0.821281919029865,1.608818427700622,0.4933364385481924,-0.007240185753192407
Ma_xp_A2000_s030y_n65_r16_v06_90000.hdf5,0.301745862238,1,20.0,1.6,0.6,3.0,y,65,0.004,0.36,0.625,0.96,0.3333333333333333,206.78349696646669,1.0455854845748274,0.8024067910450003,1.5685756873017576,0.26183921300873514,0.039906649229264846
Ma_xp_A2000_s030y_n65_r20_v00_90000.hdf5,0.527247296805,4,20.0,2.0,0.0,3.0,y,65,0.004,0.0,0.5,0.0,0.3333333333333333,206.78349696646669,1.0,0.0,1.4788571295282895,0.5461556906417501,-0.018908393836750026
Ma_xp_A2000_s030z_n65_r11_v00_90000.hdf5,0.510386977485,3,20.0,1.1,0.0,3.0,z,65,0.004,0.0,0.9090909090909091,0.0,0.3333333333333333,206.78349696646669,1.0,0.9950146326707979,1.6007232048504096,0.517721200481713,-0.007334222996713047
Ma_xp_A2000_s030z_n65_r12_v00_90000.hdf5,0.514438804697,2,20.0,1.2,0.0,3.0,z,65,0.004,0.0,0.8333333333333334,0.0,0.3333333333333333,206.78349696646669,1.0,0.9827806394355548,1.614442585309293,0.5112948827295215,0.00314392196747848
Ma_xp_A2000_s030z_n65_r12_v02_90000.hdf5,0.509614749119,1,20.0,1.2,0.2,3.0,z,65,0.004,0.04000000000000001,0.8333333333333334,0.24,0.3333333333333333,206.78349696646669,1.0037987903812355,0.9806831622829186,1.6105617858015973,0.48797570613601504,0.021639042982984913
Ma_xp_A2000_s030z_n65_r12_v04_90000.hdf5,0.45301945402,0,20.0,1.2,0.4,3.0,z,65,0.004,0.16000000000000003,0.8333333333333334,0.48,0.3333333333333333,206.78349696646669,1.0151951615249424,0.9744710491123042,1.5990893158984896,0.4436140614193994,0.009405392600600582
Ma_xp_A2000_s030z_n65_r12_v06_90000.hdf5,0.366959946899,4,20.0,1.2,0.6,3.0,z,65,0.004,0.36,0.8333333333333334,0.72,0.3333333333333333,206.78349696646669,1.0341891134311205,0.9643768113754055,1.580514285261953,0.34962985416718406,0.01733009273181596
Ma_xp_A2000_s030z_n65_r12_v08_90000.hdf5,0.273877019629,3,20.0,1.2,0.8,3.0,z,65,0.004,0.6400000000000001,0.8333333333333334,0.96,0.3333333333333333,206.78349696646669,1.06078064609977,0.950761528447568,1.5555878292397605,0.2327957356054698,0.04108128402353023
Ma_xp_A2000_s030z_n65_r12_v10_90000.hdf5,0.156054461136,2,20.0,1.2,1.0,3.0,z,65,0.004,1.0,0.8333333333333334,1.2,0.3333333333333333,206.78349696646669,1.0949697595308905,0.934080602193229,1.5252422398947536,0.16274774194393452,-0.006693280807934521
Ma_xp_A2000_s030z_n65_r12_v12_90000.hdf5,0.0502090740311,1,20.0,1.2,1.2,3.0,z,65,0.004,1.44,0.8333333333333334,1.44,0.3333333333333333,206.78349696646669,1.136756453724482,0.9148449085136009,1.4905024966024005,0.06412811252207785,-0.013919038490977857
Ma_xp_A2000_s030z_n65_r12_v14_90000.hdf5,0.000615379361138,0,20.0,1.2,1.4,3.0,z,65,0.004,1.9599999999999997,0.8333333333333334,1.68,0.3333333333333333,206.78349696646669,1.1861407286805452,0.8935831841748193,1.4524047288711484,0.021836460676856618,-0.021221081315718617
Ma_xp_A2000_s030z_n65_r12_v16_90000.hdf5,0.0,4,20.0,1.2,1.6,3.0,z,65,0.004,2.5600000000000005,0.8333333333333334,1.92,0.3333333333333333,206.78349696646669,1.2431225843990794,0.870810053062178,1.4119313004100371,0.01782538792859657,-0.01782538792859657
Ma_xp_A2000_s030z_n65_r13_v00_90000.hdf5,0.509361134398,3,20.0,1.3,0.0,3.0,z,65,0.004,0.0,0.7692307692307692,0.0,0.3333333333333333,206.78349696646669,1.0,0.9610937965888252,1.6225211180584214,0.5129452050244403,-0.0035840706264402833
Ma_xp_A2000_s030z_n65_r14_v00_90000.hdf5,0.511456277028,2,20.0,1.4,0.0,3.0,z,65,0.004,0.0,0.7142857142857143,0.0,0.3333333333333333,206.78349696646669,1.0,0.9284869091985879,1.6245823617011257,0.5118045628410737,-0.0003482858130736677
Ma_xp_A2000_s030z_n65_r15_v00_90000.hdf5,0.508678398508,1,20.0,1.5,0.0,3.0,z,65,0.004,0.0,0.6666666666666666,0.0,0.3333333333333333,206.78349696646669,1.0,0.8829049036741616,1.6201874567538088,0.5054796433678185,0.0031987551401815306
Ma_xp_A2000_s030z_n65_r16_v00_90000.hdf5,0.510513630056,0,20.0,1.6,0.0,3.0,z,65,0.004,0.0,0.625,0.0,0.3333333333333333,206.78349696646669,1.0,0.821281919029865,1.608818427700622,0.5069768836544295,0.003536746401570534
Ma_xp_A2000_s030z_n65_r16_v02_90000.hdf5,0.496777476201,4,20.0,1.6,0.2,3.0,z,65,0.004,0.04000000000000001,0.625,0.32000000000000006,0.3333333333333333,206.78349696646669,1.0050650538416475,0.8191185930993311,1.6041920074662481,0.4753329906574393,0.02144448554356071
Ma_xp_A2000_s030z_n65_r16_v06_90000.hdf5,0.36432723739,3,20.0,1.6,0.6,3.0,z,65,0.004,0.36,0.625,0.96,0.3333333333333333,206.78349696646669,1.0455854845748274,0.8024067910450003,1.5685756873017576,0.34345419768718904,0.020873039702810958
Ma_xp_A2000_s030z_n65_r16_v08_90000.hdf5,0.253169472504,2,20.0,1.6,0.8,3.0,z,65,0.004,0.6400000000000001,0.625,1.2800000000000002,0.3333333333333333,206.78349696646669,1.0810408614663598,0.7885944111107589,1.5392987010643135,0.23351550453557465,0.019653967968425362
Ma_xp_A2000_s030z_n65_r16_v10_90000.hdf5,0.143952601243,1,20.0,1.6,1.0,3.0,z,65,0.004,1.0,0.625,1.6,0.3333333333333333,206.78349696646669,1.1266263460411872,0.7718420200458999,1.5039770163205064,0.11340625023006344,0.030546351012936554
Ma_xp_A2000_s030z_n65_r17_v00_90000.hdf5,0.514184277176,0,20.0,1.7,0.0,3.0,z,65,0.004,0.0,0.5882352941176471,0.0,0.3333333333333333,206.78349696646669,1.0,0.7386068134544167,1.5898550828167466,0.5005715928781588,0.013612684297841238
Ma_xp_A2000_s030z_n65_r18_v00_90000.hdf5,0.506989425658,4,20.0,1.8,0.0,3.0,z,65,0.004,0.0,0.5555555555555556,0.0,0.3333333333333333,206.78349696646669,1.0,0.6254058614589896,1.5625421811002254,0.5098561000911179,-0.002866674433117944
Ma_xp_A2000_s030z_n65_r19_v00_90000.hdf5,0.508836828652,0,20.0,1.9,0.0,3.0,z,65,0.004,0.0,0.5263157894736842,0.0,0.3333333333333333,206.78349696646669,1.0,0.4580226086897332,1.5259412514688657,0.5044746199793336,0.004362208672666346
Ma_xp_A2000_s030z_n65_r20_v00_90000.hdf5,0.508562986181,1,20.0,2.0,0.0,3.0,z,65,0.004,0.0,0.5,0.0,0.3333333333333333,206.78349696646669,1.0,0.0,1.4788571295282895,0.4862518445486291,0.022311141632370968
Ma_xp_A2000_s030z_n65_r20_v02_90000.hdf5,0.480140392686,2,20.0,2.0,0.2,3.0,z,65,0.004,0.04000000000000001,0.5,0.4,0.3333333333333333,206.78349696646669,1.0063313173020594,0.0,1.4738750056555374,0.43942819209338996,0.04071220059261005
Ma_xp_A2000_s030z_n65_r20_v04_90000.hdf5,0.428499464152,0,20.0,2.0,0.4,3.0,z,65,0.004,0.16000000000000003,0.5,0.8,0.3333333333333333,206.78349696646669,1.0253252692082375,0.0,1.4592262751583032,0.35091974123482234,0.07757972291717768
Ma_xp_A2000_s030z_n65_r20_v06_90000.hdf5,0.339140435832,4,20.0,2.0,0.6,3.0,z,65,0.004,0.36,0.5,1.2,0.3333333333333333,206.78349696646669,1.0569818557185342,0.0,1.4357558186355435,0.22165128260350545,0.11748915322849454
Ma_xp_A2000_s030z_n65_r20_v08_90000.hdf5,0.2233612046,3,20.0,2.0,0.8,3.0,z,65,0.004,0.6400000000000001,0.5,1.6,0.3333333333333333,206.78349696646669,1.1013010768329496,0.0,1.4047262380679093,0.1400445732746075,0.08331663132539249
Ma_xp_A2000_s030z_n65_r20_v10_90000.hdf5,0.107791316194,2,20.0,2.0,1.0,3.0,z,65,0.004,1.0,0.5,2.0,0.3333333333333333,206.78349696646669,1.158282932551484,0.0,1.3676437072787335,0.05080874853030099,0.056982567663699
Ma_xp_A2000_s030z_n65_r22_v00_90000.hdf5,0.49803733196,1,20.0,2.2,0.0,3.0,z,65,0.004,0.0,0.45454545454545453,0.0,0.3333333333333333,206.78349696646669,1.0,0.0,1.3463893624089283,0.48174446470422944,0.01629286725577056
Ma_xp_A2000_s030z_n65_r24_v00_90000.hdf5,0.472523754244,0,20.0,2.4,0.0,3.0,z,65,0.004,0.0,0.4166666666666667,0.0,0.3333333333333333,206.78349696646669,1.0,0.0,1.143154556939899,0.47044847166592707,0.0020752825780729345
Ma_xp_A2000_s030z_n65_r26_v00_90000.hdf5,0.370593404689,4,20.0,2.6,0.0,3.0,z,65,0.004,0.0,0.3846153846153846,0.0,0.3333333333333333,206.78349696646669,1.0,0.0,0.8106534669459369,0.49155628916962135,-0.12096288448062137
Ma_xp_A2000_s030z_n65_r28_v00_90000.hdf5,0.509431336976,3,20.0,2.8,0.0,3.0,z,65,0.004,0.0,0.35714285714285715,0.0,0.3333333333333333,206.78349696646669,1.0,0.0,0.0,0.4565614553427712,0.052869881633228755
Ma_xp_A2000_s030z_n65_r30_v00_90000.hdf5,0.48638433635,2,20.0,3.0,0.0,3.0,z,65,0.004,0.0,0.3333333333333333,0.0,0.3333333333333333,206.78349696646669,1.0,0.0,0.0,0.4753856801434305,0.01099865620656948
Ma_xp_A2000_s036mz_n65_r12_v00_90000.hdf5,0.527640236109,1,20.0,1.2,0.0,3.6,mz,65,0.004,0.0,0.8333333333333334,0.0,0.2777777777777778,206.78349696646669,1.0,0.9827806394355548,1.614442585309293,0.5006128447460819,0.027027391362918096
Ma_xp_A2000_s036x_n65_r12_v00_90000.hdf5,0.510228082703,0,20.0,1.2,0.0,3.6,x,65,0.004,0.0,0.8333333333333334,0.0,0.2777777777777778,206.78349696646669,1.0,0.9827806394355548,1.614442585309293,0.5136730990392194,-0.0034450163362194086
Ma_xp_A2000_s036x_n65_r16_v00_90000.hdf5,0.458049808461,4,20.0,1.6,0.0,3.6,x,65,0.004,0.0,0.625,0.0,0.2777777777777778,206.78349696646669,1.0,0.821281919029865,1.608818427700622,0.49003105212180204,-0.03198124366080202
Ma_xp_A2000_s036x_n65_r16_v06_90000.hdf5,0.174864053268,3,20.0,1.6,0.6,3.6,x,65,0.004,0.36,0.625,0.96,0.2777777777777778,206.78349696646669,1.0455854845748274,0.8024067910450003,1.5685756873017576,0.2473236499606555,-0.0724595966926555
Ma_xp_A2000_s036x_n65_r20_v00_90000.hdf5,0.577233977827,1,20.0,2.0,0.0,3.6,x,65,0.004,0.0,0.5,0.0,0.2777777777777778,206.78349696646669,1.0,0.0,1.4788571295282895,0.5443820101437169,0.032851967683283134
Ma_xp_A2000_s036y_n65_r12_v00_90000.hdf5,0.516546366731,2,20.0,1.2,0.0,3.6,y,65,0.004,0.0,0.8333333333333334,0.0,0.2777777777777778,206.78349696646669,1.0,0.9827806394355548,1.614442585309293,0.5114383014239698,0.0051080653070301185
Ma_xp_A2000_s036y_n65_r16_v00_90000.hdf5,0.492197070842,0,20.0,1.6,0.0,3.6,y,65,0.004,0.0,0.625,0.0,0.2777777777777778,206.78349696646669,1.0,0.821281919029865,1.608818427700622,0.4744424786326262,0.01775459220937381
Ma_xp_A2000_s036y_n65_r16_v06_90000.hdf5,0.288225498486,4,20.0,1.6,0.6,3.6,y,65,0.004,0.36,0.625,0.96,0.2777777777777778,206.78349696646669,1.0455854845748274,0.8024067910450003,1.5685756873017576,0.2668966289832597,0.021328869502740266
Ma_xp_A2000_s036y_n65_r20_v00_90000.hdf5,0.546346711259,3,20.0,2.0,0.0,3.6,y,65,0.004,0.0,0.5,0.0,0.2777777777777778,206.78349696646669,1.0,0.0,1.4788571295282895,0.5349169045074682,0.011429806751531824
Ma_xp_A2000_s036z_n65_r12_v00_90000.hdf5,0.522356616132,2,20.0,1.2,0.0,3.6,z,65,0.004,0.0,0.8333333333333334,0.0,0.2777777777777778,206.78349696646669,1.0,0.9827806394355548,1.614442585309293,0.5115317353345669,0.010824880797433156
Ma_xp_A2000_s036z_n65_r16_v00_90000.hdf5,0.514941146782,1,20.0,1.6,0.0,3.6,z,65,0.004,0.0,0.625,0.0,0.2777777777777778,206.78349696646669,1.0,0.821281919029865,1.608818427700622,0.5058015468031736,0.009139599978826407
Ma_xp_A2000_s036z_n65_r16_v06_90000.hdf5,0.362175763391,0,20.0,1.6,0.6,3.6,z,65,0.004,0.36,0.625,0.96,0.2777777777777778,206.78349696646669,1.0455854845748274,0.8024067910450003,1.5685756873017576,0.34347170360858675,0.01870405978241324
Ma_xp_A2000_s036z_n65_r20_v00_90000.hdf5,0.494201008515,4,20.0,2.0,0.0,3.6,z,65,0.004,0.0,0.5,0.0,0.2777777777777778,206.78349696646669,1.0,0.0,1.4788571295282895,0.5003274418370269,-0.006126433322026947
Ma_xp_A2000_s047mz_n65_r12_v00_90000.hdf5,0.535997467648,3,20.0,1.2,0.0,4.7,mz,65,0.004,0.0,0.8333333333333334,0.0,0.2127659574468085,206.78349696646669,1.0,0.9827806394355548,1.614442585309293,0.5025287353274304,0.03346873232056968
Ma_xp_A2000_s047mz_n65_r16_v00_90000.hdf5,0.528601217224,2,20.0,1.6,0.0,4.7,mz,65,0.004,0.0,0.625,0.0,0.2127659574468085,206.78349696646669,1.0,0.821281919029865,1.608818427700622,0.5172929785509685,0.011308238673031545
Ma_xp_A2000_s047mz_n65_r16_v06_90000.hdf5,0.0,1,20.0,1.6,0.6,4.7,mz,65,0.004,0.36,0.625,0.96,0.2127659574468085,206.78349696646669,1.0455854845748274,0.8024067910450003,1.5685756873017576,0.06700138946263866,-0.06700138946263866
Ma_xp_A2000_s047x_n65_r12_v00_90000.hdf5,0.487913776082,0,20.0,1.2,0.0,4.7,x,65,0.004,0.0,0.8333333333333334,0.0,0.2127659574468085,206.78349696646669,1.0,0.9827806394355548,1.614442585309293,0.513048862840196,-0.025135086758196035
Ma_xp_A2000_s047x_n65_r16_v00_90000.hdf5,0.446990429051,4,20.0,1.6,0.0,4.7,x,65,0.004,0.0,0.625,0.0,0.2127659574468085,206.78349696646669,1.0,0.821281919029865,1.608818427700622,0.4705680288905027,-0.023577599839502694
Ma_xp_A2000_s047x_n65_r16_v06_90000.hdf5,0.190012073575,3,20.0,1.6,0.6,4.7,x,65,0.004,0.36,0.625,0.96,0.2127659574468085,206.78349696646669,1.0455854845748274,0.8024067910450003,1.5685756873017576,0.22444233396642552,-0.03443026039142552
Ma_xp_A2000_s047x_n65_r20_v00_90000.hdf5,0.562640918983,4,20.0,2.0,0.0,4.7,x,65,0.004,0.0,0.5,0.0,0.2127659574468085,206.78349696646669,1.0,0.0,1.4788571295282895,0.5617607828468808,0.0008801361361191473
Ma_xp_A2000_s047y_n65_r12_v00_90000.hdf5,0.516131092839,2,20.0,1.2,0.0,4.7,y,65,0.004,0.0,0.8333333333333334,0.0,0.2127659574468085,206.78349696646669,1.0,0.9827806394355548,1.614442585309293,0.5113420039458895,0.004789088893110582
Ma_xp_A2000_s047y_n65_r16_v00_90000.hdf5,0.485217934666,4,20.0,1.6,0.0,4.7,y,65,0.004,0.0,0.625,0.0,0.2127659574468085,206.78349696646669,1.0,0.821281919029865,1.608818427700622,0.473616633675233,0.011601300990767005
Ma_xp_A2000_s047y_n65_r16_v06_90000.hdf5,0.270599865034,1,20.0,1.6,0.6,4.7,y,65,0.004,0.36,0.625,0.96,0.2127659574468085,206.78349696646669,1.0455854845748274,0.8024067910450003,1.5685756873017576,0.2175685201623863,0.053031344871613734
Ma_xp_A2000_s047y_n65_r20_v00_90000.hdf5,0.571898802066,3,20.0,2.0,0.0,4.7,y,65,0.004,0.0,0.5,0.0,0.2127659574468085,206.78349696646669,1.0,0.0,1.4788571295282895,0.5365083572464837,0.035390444819516254
Ma_xp_A2000_s047z_n65_r11_v00_90000.hdf5,0.515697860846,2,20.0,1.1,0.0,4.7,z,65,0.004,0.0,0.9090909090909091,0.0,0.2127659574468085,206.78349696646669,1.0,0.9950146326707979,1.6007232048504096,0.5199942613088709,-0.004296400462870942
Ma_xp_A2000_s047z_n65_r12_v00_90000.hdf5,0.516705994856,1,20.0,1.2,0.0,4.7,z,65,0.004,0.0,0.8333333333333334,0.0,0.2127659574468085,206.78349696646669,1.0,0.9827806394355548,1.614442585309293,0.5133309893941062,0.003375005461893843
Ma_xp_A2000_s047z_n65_r12_v02_90000.hdf5,0.501083712438,0,20.0,1.2,0.2,4.7,z,65,0.004,0.04000000000000001,0.8333333333333334,0.24,0.2127659574468085,206.78349696646669,1.0037987903812355,0.9806831622829186,1.6105617858015973,0.4704387718538347,0.03064494058416528
Ma_xp_A2000_s047z_n65_r12_v04_90000.hdf5,0.446095523366,4,20.0,1.2,0.4,4.7,z,65,0.004,0.16000000000000003,0.8333333333333334,0.48,0.2127659574468085,206.78349696646669,1.0151951615249424,0.9744710491123042,1.5990893158984896,0.4136614146760667,0.032434108689933294
Ma_xp_A2000_s047z_n65_r12_v06_90000.hdf5,0.368268697439,3,20.0,1.2,0.6,4.7,z,65,0.004,0.36,0.8333333333333334,0.72,0.2127659574468085,206.78349696646669,1.0341891134311205,0.9643768113754055,1.580514285261953,0.31402867523434497,0.054240022204655014
Ma_xp_A2000_s047z_n65_r12_v08_90000.hdf5,0.253053653094,2,20.0,1.2,0.8,4.7,z,65,0.004,0.6400000000000001,0.8333333333333334,0.96,0.2127659574468085,206.78349696646669,1.06078064609977,0.950761528447568,1.5555878292397605,0.20631866491500894,0.04673498817899108
Ma_xp_A2000_s047z_n65_r12_v10_90000.hdf5,0.134662417409,1,20.0,1.2,1.0,4.7,z,65,0.004,1.0,0.8333333333333334,1.2,0.2127659574468085,206.78349696646669,1.0949697595308905,0.934080602193229,1.5252422398947536,0.10779624441288609,0.02686617299611392
Ma_xp_A2000_s047z_n65_r12_v12_90000.hdf5,0.0335144474964,0,20.0,1.2,1.2,4.7,z,65,0.004,1.44,0.8333333333333334,1.44,0.2127659574468085,206.78349696646669,1.136756453724482,0.9148449085136009,1.4905024966024005,0.031232145345906605,0.0022823021504933955
Ma_xp_A2000_s047z_n65_r12_v14_90000.hdf5,0.0,4,20.0,1.2,1.4,4.7,z,65,0.004,1.9599999999999997,0.8333333333333334,1.68,0.2127659574468085,206.78349696646669,1.1861407286805452,0.8935831841748193,1.4524047288711484,0.005428409742508645,-0.005428409742508645
Ma_xp_A2000_s047z_n65_r12_v16_90000.hdf5,0.0,3,20.0,1.2,1.6,4.7,z,65,0.004,2.5600000000000005,0.8333333333333334,1.92,0.2127659574468085,206.78349696646669,1.2431225843990794,0.870810053062178,1.4119313004100371,0.0007233703425538158,-0.0007233703425538158
Ma_xp_A2000_s047z_n65_r13_v00_90000.hdf5,0.506621492481,2,20.0,1.3,0.0,4.7,z,65,0.004,0.0,0.7692307692307692,0.0,0.2127659574468085,206.78349696646669,1.0,0.9610937965888252,1.6225211180584214,0.5122509127871859,-0.0056294203061859616
Ma_xp_A2000_s047z_n65_r14_v00_90000.hdf5,0.511075243859,1,20.0,1.4,0.0,4.7,z,65,0.004,0.0,0.7142857142857143,0.0,0.2127659574468085,206.78349696646669,1.0,0.9284869091985879,1.6245823617011257,0.5095365508271636,0.0015386930318364023
Ma_xp_A2000_s047z_n65_r15_v00_90000.hdf5,0.506431123386,0,20.0,1.5,0.0,4.7,z,65,0.004,0.0,0.6666666666666666,0.0,0.2127659574468085,206.78349696646669,1.0,0.8829049036741616,1.6201874567538088,0.5018356550585515,0.004595468327448504
Ma_xp_A2000_s047z_n65_r16_v00_90000.hdf5,0.497570106107,4,20.0,1.6,0.0,4.7,z,65,0.004,0.0,0.625,0.0,0.2127659574468085,206.78349696646669,1.0,0.821281919029865,1.608818427700622,0.507329988980615,-0.009759882873615011
Ma_xp_A2000_s047z_n65_r16_v02_90000.hdf5,0.482401435675,3,20.0,1.6,0.2,4.7,z,65,0.004,0.04000000000000001,0.625,0.32000000000000006,0.2127659574468085,206.78349696646669,1.0050650538416475,0.8191185930993311,1.6041920074662481,0.4687614594286329,0.013639976246367091
Ma_xp_A2000_s047z_n65_r16_v04_90000.hdf5,0.429829698717,2,20.0,1.6,0.4,4.7,z,65,0.004,0.16000000000000003,0.625,0.6400000000000001,0.2127659574468085,206.78349696646669,1.02026021536659,0.8127298954070143,1.5905508285215892,0.405034568959979,0.024795129757020973
Ma_xp_A2000_s047z_n65_r16_v06_90000.hdf5,0.345937448811,1,20.0,1.6,0.6,4.7,z,65,0.004,0.36,0.625,0.96,0.2127659574468085,206.78349696646669,1.0455854845748274,0.8024067910450003,1.5685756873017576,0.3089510689926129,0.03698637981838715
Ma_xp_A2000_s047z_n65_r16_v08_90000.hdf5,0.22875819267,0,20.0,1.6,0.8,4.7,z,65,0.004,0.6400000000000001,0.625,1.2800000000000002,0.2127659574468085,206.78349696646669,1.0810408614663598,0.7885944111107589,1.5392987010643135,0.1783758457211271,0.05038234694887289
Ma_xp_A2000_s047z_n65_r16_v10_90000.hdf5,0.108900292764,4,20.0,1.6,1.0,4.7,z,65,0.004,1.0,0.625,1.6,0.2127659574468085,206.78349696646669,1.1266263460411872,0.7718420200458999,1.5039770163205064,0.059237521316535424,0.049662771447464574
Ma_xp_A2000_s047z_n65_r17_v00_90000.hdf5,0.501777832309,3,20.0,1.7,0.0,4.7,z,65,0.004,0.0,0.5882352941176471,0.0,0.2127659574468085,206.78349696646669,1.0,0.7386068134544167,1.5898550828167466,0.499870515309112,0.001907316999887998
Ma_xp_A2000_s047z_n65_r18_v00_90000.hdf5,0.510070272127,2,20.0,1.8,0.0,4.7,z,65,0.004,0.0,0.5555555555555556,0.0,0.2127659574468085,206.78349696646669,1.0,0.6254058614589896,1.5625421811002254,0.4998773999691603,0.01019287215783965
Ma_xp_A2000_s047z_n65_r19_v00_90000.hdf5,0.500751989547,1,20.0,1.9,0.0,4.7,z,65,0.004,0.0,0.5263157894736842,0.0,0.2127659574468085,206.78349696646669,1.0,0.4580226086897332,1.5259412514688657,0.5022246550093558,-0.0014726654623558044
Ma_xp_A2000_s047z_n65_r20_v00_90000.hdf5,0.466187349752,0,20.0,2.0,0.0,4.7,z,65,0.004,0.0,0.5,0.0,0.2127659574468085,206.78349696646669,1.0,0.0,1.4788571295282895,0.505338900084404,-0.03915155033240397
Ma_xp_A2000_s047z_n65_r20_v02_90000.hdf5,0.4436943874,4,20.0,2.0,0.2,4.7,z,65,0.004,0.04000000000000001,0.5,0.4,0.2127659574468085,206.78349696646669,1.0063313173020594,0.0,1.4738750056555374,0.4248362060752665,0.018858181324733492
Ma_xp_A2000_s047z_n65_r20_v04_90000.hdf5,0.37491106095,3,20.0,2.0,0.4,4.7,z,65,0.004,0.16000000000000003,0.5,0.8,0.2127659574468085,206.78349696646669,1.0253252692082375,0.0,1.4592262751583032,0.3195436487619261,0.055367412188073895
Ma_xp_A2000_s047z_n65_r20_v06_90000.hdf5,0.232183255236,2,20.0,2.0,0.6,4.7,z,65,0.004,0.36,0.5,1.2,0.2127659574468085,206.78349696646669,1.0569818557185342,0.0,1.4357558186355435,0.15086408736709425,0.08131916786890575
Ma_xp_A2000_s047z_n65_r20_v08_90000.hdf5,0.10126880093,1,20.0,2.0,0.8,4.7,z,65,0.004,0.6400000000000001,0.5,1.6,0.2127659574468085,206.78349696646669,1.1013010768329496,0.0,1.4047262380679093,0.15077674088445717,-0.04950793995445717
Ma_xp_A2000_s047z_n65_r20_v10_90000.hdf5,0.0,0,20.0,2.0,1.0,4.7,z,65,0.004,1.0,0.5,2.0,0.2127659574468085,206.78349696646669,1.158282932551484,0.0,1.3676437072787335,0.07847126914102673,-0.07847126914102673
Ma_xp_A2000_s047z_n65_r22_v00_90000.hdf5,0.488914953081,4,20.0,2.2,0.0,4.7,z,65,0.004,0.0,0.45454545454545453,0.0,0.2127659574468085,206.78349696646669,1.0,0.0,1.3463893624089283,0.4975292499991359,-0.008614296918135866
Ma_xp_A2000_s047z_n65_r24_v00_90000.hdf5,0.498798650846,0,20.0,2.4,0.0,4.7,z,65,0.004,0.0,0.4166666666666667,0.0,0.2127659574468085,206.78349696646669,1.0,0.0,1.143154556939899,0.4954118173579866,0.0033868334880133855
Ma_xp_A2000_s047z_n65_r26_v00_90000.hdf5,0.49682791962,1,20.0,2.6,0.0,4.7,z,65,0.004,0.0,0.3846153846153846,0.0,0.2127659574468085,206.78349696646669,1.0,0.0,0.8106534669459369,0.4497639616330289,0.047063957986971106
Ma_xp_A2000_s047z_n65_r28_v00_90000.hdf5,0.491048225362,2,20.0,2.8,0.0,4.7,z,65,0.004,0.0,0.35714285714285715,0.0,0.2127659574468085,206.78349696646669,1.0,0.0,0.0,0.4918321639368673,-0.0007839385748673044
Ma_xp_A2000_s047z_n65_r30_v00_90000.hdf5,0.488388433907,0,20.0,3.0,0.0,4.7,z,65,0.004,0.0,0.3333333333333333,0.0,0.2127659574468085,206.78349696646669,1.0,0.0,0.0,0.48999293619321743,-0.0016045022862174463
Ma_xp_A2000_s086mz_n65_r12_v00_90000.hdf5,0.451783176558,4,20.0,1.2,0.0,8.6,mz,65,0.004,0.0,0.8333333333333334,0.0,0.11627906976744186,206.78349696646669,1.0,0.9827806394355548,1.614442585309293,0.5132054338062887,-0.0614222572482887
Ma_xp_A2000_s086mz_n65_r16_v00_90000.hdf5,0.596814701301,3,20.0,1.6,0.0,8.6,mz,65,0.004,0.0,0.625,0.0,0.11627906976744186,206.78349696646669,1.0,0.821281919029865,1.608818427700622,0.4806215658765507,0.11619313542444931
Ma_xp_A2000_s086mz_n65_r16_v06_90000.hdf5,0.0,2,20.0,1.6,0.6,8.6,mz,65,0.004,0.36,0.625,0.96,0.11627906976744186,206.78349696646669,1.0455854845748274,0.8024067910450003,1.5685756873017576,0.08736211044921996,-0.08736211044921996
Ma_xp_A2000_s086x_n65_r12_v00_90000.hdf5,0.51090226729,1,20.0,1.2,0.0,8.6,x,65,0.004,0.0,0.8333333333333334,0.0,0.11627906976744186,206.78349696646669,1.0,0.9827806394355548,1.614442585309293,0.5051282646683,0.005774002621700025
Ma_xp_A2000_s086x_n65_r16_v00_90000.hdf5,0.419465651028,0,20.0,1.6,0.0,8.6,x,65,0.004,0.0,0.625,0.0,0.11627906976744186,206.78349696646669,1.0,0.821281919029865,1.608818427700622,0.4593690803983973,-0.039903429370397314
Ma_xp_A2000_s086x_n65_r16_v06_90000.hdf5,0.213204847898,4,20.0,1.6,0.6,8.6,x,65,0.004,0.36,0.625,0.96,0.11627906976744186,206.78349696646669,1.0455854845748274,0.8024067910450003,1.5685756873017576,0.17831179578449227,0.03489305211350774
Ma_xp_A2000_s086x_n65_r20_v00_90000.hdf5,0.536468963197,3,20.0,2.0,0.0,8.6,x,65,0.004,0.0,0.5,0.0,0.11627906976744186,206.78349696646669,1.0,0.0,1.4788571295282895,0.5516584606964094,-0.015189497499409454
Ma_xp_A2000_s086y_n65_r12_v00_90000.hdf5,0.517472847106,2,20.0,1.2,0.0,8.6,y,65,0.004,0.0,0.8333333333333334,0.0,0.11627906976744186,206.78349696646669,1.0,0.9827806394355548,1.614442585309293,0.5098673378243368,0.0076055092816631475
Ma_xp_A2000_s086y_n65_r16_v00_90000.hdf5,0.443361715826,1,20.0,1.6,0.0,8.6,y,65,0.004,0.0,0.625,0.0,0.11627906976744186,206.78349696646669,1.0,0.821281919029865,1.608818427700622,0.4819030134866202,-0.0385412976606202
Ma_xp_A2000_s086y_n65_r16_v06_90000.hdf5,0.213953358939,0,20.0,1.6,0.6,8.6,y,65,0.004,0.36,0.625,0.96,0.11627906976744186,206.78349696646669,1.0455854845748274,0.8024067910450003,1.5685756873017576,0.2623561831793052,-0.0484028242403052
Ma_xp_A2000_s086y_n65_r20_v00_90000.hdf5,0.551854374969,4,20.0,2.0,0.0,8.6,y,65,0.004,0.0,0.5,0.0,0.11627906976744186,206.78349696646669,1.0,0.0,1.4788571295282895,0.5458710987188123,0.005983276250187686
Ma_xp_A2000_s086z_n65_r12_v00_90000.hdf5,0.527257266602,3,20.0,1.2,0.0,8.6,z,65,0.004,0.0,0.8333333333333334,0.0,0.11627906976744186,206.78349696646669,1.0,0.9827806394355548,1.614442585309293,0.5126801334387227,0.014577133163277356
Ma_xp_A2000_s086z_n65_r16_v00_90000.hdf5,0.500753570685,1,20.0,1.6,0.0,8.6,z,65,0.004,0.0,0.625,0.0,0.11627906976744186,206.78349696646669,1.0,0.821281919029865,1.608818427700622,0.49942283052068054,0.0013307401643194994
Ma_xp_A2000_s086z_n65_r16_v06_90000.hdf5,0.320709943908,2,20.0,1.6,0.6,8.6,z,65,0.004,0.36,0.625,0.96,0.11627906976744186,206.78349696646669,1.0455854845748274,0.8024067910450003,1.5685756873017576,0.3022099065896786,0.018500037318321394
Ma_xp_A2000_s086z_n65_r20_v00_90000.hdf5,0.432060369139,0,20.0,2.0,0.0,8.6,z,65,0.004,0.0,0.5,0.0,0.11627906976744186,206.78349696646669,1.0,0.0,1.4788571295282895,0.504212400266209,-0.07215203112720897
Ma_xp_A2000_s170mz_n65_r12_v00_90000.hdf5,0.518351503269,4,20.0,1.2,0.0,17.0,mz,65,0.004,0.0,0.8333333333333334,0.0,0.058823529411764705,206.78349696646669,1.0,0.9827806394355548,1.614442585309293,0.5210044473687058,-0.002652944099705734
Ma_xp_A2000_s170mz_n65_r16_v00_90000.hdf5,0.335212781937,3,20.0,1.6,0.0,17.0,mz,65,0.004,0.0,0.625,0.0,0.058823529411764705,206.78349696646669,1.0,0.821281919029865,1.608818427700622,0.4850858234081716,-0.1498730414711716
Ma_xp_A2000_s170mz_n65_r16_v06_90000.hdf5,0.115056723403,2,20.0,1.6,0.6,17.0,mz,65,0.004,0.36,0.625,0.96,0.058823529411764705,206.78349696646669,1.0455854845748274,0.8024067910450003,1.5685756873017576,0.08909795239022561,0.025958771012774384
Ma_xp_A2000_s170x_n65_r12_v00_90000.hdf5,0.521909701085,1,20.0,1.2,0.0,17.0,x,65,0.004,0.0,0.8333333333333334,0.0,0.058823529411764705,206.78349696646669,1.0,0.9827806394355548,1.614442585309293,0.5045548304649075,0.017354870620092555
Ma_xp_A2000_s170x_n65_r16_v00_90000.hdf5,0.455507822691,0,20.0,1.6,0.0,17.0,x,65,0.004,0.0,0.625,0.0,0.058823529411764705,206.78349696646669,1.0,0.821281919029865,1.608818427700622,0.41774972481351313,0.03775809787748685
Ma_xp_A2000_s170x_n65_r16_v06_90000.hdf5,0.22977072828,4,20.0,1.6,0.6,17.0,x,65,0.004,0.36,0.625,0.96,0.058823529411764705,206.78349696646669,1.0455854845748274,0.8024067910450003,1.5685756873017576,0.1853843417622914,0.0443863865177086
Ma_xp_A2000_s170x_n65_r20_v00_90000.hdf5,0.542222608723,3,20.0,2.0,0.0,17.0,x,65,0.004,0.0,0.5,0.0,0.058823529411764705,206.78349696646669,1.0,0.0,1.4788571295282895,0.5553735174743609,-0.013150908751360935
Ma_xp_A2000_s170y_n65_r12_v00_90000.hdf5,0.50945253022,2,20.0,1.2,0.0,17.0,y,65,0.004,0.0,0.8333333333333334,0.0,0.058823529411764705,206.78349696646669,1.0,0.9827806394355548,1.614442585309293,0.5147093910886544,-0.0052568608686544005
Ma_xp_A2000_s170y_n65_r16_v00_90000.hdf5,0.459274098552,1,20.0,1.6,0.0,17.0,y,65,0.004,0.0,0.625,0.0,0.058823529411764705,206.78349696646669,1.0,0.821281919029865,1.608818427700622,0.4369217658850181,0.022352332666981944
Ma_xp_A2000_s170y_n65_r16_v06_90000.hdf5,0.204766821355,0,20.0,1.6,0.6,17.0,y,65,0.004,0.36,0.625,0.96,0.058823529411764705,206.78349696646669,1.0455854845748274,0.8024067910450003,1.5685756873017576,0.26161280727667197,-0.056845985921671977
Ma_xp_A2000_s170y_n65_r20_v00_90000.hdf5,0.531398755643,4,20.0,2.0,0.0,17.0,y,65,0.004,0.0,0.5,0.0,0.058823529411764705,206.78349696646669,1.0,0.0,1.4788571295282895,0.5487220977037504,-0.01732334206075037
Ma_xp_A2000_s170z_n65_r12_v00_90000.hdf5,0.513116031971,3,20.0,1.2,0.0,17.0,z,65,0.004,0.0,0.8333333333333334,0.0,0.058823529411764705,206.78349696646669,1.0,0.9827806394355548,1.614442585309293,0.514905271388328,-0.0017892394173280035
Ma_xp_A2000_s170z_n65_r16_v00_90000.hdf5,0.495445525769,3,20.0,1.6,0.0,17.0,z,65,0.004,0.0,0.625,0.0,0.058823529411764705,206.78349696646669,1.0,0.821281919029865,1.608818427700622,0.5044787692297406,-0.009033243460740581
Ma_xp_A2000_s170z_n65_r16_v06_90000.hdf5,0.285775408172,1,20.0,1.6,0.6,17.0,z,65,0.004,0.36,0.625,0.96,0.058823529411764705,206.78349696646669,1.0455854845748274,0.8024067910450003,1.5685756873017576,0.3013424270768463,-0.015567018904846297
Ma_xp_A2000_s170z_n65_r20_v00_90000.hdf5,0.572434899696,0,20.0,2.0,0.0,17.0,z,65,0.004,0.0,0.5,0.0,0.058823529411764705,206.78349696646669,1.0,0.0,1.4788571295282895,0.5038041643559678,0.06863073534003228
Ma_xp_A2000c30_n65_r12_v00_90000.hdf5,0.457320555447,3,20.0,1.2,0.0,,none,65,0.004,0.0,0.8333333333333334,0.0,,206.78349696646669,1.0,0.9827806394355548,1.614442585309293,0.5149602931981968,-0.057639737751196796
Ma_xp_A2000c30_n65_r12_v02_90000.hdf5,0.419203472253,3,20.0,1.2,0.2,,none,65,0.004,0.04000000000000001,0.8333333333333334,0.24,,206.78349696646669,1.0037987903812355,0.9806831622829186,1.6105617858015973,0.4763074626117338,-0.057103990358733814
Ma_xp_A2000c30_n65_r12_v04_90000.hdf5,0.377498924311,1,20.0,1.2,0.4,,none,65,0.004,0.16000000000000003,0.8333333333333334,0.48,,206.78349696646669,1.0151951615249424,0.9744710491123042,1.5990893158984896,0.4086050813582245,-0.03110615704722447
Ma_xp_A2000c30_n65_r12_v06_90000.hdf5,0.224497593581,2,20.0,1.2,0.6,,none,65,0.004,0.36,0.8333333333333334,0.72,,206.78349696646669,1.0341891134311205,0.9643768113754055,1.580514285261953,0.28666934608979533,-0.062171752508795336
Ma_xp_A2000c30_n65_r12_v08_90000.hdf5,0.151194210835,3,20.0,1.2,0.8,,none,65,0.004,0.6400000000000001,0.8333333333333334,0.96,,206.78349696646669,1.06078064609977,0.950761528447568,1.5555878292397605,0.09799759186336256,0.05319661897163745
Ma_xp_A2000c30_n65_r12_v10_90000.hdf5,0.104214042636,4,20.0,1.2,1.0,,none,65,0.004,1.0,0.8333333333333334,1.2,,206.78349696646669,1.0949697595308905,0.934080602193229,1.5252422398947536,0.05917826340712629,0.0450357792288737
Ma_xp_A2000c30_n65_r14_v00_90000.hdf5,0.518413142969,0,20.0,1.4,0.0,,none,65,0.004,0.0,0.7142857142857143,0.0,,206.78349696646669,1.0,0.9284869091985879,1.6245823617011257,0.5078021854136077,0.01061095755539232
Ma_xp_A2000c30_n65_r16_v00_90000.hdf5,0.459161509877,1,20.0,1.6,0.0,,none,65,0.004,0.0,0.625,0.0,,206.78349696646669,1.0,0.821281919029865,1.608818427700622,0.44456367758985876,0.014597832287141232
Ma_xp_A2000c30_n65_r16_v02_90000.hdf5,0.423026794446,2,20.0,1.6,0.2,,none,65,0.004,0.04000000000000001,0.625,0.32000000000000006,,206.78349696646669,1.0050650538416475,0.8191185930993311,1.6041920074662481,0.41472848941169743,0.008298305034302567
Ma_xp_A2000c30_n65_r16_v04_90000.hdf5,0.40778501858,3,20.0,1.6,0.4,,none,65,0.004,0.16000000000000003,0.625,0.6400000000000001,,206.78349696646669,1.02026021536659,0.8127298954070143,1.5905508285215892,0.3213011593498629,0.08648385923013707
Ma_xp_A2000c30_n65_r16_v06_90000.hdf5,0.113606884412,0,20.0,1.6,0.6,,none,65,0.004,0.36,0.625,0.96,,206.78349696646669,1.0455854845748274,0.8024067910450003,1.5685756873017576,0.22566617360416952,-0.11205928919216952
Ma_xp_A2000c30_n65_r16_v10_90000.hdf5,0.109225894778,4,20.0,1.6,1.0,,none,65,0.004,1.0,0.625,1.6,,206.78349696646669,1.1266263460411872,0.7718420200458999,1.5039770163205064,0.010954640904461814,0.09827125387353819
Ma_xp_A2000c30_n65_r18_v00_90000.hdf5,0.459062311754,2,20.0,1.8,0.0,,none,65,0.004,0.0,0.5555555555555556,0.0,,206.78349696646669,1.0,0.6254058614589896,1.5625421811002254,0.4150714364280011,0.04399087532599888
Ma_xp_A2000c30_n65_r20_v00_90000.hdf5,0.529835321729,1,20.0,2.0,0.0,,none,65,0.004,0.0,0.5,0.0,,206.78349696646669,1.0,0.0,1.4788571295282895,0.5665483840065547,-0.036713062277554664
Ma_xp_A2000c30_n65_r22_v00_90000.hdf5,0.511131625269,4,20.0,2.2,0.0,,none,65,0.004,0.0,0.45454545454545453,0.0,,206.78349696646669,1.0,0.0,1.3463893624089283,0.5158553942483034,-0.004723768979303378
Ma_xp_A2050_n70_r12_v00_90000.hdf5,0.525494252673,4,20.5,1.2,0.0,,none,70,0.003,0.0,0.8333333333333334,0.0,,303.5166654037102,1.0,0.9827806394355548,1.614442585309293,0.5118116410051355,0.013682611667864442
Ma_xp_A2050_n70_r12_v00_90000.hdf5,0.525494252673,4,20.5,1.2,0.0,,none,70,0.004,0.0,0.8333333333333334,0.0,,303.5166654037102,1.0,0.9827806394355548,1.614442585309293,0.5102174823374255,0.015276770335574508
Ma_xp_A2050_n70_r12_v00_90000.hdf5,0.525494252673,4,20.5,1.2,0.0,,none,70,0.005,0.0,0.8333333333333334,0.0,,303.5166654037102,1.0,0.9827806394355548,1.614442585309293,0.5118697094821062,0.01362454319089379
Ma_xp_A2050_n70_r16_v00_90000.hdf5,0.459185915562,3,20.5,1.6,0.0,,none,70,0.003,0.0,0.625,0.0,,303.5166654037102,1.0,0.821281919029865,1.608818427700622,0.4497795605702474,0.009406354991752575
Ma_xp_A2050_n70_r16_v00_90000.hdf5,0.459185915562,3,20.5,1.6,0.0,,none,70,0.004,0.0,0.625,0.0,,303.5166654037102,1.0,0.821281919029865,1.608818427700622,0.45130133783642984,0.007884577725570163
Ma_xp_A2050_n70_r16_v00_90000.hdf5,0.459185915562,3,20.5,1.6,0.0,,none,70,0.005,0.0,0.625,0.0,,303.5166654037102,1.0,0.821281919029865,1.608818427700622,0.4507848624986626,0.008401053063337383
Ma_xp_A2100_n70_r12_v00_90000.hdf5,0.510967623109,0,21.0,1.2,0.0,,none,70,0.0044,0.0,0.8333333333333334,0.0,,445.5015391906586,1.0,0.9827806394355548,1.614442585309293,0.5214185541946782,-0.010450931085678183
Ma_xp_A2100_n70_r12_v00_90000.hdf5,0.510967623109,0,21.0,1.2,0.0,,none,70,0.0059,0.0,0.8333333333333334,0.0,,445.5015391906586,1.0,0.9827806394355548,1.614442585309293,0.5211621469369145,-0.010194523827914526
Ma_xp_A2100_n70_r12_v00_90000.hdf5,0.510967623109,0,21.0,1.2,0.0,,none,70,0.0074,0.0,0.8333333333333334,0.0,,445.5015391906586,1.0,0.9827806394355548,1.614442585309293,0.5214272275521937,-0.010459604443193715
Ma_xp_A2100_n70_r16_v00_90000.hdf5,0.463221289243,1,21.0,1.6,0.0,,none,70,0.0044,0.0,0.625,0.0,,445.5015391906586,1.0,0.821281919029865,1.608818427700622,0.45135821815376587,0.011863071089234123
Ma_xp_A2100_n70_r16_v00_90000.hdf5,0.463221289243,1,21.0,1.6,0.0,,none,70,0.0059,0.0,0.625,0.0,,445.5015391906586,1.0,0.821281919029865,1.608818427700622,0.45146710472390034,0.011754184519099653
Ma_xp_A2100_n70_r16_v00_90000.hdf5,0.463221289243,1,21.0,1.6,0.0,,none,70,0.0074,0.0,0.625,0.0,,445.5015391906586,1.0,0.821281919029865,1.608818427700622,0.4504496890351242,0.012771600207875766
