dataset,target,model,importance_type,rank,feature,importance
clean_subset,fragment_count_min_particles,gradient_boosting,model_feature_importance,1,num__periapsis_Rm,0.4210203767765668
clean_subset,fragment_count_min_particles,gradient_boosting,model_feature_importance,2,num__spin_period_hr,0.2683406810374667
clean_subset,fragment_count_min_particles,gradient_boosting,model_feature_importance,3,cat__spin_axis_y,0.1708210737256187
clean_subset,fragment_count_min_particles,gradient_boosting,model_feature_importance,4,cat__spin_axis_x,0.1057745099440295
clean_subset,fragment_count_min_particles,gradient_boosting,model_feature_importance,5,cat__spin_axis_z,0.022126021498382584
clean_subset,fragment_count_min_particles,gradient_boosting,model_feature_importance,6,cat__spin_axis_mz,0.0077662651569905235
clean_subset,fragment_count_min_particles,gradient_boosting,model_feature_importance,7,num__v_inf_kms,0.003861861846666274
clean_subset,fragment_count_min_particles,gradient_boosting,model_feature_importance,8,cat__spin_axis_none,0.00014989511424926937
clean_subset,fragment_count_min_particles,gradient_boosting,model_feature_importance,9,num__has_explicit_spin,0.0001393149000295322
clean_subset,fragment_count_min_particles,gradient_boosting,model_feature_importance,10,num__fof_linking_length,0.0
clean_subset,fragment_count_min_particles,gradient_boosting,model_feature_importance,11,num__timestep,0.0
clean_subset,fragment_count_min_particles,gradient_boosting,model_feature_importance,12,num__particle_log10,0.0
clean_subset,fragment_count_min_particles,gradient_boosting,model_feature_importance,13,num__mass_log10_kg,0.0
clean_subset,fragment_count_min_particles,gradient_boosting,permutation_importance,1,spin_axis,310.63154169866885
clean_subset,fragment_count_min_particles,gradient_boosting,permutation_importance,2,periapsis_Rm,185.82387150097463
clean_subset,fragment_count_min_particles,gradient_boosting,permutation_importance,3,spin_period_hr,101.85467190454804
clean_subset,fragment_count_min_particles,gradient_boosting,permutation_importance,4,v_inf_kms,21.666027197536415
clean_subset,fragment_count_min_particles,gradient_boosting,permutation_importance,5,fof_linking_length,0.0
clean_subset,fragment_count_min_particles,gradient_boosting,permutation_importance,6,timestep,0.0
clean_subset,fragment_count_min_particles,gradient_boosting,permutation_importance,7,particle_log10,0.0
clean_subset,fragment_count_min_particles,gradient_boosting,permutation_importance,8,mass_log10_kg,0.0
clean_subset,fragment_count_min_particles,gradient_boosting,permutation_importance,9,has_explicit_spin,-0.5662966192324632
clean_subset,fragment_count_min_particles,random_forest,model_feature_importance,1,num__spin_period_hr,0.31305324249192035
clean_subset,fragment_count_min_particles,random_forest,model_feature_importance,2,num__periapsis_Rm,0.24676846210762496
clean_subset,fragment_count_min_particles,random_forest,model_feature_importance,3,cat__spin_axis_y,0.235906223722707
clean_subset,fragment_count_min_particles,random_forest,model_feature_importance,4,cat__spin_axis_x,0.10282808847066477
clean_subset,fragment_count_min_particles,random_forest,model_feature_importance,5,num__v_inf_kms,0.04851743031761373
clean_subset,fragment_count_min_particles,random_forest,model_feature_importance,6,cat__spin_axis_z,0.04434235032256782
clean_subset,fragment_count_min_particles,random_forest,model_feature_importance,7,cat__spin_axis_mz,0.007641723216008615
clean_subset,fragment_count_min_particles,random_forest,model_feature_importance,8,num__has_explicit_spin,0.0004815589021339586
clean_subset,fragment_count_min_particles,random_forest,model_feature_importance,9,cat__spin_axis_none,0.0004609204487589036
clean_subset,fragment_count_min_particles,random_forest,model_feature_importance,10,num__fof_linking_length,0.0
clean_subset,fragment_count_min_particles,random_forest,model_feature_importance,11,num__timestep,0.0
clean_subset,fragment_count_min_particles,random_forest,model_feature_importance,12,num__particle_log10,0.0
clean_subset,fragment_count_min_particles,random_forest,model_feature_importance,13,num__mass_log10_kg,0.0
clean_subset,fragment_count_min_particles,random_forest,permutation_importance,1,spin_axis,289.9979365181931
clean_subset,fragment_count_min_particles,random_forest,permutation_importance,2,periapsis_Rm,134.24172537065337
clean_subset,fragment_count_min_particles,random_forest,permutation_importance,3,spin_period_hr,89.04122193468297
clean_subset,fragment_count_min_particles,random_forest,permutation_importance,4,v_inf_kms,19.79220502716243
clean_subset,fragment_count_min_particles,random_forest,permutation_importance,5,has_explicit_spin,0.7483453781512708
clean_subset,fragment_count_min_particles,random_forest,permutation_importance,6,timestep,3.410605131648481e-14
clean_subset,fragment_count_min_particles,random_forest,permutation_importance,7,particle_log10,2.2737367544323207e-14
clean_subset,fragment_count_min_particles,random_forest,permutation_importance,8,mass_log10_kg,1.9895196601282804e-14
clean_subset,fragment_count_min_particles,random_forest,permutation_importance,9,fof_linking_length,1.4210854715202004e-14
clean_subset,fragment_count_min_particles,ridge,absolute_coefficient,1,cat__spin_axis_y,625.1306760276191
clean_subset,fragment_count_min_particles,ridge,absolute_coefficient,2,cat__spin_axis_mz,407.0216724352705
clean_subset,fragment_count_min_particles,ridge,absolute_coefficient,3,cat__spin_axis_z,360.4859481658404
clean_subset,fragment_count_min_particles,ridge,absolute_coefficient,4,num__spin_period_hr,235.2505658022856
clean_subset,fragment_count_min_particles,ridge,absolute_coefficient,5,cat__spin_axis_x,212.71958064255804
clean_subset,fragment_count_min_particles,ridge,absolute_coefficient,6,num__has_explicit_spin,172.06672203055422
clean_subset,fragment_count_min_particles,ridge,absolute_coefficient,7,num__periapsis_Rm,170.56659712318893
clean_subset,fragment_count_min_particles,ridge,absolute_coefficient,8,cat__spin_axis_none,70.34263606909192
clean_subset,fragment_count_min_particles,ridge,absolute_coefficient,9,num__v_inf_kms,37.123505528073885
clean_subset,fragment_count_min_particles,ridge,absolute_coefficient,10,num__fof_linking_length,0.0
clean_subset,fragment_count_min_particles,ridge,absolute_coefficient,11,num__timestep,0.0
clean_subset,fragment_count_min_particles,ridge,absolute_coefficient,12,num__particle_log10,0.0
clean_subset,fragment_count_min_particles,ridge,absolute_coefficient,13,num__mass_log10_kg,0.0
clean_subset,fragment_count_min_particles,ridge,permutation_importance,1,spin_axis,168.717467999245
clean_subset,fragment_count_min_particles,ridge,permutation_importance,2,has_explicit_spin,90.33733979799787
clean_subset,fragment_count_min_particles,ridge,permutation_importance,3,periapsis_Rm,69.48546069394015
clean_subset,fragment_count_min_particles,ridge,permutation_importance,4,spin_period_hr,39.04868640219285
clean_subset,fragment_count_min_particles,ridge,permutation_importance,5,v_inf_kms,27.49158469114056
clean_subset,fragment_count_min_particles,ridge,permutation_importance,6,fof_linking_length,0.0
clean_subset,fragment_count_min_particles,ridge,permutation_importance,7,timestep,0.0
clean_subset,fragment_count_min_particles,ridge,permutation_importance,8,particle_log10,0.0
clean_subset,fragment_count_min_particles,ridge,permutation_importance,9,mass_log10_kg,0.0
clean_subset,largest_fragment_mass_kg,gradient_boosting,model_feature_importance,1,num__periapsis_Rm,0.3951460069902466
clean_subset,largest_fragment_mass_kg,gradient_boosting,model_feature_importance,2,cat__spin_axis_mz,0.2596283487499351
clean_subset,largest_fragment_mass_kg,gradient_boosting,model_feature_importance,3,cat__spin_axis_z,0.20913047769506704
clean_subset,largest_fragment_mass_kg,gradient_boosting,model_feature_importance,4,num__spin_period_hr,0.12075580316740928
clean_subset,largest_fragment_mass_kg,gradient_boosting,model_feature_importance,5,num__v_inf_kms,0.004810620870606061
clean_subset,largest_fragment_mass_kg,gradient_boosting,model_feature_importance,6,cat__spin_axis_y,0.004282969076028193
clean_subset,largest_fragment_mass_kg,gradient_boosting,model_feature_importance,7,cat__spin_axis_none,0.0033019307594779586
clean_subset,largest_fragment_mass_kg,gradient_boosting,model_feature_importance,8,num__has_explicit_spin,0.0022505175295085863
clean_subset,largest_fragment_mass_kg,gradient_boosting,model_feature_importance,9,cat__spin_axis_x,0.0006933251617210515
clean_subset,largest_fragment_mass_kg,gradient_boosting,model_feature_importance,10,num__fof_linking_length,0.0
clean_subset,largest_fragment_mass_kg,gradient_boosting,model_feature_importance,11,num__timestep,0.0
clean_subset,largest_fragment_mass_kg,gradient_boosting,model_feature_importance,12,num__particle_log10,0.0
clean_subset,largest_fragment_mass_kg,gradient_boosting,model_feature_importance,13,num__mass_log10_kg,0.0
clean_subset,largest_fragment_mass_kg,gradient_boosting,permutation_importance,1,periapsis_Rm,2.7001359023476224e+19
clean_subset,largest_fragment_mass_kg,gradient_boosting,permutation_importance,2,spin_axis,8.32501540978522e+18
clean_subset,largest_fragment_mass_kg,gradient_boosting,permutation_importance,3,spin_period_hr,3.950690413189853e+18
clean_subset,largest_fragment_mass_kg,gradient_boosting,permutation_importance,4,v_inf_kms,1.1500921744969294e+18
clean_subset,largest_fragment_mass_kg,gradient_boosting,permutation_importance,5,fof_linking_length,0.0
clean_subset,largest_fragment_mass_kg,gradient_boosting,permutation_importance,6,timestep,0.0
clean_subset,largest_fragment_mass_kg,gradient_boosting,permutation_importance,7,particle_log10,0.0
clean_subset,largest_fragment_mass_kg,gradient_boosting,permutation_importance,8,mass_log10_kg,0.0
clean_subset,largest_fragment_mass_kg,gradient_boosting,permutation_importance,9,has_explicit_spin,-1.0324016160754002e+17
clean_subset,largest_fragment_mass_kg,random_forest,model_feature_importance,1,num__periapsis_Rm,0.4190157492310393
clean_subset,largest_fragment_mass_kg,random_forest,model_feature_importance,2,cat__spin_axis_mz,0.24876504613162045
clean_subset,largest_fragment_mass_kg,random_forest,model_feature_importance,3,cat__spin_axis_z,0.17884391905100555
clean_subset,largest_fragment_mass_kg,random_forest,model_feature_importance,4,num__spin_period_hr,0.12013524872705757
clean_subset,largest_fragment_mass_kg,random_forest,model_feature_importance,5,num__v_inf_kms,0.021774581576505695
clean_subset,largest_fragment_mass_kg,random_forest,model_feature_importance,6,num__has_explicit_spin,0.005492521830696866
clean_subset,largest_fragment_mass_kg,random_forest,model_feature_importance,7,cat__spin_axis_none,0.002634539301976753
clean_subset,largest_fragment_mass_kg,random_forest,model_feature_importance,8,cat__spin_axis_x,0.0016879973334961362
clean_subset,largest_fragment_mass_kg,random_forest,model_feature_importance,9,cat__spin_axis_y,0.0016503968166017588
clean_subset,largest_fragment_mass_kg,random_forest,model_feature_importance,10,num__fof_linking_length,0.0
clean_subset,largest_fragment_mass_kg,random_forest,model_feature_importance,11,num__timestep,0.0
clean_subset,largest_fragment_mass_kg,random_forest,model_feature_importance,12,num__particle_log10,0.0
clean_subset,largest_fragment_mass_kg,random_forest,model_feature_importance,13,num__mass_log10_kg,0.0
clean_subset,largest_fragment_mass_kg,random_forest,permutation_importance,1,periapsis_Rm,2.3375428934608015e+19
clean_subset,largest_fragment_mass_kg,random_forest,permutation_importance,2,spin_axis,7.831659346706129e+18
clean_subset,largest_fragment_mass_kg,random_forest,permutation_importance,3,spin_period_hr,3.516835383236414e+18
clean_subset,largest_fragment_mass_kg,random_forest,permutation_importance,4,v_inf_kms,1.5491996649076475e+18
clean_subset,largest_fragment_mass_kg,random_forest,permutation_importance,5,has_explicit_spin,2.287746390657154e+17
clean_subset,largest_fragment_mass_kg,random_forest,permutation_importance,6,timestep,-4198.4
clean_subset,largest_fragment_mass_kg,random_forest,permutation_importance,7,fof_linking_length,-4300.8
clean_subset,largest_fragment_mass_kg,random_forest,permutation_importance,8,particle_log10,-4710.4
clean_subset,largest_fragment_mass_kg,random_forest,permutation_importance,9,mass_log10_kg,-5427.2
clean_subset,largest_fragment_mass_kg,ridge,absolute_coefficient,1,cat__spin_axis_mz,4.143994047644275e+19
clean_subset,largest_fragment_mass_kg,ridge,absolute_coefficient,2,cat__spin_axis_z,2.9008320277372334e+19
clean_subset,largest_fragment_mass_kg,ridge,absolute_coefficient,3,num__periapsis_Rm,2.1752551987450032e+19
clean_subset,largest_fragment_mass_kg,ridge,absolute_coefficient,4,cat__spin_axis_y,6.534857392325861e+18
clean_subset,largest_fragment_mass_kg,ridge,absolute_coefficient,5,cat__spin_axis_x,6.179063905669705e+18
clean_subset,largest_fragment_mass_kg,ridge,absolute_coefficient,6,num__has_explicit_spin,6.905431390142084e+17
clean_subset,largest_fragment_mass_kg,ridge,absolute_coefficient,7,num__spin_period_hr,6.735383538923052e+17
clean_subset,largest_fragment_mass_kg,ridge,absolute_coefficient,8,cat__spin_axis_none,2.8230109892381984e+17
clean_subset,largest_fragment_mass_kg,ridge,absolute_coefficient,9,num__v_inf_kms,1.888426944430874e+17
clean_subset,largest_fragment_mass_kg,ridge,absolute_coefficient,10,num__fof_linking_length,0.0
clean_subset,largest_fragment_mass_kg,ridge,absolute_coefficient,11,num__timestep,0.0
clean_subset,largest_fragment_mass_kg,ridge,absolute_coefficient,12,num__particle_log10,0.0
clean_subset,largest_fragment_mass_kg,ridge,absolute_coefficient,13,num__mass_log10_kg,0.0
clean_subset,largest_fragment_mass_kg,ridge,permutation_importance,1,periapsis_Rm,1.8048258066347223e+19
clean_subset,largest_fragment_mass_kg,ridge,permutation_importance,2,spin_axis,4.3299155471802476e+18
clean_subset,largest_fragment_mass_kg,ridge,permutation_importance,3,spin_period_hr,5.600230946856591e+16
clean_subset,largest_fragment_mass_kg,ridge,permutation_importance,4,has_explicit_spin,409.6
clean_subset,largest_fragment_mass_kg,ridge,permutation_importance,5,fof_linking_length,0.0
clean_subset,largest_fragment_mass_kg,ridge,permutation_importance,6,timestep,0.0
clean_subset,largest_fragment_mass_kg,ridge,permutation_importance,7,particle_log10,0.0
clean_subset,largest_fragment_mass_kg,ridge,permutation_importance,8,mass_log10_kg,0.0
clean_subset,largest_fragment_mass_kg,ridge,permutation_importance,9,v_inf_kms,-6.512241731310633e+16
clean_subset,largest_fragment_particle_count,gradient_boosting,model_feature_importance,1,num__periapsis_Rm,0.39584625031822174
clean_subset,largest_fragment_particle_count,gradient_boosting,model_feature_importance,2,cat__spin_axis_mz,0.25611353125759123
clean_subset,largest_fragment_particle_count,gradient_boosting,model_feature_importance,3,cat__spin_axis_z,0.2052347130772968
clean_subset,largest_fragment_particle_count,gradient_boosting,model_feature_importance,4,num__spin_period_hr,0.1227757927471025
clean_subset,largest_fragment_particle_count,gradient_boosting,model_feature_importance,5,num__v_inf_kms,0.006495145402988585
clean_subset,largest_fragment_particle_count,gradient_boosting,model_feature_importance,6,cat__spin_axis_y,0.005283515035585464
clean_subset,largest_fragment_particle_count,gradient_boosting,model_feature_importance,7,num__has_explicit_spin,0.0038961773896891753
clean_subset,largest_fragment_particle_count,gradient_boosting,model_feature_importance,8,cat__spin_axis_none,0.003502267778926516
clean_subset,largest_fragment_particle_count,gradient_boosting,model_feature_importance,9,cat__spin_axis_x,0.000852606992598063
clean_subset,largest_fragment_particle_count,gradient_boosting,model_feature_importance,10,num__fof_linking_length,0.0
clean_subset,largest_fragment_particle_count,gradient_boosting,model_feature_importance,11,num__timestep,0.0
clean_subset,largest_fragment_particle_count,gradient_boosting,model_feature_importance,12,num__particle_log10,0.0
clean_subset,largest_fragment_particle_count,gradient_boosting,model_feature_importance,13,num__mass_log10_kg,0.0
clean_subset,largest_fragment_particle_count,gradient_boosting,permutation_importance,1,periapsis_Rm,838171.869761779
clean_subset,largest_fragment_particle_count,gradient_boosting,permutation_importance,2,spin_axis,251010.25235312345
clean_subset,largest_fragment_particle_count,gradient_boosting,permutation_importance,3,spin_period_hr,116592.2269730086
clean_subset,largest_fragment_particle_count,gradient_boosting,permutation_importance,4,v_inf_kms,35153.29441806849
clean_subset,largest_fragment_particle_count,gradient_boosting,permutation_importance,5,has_explicit_spin,1652.7202739806612
clean_subset,largest_fragment_particle_count,gradient_boosting,permutation_importance,6,fof_linking_length,0.0
clean_subset,largest_fragment_particle_count,gradient_boosting,permutation_importance,7,timestep,0.0
clean_subset,largest_fragment_particle_count,gradient_boosting,permutation_importance,8,particle_log10,0.0
clean_subset,largest_fragment_particle_count,gradient_boosting,permutation_importance,9,mass_log10_kg,0.0
clean_subset,largest_fragment_particle_count,random_forest,model_feature_importance,1,num__periapsis_Rm,0.4191594106859919
clean_subset,largest_fragment_particle_count,random_forest,model_feature_importance,2,cat__spin_axis_mz,0.24535833175964228
clean_subset,largest_fragment_particle_count,random_forest,model_feature_importance,3,cat__spin_axis_z,0.18483890701893246
clean_subset,largest_fragment_particle_count,random_forest,model_feature_importance,4,num__spin_period_hr,0.11785075742642083
clean_subset,largest_fragment_particle_count,random_forest,model_feature_importance,5,num__v_inf_kms,0.021675191808644977
clean_subset,largest_fragment_particle_count,random_forest,model_feature_importance,6,num__has_explicit_spin,0.00411368816215032
clean_subset,largest_fragment_particle_count,random_forest,model_feature_importance,7,cat__spin_axis_none,0.0035787363926285194
clean_subset,largest_fragment_particle_count,random_forest,model_feature_importance,8,cat__spin_axis_x,0.0018050932581262166
clean_subset,largest_fragment_particle_count,random_forest,model_feature_importance,9,cat__spin_axis_y,0.0016198834874625594
clean_subset,largest_fragment_particle_count,random_forest,model_feature_importance,10,num__fof_linking_length,0.0
clean_subset,largest_fragment_particle_count,random_forest,model_feature_importance,11,num__timestep,0.0
clean_subset,largest_fragment_particle_count,random_forest,model_feature_importance,12,num__particle_log10,0.0
clean_subset,largest_fragment_particle_count,random_forest,model_feature_importance,13,num__mass_log10_kg,0.0
clean_subset,largest_fragment_particle_count,random_forest,permutation_importance,1,periapsis_Rm,750320.289026828
clean_subset,largest_fragment_particle_count,random_forest,permutation_importance,2,spin_axis,259494.8812368506
clean_subset,largest_fragment_particle_count,random_forest,permutation_importance,3,spin_period_hr,110691.77490699796
clean_subset,largest_fragment_particle_count,random_forest,permutation_importance,4,v_inf_kms,49980.954083366065
clean_subset,largest_fragment_particle_count,random_forest,permutation_importance,5,has_explicit_spin,2607.1502394254903
clean_subset,largest_fragment_particle_count,random_forest,permutation_importance,6,fof_linking_length,4.3655745685100555e-11
clean_subset,largest_fragment_particle_count,random_forest,permutation_importance,7,particle_log10,1.1641532182693482e-11
clean_subset,largest_fragment_particle_count,random_forest,permutation_importance,8,timestep,8.73114913702011e-12
clean_subset,largest_fragment_particle_count,random_forest,permutation_importance,9,mass_log10_kg,5.820766091346741e-12
clean_subset,largest_fragment_particle_count,ridge,absolute_coefficient,1,cat__spin_axis_mz,1311394.8258017993
clean_subset,largest_fragment_particle_count,ridge,absolute_coefficient,2,cat__spin_axis_z,919672.2556889986
clean_subset,largest_fragment_particle_count,ridge,absolute_coefficient,3,num__periapsis_Rm,692825.2623501787
clean_subset,largest_fragment_particle_count,ridge,absolute_coefficient,4,cat__spin_axis_y,207538.5915755416
clean_subset,largest_fragment_particle_count,ridge,absolute_coefficient,5,cat__spin_axis_x,196768.11254763466
clean_subset,largest_fragment_particle_count,ridge,absolute_coefficient,6,num__has_explicit_spin,30782.336428674003
clean_subset,largest_fragment_particle_count,ridge,absolute_coefficient,7,num__spin_period_hr,21319.669210159103
clean_subset,largest_fragment_particle_count,ridge,absolute_coefficient,8,cat__spin_axis_none,12584.134010330652
clean_subset,largest_fragment_particle_count,ridge,absolute_coefficient,9,num__v_inf_kms,6148.0347642869265
clean_subset,largest_fragment_particle_count,ridge,absolute_coefficient,10,num__fof_linking_length,0.0
clean_subset,largest_fragment_particle_count,ridge,absolute_coefficient,11,num__timestep,0.0
clean_subset,largest_fragment_particle_count,ridge,absolute_coefficient,12,num__particle_log10,0.0
clean_subset,largest_fragment_particle_count,ridge,absolute_coefficient,13,num__mass_log10_kg,0.0
clean_subset,largest_fragment_particle_count,ridge,permutation_importance,1,periapsis_Rm,574317.9157564893
clean_subset,largest_fragment_particle_count,ridge,permutation_importance,2,spin_axis,136330.35808588684
clean_subset,largest_fragment_particle_count,ridge,permutation_importance,3,spin_period_hr,1772.6543796282263
clean_subset,largest_fragment_particle_count,ridge,permutation_importance,4,fof_linking_length,0.0
clean_subset,largest_fragment_particle_count,ridge,permutation_importance,5,timestep,0.0
clean_subset,largest_fragment_particle_count,ridge,permutation_importance,6,particle_log10,0.0
clean_subset,largest_fragment_particle_count,ridge,permutation_importance,7,mass_log10_kg,0.0
clean_subset,largest_fragment_particle_count,ridge,permutation_importance,8,has_explicit_spin,-1.1641532182693482e-11
clean_subset,largest_fragment_particle_count,ridge,permutation_importance,9,v_inf_kms,-2120.1502486295185
full,fragment_count_min_particles,gradient_boosting,model_feature_importance,1,num__fof_linking_length,0.5497652758774397
full,fragment_count_min_particles,gradient_boosting,model_feature_importance,2,num__mass_log10_kg,0.12681356919551742
full,fragment_count_min_particles,gradient_boosting,model_feature_importance,3,num__periapsis_Rm,0.11333361812011435
full,fragment_count_min_particles,gradient_boosting,model_feature_importance,4,num__spin_period_hr,0.08247489503270808
full,fragment_count_min_particles,gradient_boosting,model_feature_importance,5,cat__spin_axis_y,0.07908900316877518
full,fragment_count_min_particles,gradient_boosting,model_feature_importance,6,cat__spin_axis_x,0.03562851534976142
full,fragment_count_min_particles,gradient_boosting,model_feature_importance,7,num__v_inf_kms,0.004273152728188137
full,fragment_count_min_particles,gradient_boosting,model_feature_importance,8,num__particle_log10,0.003614658301148868
full,fragment_count_min_particles,gradient_boosting,model_feature_importance,9,cat__spin_axis_z,0.0022839964382298824
full,fragment_count_min_particles,gradient_boosting,model_feature_importance,10,cat__spin_axis_mz,0.0021153720448943377
full,fragment_count_min_particles,gradient_boosting,model_feature_importance,11,num__timestep,0.00023579774961713428
full,fragment_count_min_particles,gradient_boosting,model_feature_importance,12,cat__spin_axis_none,0.00020701705257231197
full,fragment_count_min_particles,gradient_boosting,model_feature_importance,13,num__has_explicit_spin,0.0001651289410331082
full,fragment_count_min_particles,gradient_boosting,permutation_importance,1,mass_log10_kg,713.1837546109999
full,fragment_count_min_particles,gradient_boosting,permutation_importance,2,fof_linking_length,682.3327502070063
full,fragment_count_min_particles,gradient_boosting,permutation_importance,3,periapsis_Rm,134.12727701565808
full,fragment_count_min_particles,gradient_boosting,permutation_importance,4,spin_axis,80.67297554564988
full,fragment_count_min_particles,gradient_boosting,permutation_importance,5,spin_period_hr,30.726544678316323
full,fragment_count_min_particles,gradient_boosting,permutation_importance,6,particle_log10,21.59104197991002
full,fragment_count_min_particles,gradient_boosting,permutation_importance,7,v_inf_kms,5.683727558238948
full,fragment_count_min_particles,gradient_boosting,permutation_importance,8,timestep,0.6786872208188157
full,fragment_count_min_particles,gradient_boosting,permutation_importance,9,has_explicit_spin,0.3703504940808756
full,fragment_count_min_particles,random_forest,model_feature_importance,1,num__fof_linking_length,0.32828715382928164
full,fragment_count_min_particles,random_forest,model_feature_importance,2,num__mass_log10_kg,0.2613899089184843
full,fragment_count_min_particles,random_forest,model_feature_importance,3,num__periapsis_Rm,0.1702096973010104
full,fragment_count_min_particles,random_forest,model_feature_importance,4,num__spin_period_hr,0.09389143645015867
full,fragment_count_min_particles,random_forest,model_feature_importance,5,cat__spin_axis_y,0.08692195176260269
full,fragment_count_min_particles,random_forest,model_feature_importance,6,cat__spin_axis_x,0.03517660491805897
full,fragment_count_min_particles,random_forest,model_feature_importance,7,num__particle_log10,0.008693068389038293
full,fragment_count_min_particles,random_forest,model_feature_importance,8,num__v_inf_kms,0.007966271028921865
full,fragment_count_min_particles,random_forest,model_feature_importance,9,cat__spin_axis_z,0.003754967166635208
full,fragment_count_min_particles,random_forest,model_feature_importance,10,num__timestep,0.001139172133513466
full,fragment_count_min_particles,random_forest,model_feature_importance,11,cat__spin_axis_mz,0.0009445010012157717
full,fragment_count_min_particles,random_forest,model_feature_importance,12,num__has_explicit_spin,0.0008549695062245057
full,fragment_count_min_particles,random_forest,model_feature_importance,13,cat__spin_axis_none,0.0007702975948541277
full,fragment_count_min_particles,random_forest,permutation_importance,1,mass_log10_kg,637.4135945878573
full,fragment_count_min_particles,random_forest,permutation_importance,2,fof_linking_length,625.357234952
full,fragment_count_min_particles,random_forest,permutation_importance,3,periapsis_Rm,128.6854926160291
full,fragment_count_min_particles,random_forest,permutation_importance,4,spin_axis,78.50625615001972
full,fragment_count_min_particles,random_forest,permutation_importance,5,particle_log10,33.31454416909622
full,fragment_count_min_particles,random_forest,permutation_importance,6,spin_period_hr,26.6694956829735
full,fragment_count_min_particles,random_forest,permutation_importance,7,v_inf_kms,5.487257442208241
full,fragment_count_min_particles,random_forest,permutation_importance,8,timestep,2.4576850676345687
full,fragment_count_min_particles,random_forest,permutation_importance,9,has_explicit_spin,0.8578883416470319
full,fragment_count_min_particles,ridge,absolute_coefficient,1,cat__spin_axis_y,714.1949572882231
full,fragment_count_min_particles,ridge,absolute_coefficient,2,cat__spin_axis_mz,490.52711813485746
full,fragment_count_min_particles,ridge,absolute_coefficient,3,num__mass_log10_kg,316.80911632981525
full,fragment_count_min_particles,ridge,absolute_coefficient,4,cat__spin_axis_z,309.53817438667886
full,fragment_count_min_particles,ridge,absolute_coefficient,5,num__fof_linking_length,285.7065278460951
full,fragment_count_min_particles,ridge,absolute_coefficient,6,num__periapsis_Rm,202.25877713830334
full,fragment_count_min_particles,ridge,absolute_coefficient,7,num__spin_period_hr,157.41587355032192
full,fragment_count_min_particles,ridge,absolute_coefficient,8,cat__spin_axis_x,136.40741636846033
full,fragment_count_min_particles,ridge,absolute_coefficient,9,num__v_inf_kms,128.67798443666032
full,fragment_count_min_particles,ridge,absolute_coefficient,10,num__has_explicit_spin,101.6909773000923
full,fragment_count_min_particles,ridge,absolute_coefficient,11,cat__spin_axis_none,50.537081135095185
full,fragment_count_min_particles,ridge,absolute_coefficient,12,num__particle_log10,31.090177585203463
full,fragment_count_min_particles,ridge,absolute_coefficient,13,num__timestep,4.145484402109852
full,fragment_count_min_particles,ridge,permutation_importance,1,mass_log10_kg,179.29176197975977
full,fragment_count_min_particles,ridge,permutation_importance,2,fof_linking_length,117.7525042160293
full,fragment_count_min_particles,ridge,permutation_importance,3,periapsis_Rm,87.09589273990319
full,fragment_count_min_particles,ridge,permutation_importance,4,spin_axis,50.00845441934464
full,fragment_count_min_particles,ridge,permutation_importance,5,has_explicit_spin,32.77234771222139
full,fragment_count_min_particles,ridge,permutation_importance,6,spin_period_hr,31.0896982627897
full,fragment_count_min_particles,ridge,permutation_importance,7,v_inf_kms,19.82374642745549
full,fragment_count_min_particles,ridge,permutation_importance,8,particle_log10,6.862726491963537
full,fragment_count_min_particles,ridge,permutation_importance,9,timestep,-0.8169884458360854
full,largest_fragment_mass_kg,gradient_boosting,model_feature_importance,1,num__mass_log10_kg,0.45932553127975
full,largest_fragment_mass_kg,gradient_boosting,model_feature_importance,2,num__periapsis_Rm,0.274148374794408
full,largest_fragment_mass_kg,gradient_boosting,model_feature_importance,3,num__fof_linking_length,0.12807030587262708
full,largest_fragment_mass_kg,gradient_boosting,model_feature_importance,4,cat__spin_axis_z,0.0699446914041797
full,largest_fragment_mass_kg,gradient_boosting,model_feature_importance,5,cat__spin_axis_mz,0.03228889986680188
full,largest_fragment_mass_kg,gradient_boosting,model_feature_importance,6,num__particle_log10,0.01514878934238858
full,largest_fragment_mass_kg,gradient_boosting,model_feature_importance,7,num__spin_period_hr,0.014255083170418778
full,largest_fragment_mass_kg,gradient_boosting,model_feature_importance,8,num__timestep,0.0024014875074858883
full,largest_fragment_mass_kg,gradient_boosting,model_feature_importance,9,num__v_inf_kms,0.0018886401163195454
full,largest_fragment_mass_kg,gradient_boosting,model_feature_importance,10,cat__spin_axis_none,0.001679002834322771
full,largest_fragment_mass_kg,gradient_boosting,model_feature_importance,11,num__has_explicit_spin,0.0007463822318080787
full,largest_fragment_mass_kg,gradient_boosting,model_feature_importance,12,cat__spin_axis_y,0.00010281157948953995
full,largest_fragment_mass_kg,gradient_boosting,model_feature_importance,13,cat__spin_axis_x,0.0
full,largest_fragment_mass_kg,gradient_boosting,permutation_importance,1,periapsis_Rm,2.0103605084935234e+19
full,largest_fragment_mass_kg,gradient_boosting,permutation_importance,2,fof_linking_length,9.69538805480906e+18
full,largest_fragment_mass_kg,gradient_boosting,permutation_importance,3,mass_log10_kg,7.320150494584191e+18
full,largest_fragment_mass_kg,gradient_boosting,permutation_importance,4,spin_axis,4.928272556105271e+18
full,largest_fragment_mass_kg,gradient_boosting,permutation_importance,5,particle_log10,1.765082327374796e+18
full,largest_fragment_mass_kg,gradient_boosting,permutation_importance,6,spin_period_hr,7.08815808022052e+17
full,largest_fragment_mass_kg,gradient_boosting,permutation_importance,7,v_inf_kms,4.921875976029075e+17
full,largest_fragment_mass_kg,gradient_boosting,permutation_importance,8,timestep,1.1614281617985936e+17
full,largest_fragment_mass_kg,gradient_boosting,permutation_importance,9,has_explicit_spin,4.740544222148352e+16
full,largest_fragment_mass_kg,random_forest,model_feature_importance,1,num__mass_log10_kg,0.42275122165504736
full,largest_fragment_mass_kg,random_forest,model_feature_importance,2,num__periapsis_Rm,0.19516708757557394
full,largest_fragment_mass_kg,random_forest,model_feature_importance,3,num__fof_linking_length,0.16375334987533813
full,largest_fragment_mass_kg,random_forest,model_feature_importance,4,cat__spin_axis_z,0.08519619808813642
full,largest_fragment_mass_kg,random_forest,model_feature_importance,5,num__particle_log10,0.05041264672399509
full,largest_fragment_mass_kg,random_forest,model_feature_importance,6,cat__spin_axis_mz,0.045089722582259566
full,largest_fragment_mass_kg,random_forest,model_feature_importance,7,num__spin_period_hr,0.020171524149096377
full,largest_fragment_mass_kg,random_forest,model_feature_importance,8,num__v_inf_kms,0.009039620466985369
full,largest_fragment_mass_kg,random_forest,model_feature_importance,9,num__timestep,0.004839968168803011
full,largest_fragment_mass_kg,random_forest,model_feature_importance,10,num__has_explicit_spin,0.0012840836176904807
full,largest_fragment_mass_kg,random_forest,model_feature_importance,11,cat__spin_axis_none,0.0010438736232324301
full,largest_fragment_mass_kg,random_forest,model_feature_importance,12,cat__spin_axis_y,0.0008808627713936862
full,largest_fragment_mass_kg,random_forest,model_feature_importance,13,cat__spin_axis_x,0.00036984070244815777
full,largest_fragment_mass_kg,random_forest,permutation_importance,1,periapsis_Rm,1.5729931239163947e+19
full,largest_fragment_mass_kg,random_forest,permutation_importance,2,fof_linking_length,1.0117586778972682e+19
full,largest_fragment_mass_kg,random_forest,permutation_importance,3,spin_axis,5.485428666858643e+18
full,largest_fragment_mass_kg,random_forest,permutation_importance,4,mass_log10_kg,3.7853719543383194e+18
full,largest_fragment_mass_kg,random_forest,permutation_importance,5,spin_period_hr,9.63665923786905e+17
full,largest_fragment_mass_kg,random_forest,permutation_importance,6,particle_log10,7.408074658892588e+17
full,largest_fragment_mass_kg,random_forest,permutation_importance,7,v_inf_kms,4.871806083911533e+17
full,largest_fragment_mass_kg,random_forest,permutation_importance,8,has_explicit_spin,1.4334628335028715e+17
full,largest_fragment_mass_kg,random_forest,permutation_importance,9,timestep,-3.897220242541854e+16
full,largest_fragment_mass_kg,ridge,absolute_coefficient,1,cat__spin_axis_mz,2.9739327813141295e+19
full,largest_fragment_mass_kg,ridge,absolute_coefficient,2,cat__spin_axis_z,2.304741851968954e+19
full,largest_fragment_mass_kg,ridge,absolute_coefficient,3,num__periapsis_Rm,1.500283276092974e+19
full,largest_fragment_mass_kg,ridge,absolute_coefficient,4,num__particle_log10,1.4628259114277345e+19
full,largest_fragment_mass_kg,ridge,absolute_coefficient,5,num__fof_linking_length,1.3834107541699031e+19
full,largest_fragment_mass_kg,ridge,absolute_coefficient,6,cat__spin_axis_y,5.91810741755564e+18
full,largest_fragment_mass_kg,ridge,absolute_coefficient,7,num__mass_log10_kg,4.341814212714158e+18
full,largest_fragment_mass_kg,ridge,absolute_coefficient,8,num__timestep,4.246761074758282e+18
full,largest_fragment_mass_kg,ridge,absolute_coefficient,9,num__has_explicit_spin,1.5427156449391055e+18
full,largest_fragment_mass_kg,ridge,absolute_coefficient,10,cat__spin_axis_x,1.5404809637169518e+18
full,largest_fragment_mass_kg,ridge,absolute_coefficient,11,num__spin_period_hr,1.3548021498641628e+18
full,largest_fragment_mass_kg,ridge,absolute_coefficient,12,num__v_inf_kms,8.869116722201801e+17
full,largest_fragment_mass_kg,ridge,absolute_coefficient,13,cat__spin_axis_none,7.666790878139889e+17
full,largest_fragment_mass_kg,ridge,permutation_importance,1,periapsis_Rm,9.344027250173948e+18
full,largest_fragment_mass_kg,ridge,permutation_importance,2,particle_log10,3.9431122993777475e+18
full,largest_fragment_mass_kg,ridge,permutation_importance,3,fof_linking_length,3.774781815002027e+18
full,largest_fragment_mass_kg,ridge,permutation_importance,4,spin_axis,2.8669431587528264e+18
full,largest_fragment_mass_kg,ridge,permutation_importance,5,timestep,9.355888510772237e+17
full,largest_fragment_mass_kg,ridge,permutation_importance,6,mass_log10_kg,1.0191141085855334e+17
full,largest_fragment_mass_kg,ridge,permutation_importance,7,v_inf_kms,3.5991554757504204e+16
full,largest_fragment_mass_kg,ridge,permutation_importance,8,spin_period_hr,-7193107081623552.0
full,largest_fragment_mass_kg,ridge,permutation_importance,9,has_explicit_spin,-2.51700455659862e+17
full,largest_fragment_particle_count,gradient_boosting,model_feature_importance,1,num__periapsis_Rm,0.4235248116129316
full,largest_fragment_particle_count,gradient_boosting,model_feature_importance,2,cat__spin_axis_z,0.14818777879955303
full,largest_fragment_particle_count,gradient_boosting,model_feature_importance,3,cat__spin_axis_mz,0.09607987535646702
full,largest_fragment_particle_count,gradient_boosting,model_feature_importance,4,num__spin_period_hr,0.08735712093156088
full,largest_fragment_particle_count,gradient_boosting,model_feature_importance,5,num__fof_linking_length,0.08364924032653509
full,largest_fragment_particle_count,gradient_boosting,model_feature_importance,6,num__mass_log10_kg,0.07727118784365276
full,largest_fragment_particle_count,gradient_boosting,model_feature_importance,7,num__particle_log10,0.049005363180047265
full,largest_fragment_particle_count,gradient_boosting,model_feature_importance,8,num__v_inf_kms,0.021090093154170802
full,largest_fragment_particle_count,gradient_boosting,model_feature_importance,9,num__timestep,0.0076289588146838646
full,largest_fragment_particle_count,gradient_boosting,model_feature_importance,10,cat__spin_axis_none,0.004475457989896358
full,largest_fragment_particle_count,gradient_boosting,model_feature_importance,11,num__has_explicit_spin,0.00108560524923062
full,largest_fragment_particle_count,gradient_boosting,model_feature_importance,12,cat__spin_axis_y,0.0006162530847365833
full,largest_fragment_particle_count,gradient_boosting,model_feature_importance,13,cat__spin_axis_x,2.8253656533986734e-05
full,largest_fragment_particle_count,gradient_boosting,permutation_importance,1,periapsis_Rm,766305.925695943
full,largest_fragment_particle_count,gradient_boosting,permutation_importance,2,spin_axis,284746.79152822314
full,largest_fragment_particle_count,gradient_boosting,permutation_importance,3,fof_linking_length,167301.1205325792
full,largest_fragment_particle_count,gradient_boosting,permutation_importance,4,particle_log10,124362.20232256483
full,largest_fragment_particle_count,gradient_boosting,permutation_importance,5,mass_log10_kg,118930.25930089076
full,largest_fragment_particle_count,gradient_boosting,permutation_importance,6,spin_period_hr,82104.43819409977
full,largest_fragment_particle_count,gradient_boosting,permutation_importance,7,v_inf_kms,22448.322944781776
full,largest_fragment_particle_count,gradient_boosting,permutation_importance,8,timestep,11922.921353385836
full,largest_fragment_particle_count,gradient_boosting,permutation_importance,9,has_explicit_spin,926.259110264026
full,largest_fragment_particle_count,random_forest,model_feature_importance,1,num__periapsis_Rm,0.41781226664603344
full,largest_fragment_particle_count,random_forest,model_feature_importance,2,cat__spin_axis_z,0.13113564496292948
full,largest_fragment_particle_count,random_forest,model_feature_importance,3,cat__spin_axis_mz,0.10436369786550981
full,largest_fragment_particle_count,random_forest,model_feature_importance,4,num__mass_log10_kg,0.08942764070949447
full,largest_fragment_particle_count,random_forest,model_feature_importance,5,num__fof_linking_length,0.08664302981890315
full,largest_fragment_particle_count,random_forest,model_feature_importance,6,num__spin_period_hr,0.08129812358255584
full,largest_fragment_particle_count,random_forest,model_feature_importance,7,num__particle_log10,0.03744591950729639
full,largest_fragment_particle_count,random_forest,model_feature_importance,8,num__v_inf_kms,0.035253884973133816
full,largest_fragment_particle_count,random_forest,model_feature_importance,9,num__timestep,0.010885001456669992
full,largest_fragment_particle_count,random_forest,model_feature_importance,10,num__has_explicit_spin,0.0019364915712831196
full,largest_fragment_particle_count,random_forest,model_feature_importance,11,cat__spin_axis_none,0.001866926593816609
full,largest_fragment_particle_count,random_forest,model_feature_importance,12,cat__spin_axis_y,0.0013056267622403904
full,largest_fragment_particle_count,random_forest,model_feature_importance,13,cat__spin_axis_x,0.0006257455501333584
full,largest_fragment_particle_count,random_forest,permutation_importance,1,periapsis_Rm,710380.2967372213
full,largest_fragment_particle_count,random_forest,permutation_importance,2,spin_axis,308113.504344446
full,largest_fragment_particle_count,random_forest,permutation_importance,3,fof_linking_length,130205.24626560386
full,largest_fragment_particle_count,random_forest,permutation_importance,4,particle_log10,77856.34301204907
full,largest_fragment_particle_count,random_forest,permutation_importance,5,mass_log10_kg,71513.04952746659
full,largest_fragment_particle_count,random_forest,permutation_importance,6,spin_period_hr,69302.30458756055
full,largest_fragment_particle_count,random_forest,permutation_importance,7,v_inf_kms,23766.016354104067
full,largest_fragment_particle_count,random_forest,permutation_importance,8,has_explicit_spin,5698.3664329277235
full,largest_fragment_particle_count,random_forest,permutation_importance,9,timestep,-1832.9946583184415
full,largest_fragment_particle_count,ridge,absolute_coefficient,1,cat__spin_axis_mz,1312842.9797090811
full,largest_fragment_particle_count,ridge,absolute_coefficient,2,cat__spin_axis_z,935632.2088160532
full,largest_fragment_particle_count,ridge,absolute_coefficient,3,num__periapsis_Rm,656894.3556146775
full,largest_fragment_particle_count,ridge,absolute_coefficient,4,num__particle_log10,433384.1161096265
full,largest_fragment_particle_count,ridge,absolute_coefficient,5,num__fof_linking_length,329945.04217511555
full,largest_fragment_particle_count,ridge,absolute_coefficient,6,cat__spin_axis_y,242968.4586415026
full,largest_fragment_particle_count,ridge,absolute_coefficient,7,num__mass_log10_kg,187222.05386082683
full,largest_fragment_particle_count,ridge,absolute_coefficient,8,num__v_inf_kms,151052.14202922978
full,largest_fragment_particle_count,ridge,absolute_coefficient,9,num__timestep,136027.0862160099
full,largest_fragment_particle_count,ridge,absolute_coefficient,10,cat__spin_axis_x,125393.33416036457
full,largest_fragment_particle_count,ridge,absolute_coefficient,11,num__spin_period_hr,61046.12543530342
full,largest_fragment_particle_count,ridge,absolute_coefficient,12,num__has_explicit_spin,17805.95970217751
full,largest_fragment_particle_count,ridge,absolute_coefficient,13,cat__spin_axis_none,8848.978091148418
full,largest_fragment_particle_count,ridge,permutation_importance,1,periapsis_Rm,526257.5368706791
full,largest_fragment_particle_count,ridge,permutation_importance,2,spin_axis,221791.45193348554
full,largest_fragment_particle_count,ridge,permutation_importance,3,particle_log10,184879.70077397418
full,largest_fragment_particle_count,ridge,permutation_importance,4,fof_linking_length,81319.05342571616
full,largest_fragment_particle_count,ridge,permutation_importance,5,mass_log10_kg,55210.05245772691
full,largest_fragment_particle_count,ridge,permutation_importance,6,timestep,14899.688079241965
full,largest_fragment_particle_count,ridge,permutation_importance,7,v_inf_kms,8103.14079103996
full,largest_fragment_particle_count,ridge,permutation_importance,8,has_explicit_spin,-162.29023861063177
full,largest_fragment_particle_count,ridge,permutation_importance,9,spin_period_hr,-3792.3168256226927
