task,dataset,feature_set,target,model,rows,unique_physical_files,train_accuracy,test_accuracy,accuracy_gap,train_balanced_accuracy,test_balanced_accuracy,balanced_accuracy_gap,train_f1,test_f1,f1_gap,train_roc_auc,test_roc_auc,roc_auc_gap,train_mae,test_mae,mae_gap,train_rmse,test_rmse,rmse_gap,train_r2,test_r2,r2_gap
classification,all_successful_runs,with_fof_linking_length,bound_mass_fraction_ge_0_1,dummy_most_frequent,407,279,0.6363636363636364,0.6363636363636364,0.0,0.5,0.5,0.0,0.0,0.0,0.0,0.5,0.5,0.0,,,,,,,,,
classification,all_successful_runs,with_fof_linking_length,bound_mass_fraction_ge_0_1,logistic_regression,407,279,0.918918918918919,0.9115479115479116,0.0073710073710073765,0.9247104247104247,0.916023166023166,0.008687258687258725,0.8945686900958466,0.8846153846153846,0.009953305480462027,0.9786340394448503,0.9726077428780131,0.006026296566837175,,,,,,,,,
classification,all_successful_runs,with_fof_linking_length,bound_mass_fraction_ge_0_1,random_forest_classifier,407,279,0.9901719901719902,0.9484029484029484,0.04176904176904184,0.9893822393822393,0.9493243243243243,0.040057915057915006,0.9864864864864865,0.9306930693069307,0.05579341717955577,0.9995825941771889,0.9923301680058437,0.007252426171345139,,,,,,,,,
classification,all_successful_runs,with_fof_linking_length,bound_mass_fraction_ge_0_1,gradient_boosting_classifier,407,279,0.9926289926289926,0.9606879606879607,0.03194103194103193,0.9927606177606177,0.9618725868725868,0.030888030888030937,0.98989898989899,0.9470198675496688,0.04287912234932112,0.9996086820411145,0.9899170405927163,0.00969164144839818,,,,,,,,,
classification,all_successful_runs,without_fof_linking_length,bound_mass_fraction_ge_0_1,dummy_most_frequent,407,279,0.6363636363636364,0.6363636363636364,0.0,0.5,0.5,0.0,0.0,0.0,0.0,0.5,0.5,0.0,,,,,,,,,
classification,all_successful_runs,without_fof_linking_length,bound_mass_fraction_ge_0_1,logistic_regression,407,279,0.9213759213759214,0.9164619164619164,0.004914004914004955,0.9295366795366795,0.9242277992277992,0.005308880308880326,0.8987341772151899,0.8924050632911392,0.006329113924050667,0.9768861525618283,0.9717468433684651,0.005139309193363251,,,,,,,,,
classification,all_successful_runs,without_fof_linking_length,bound_mass_fraction_ge_0_1,gradient_boosting_classifier,407,279,0.9778869778869779,0.9312039312039312,0.04668304668304668,0.9811776061776061,0.9401544401544402,0.04102316602316591,0.9702970297029703,0.9113924050632911,0.05890462463967916,0.99107795053741,0.9819602420953772,0.009117708442032746,,,,,,,,,
classification,all_successful_runs,without_fof_linking_length,bound_mass_fraction_ge_0_1,random_forest_classifier,407,279,0.9754299754299754,0.9533169533169533,0.02211302211302213,0.9777992277992278,0.9531853281853282,0.024613899613899592,0.9668874172185431,0.9368770764119602,0.030010340806582936,0.9867734529896691,0.9796775540018784,0.0070958989877907275,,,,,,,,,
classification,positive_bound_runs,with_fof_linking_length,bound_mass_fraction_ge_0_1,dummy_most_frequent,225,160,0.6577777777777778,0.6577777777777778,0.0,0.5,0.5,0.0,0.7935656836461126,0.7935656836461126,0.0,0.5,0.5,0.0,,,,,,,,,
classification,positive_bound_runs,with_fof_linking_length,bound_mass_fraction_ge_0_1,random_forest_classifier,225,160,0.9644444444444444,0.9022222222222223,0.06222222222222218,0.9573973323973324,0.8727184977184977,0.08467883467883464,0.9731543624161074,0.9285714285714286,0.04458293384467882,0.9974991224991225,0.9048789048789049,0.09262021762021766,,,,,,,,,
classification,positive_bound_runs,with_fof_linking_length,bound_mass_fraction_ge_0_1,gradient_boosting_classifier,225,160,0.9955555555555555,0.9022222222222223,0.09333333333333327,0.9935064935064934,0.8758336258336259,0.11767286767286755,0.9966329966329966,0.9281045751633987,0.06852842146959792,1.0,0.9348016848016848,0.0651983151983152,,,,,,,,,
classification,positive_bound_runs,with_fof_linking_length,bound_mass_fraction_ge_0_1,logistic_regression,225,160,0.9111111111111111,0.8977777777777778,0.013333333333333308,0.9012811512811513,0.888030888030888,0.013250263250263239,0.9324324324324325,0.9220338983050848,0.010398534127347703,0.9756054756054756,0.9251491751491752,0.05045630045630045,,,,,,,,,
classification,positive_bound_runs,without_fof_linking_length,bound_mass_fraction_ge_0_1,dummy_most_frequent,225,160,0.6577777777777778,0.6577777777777778,0.0,0.5,0.5,0.0,0.7935656836461126,0.7935656836461126,0.0,0.5,0.5,0.0,,,,,,,,,
classification,positive_bound_runs,without_fof_linking_length,bound_mass_fraction_ge_0_1,random_forest_classifier,225,160,0.9688888888888889,0.8977777777777778,0.07111111111111112,0.9638908388908389,0.8693401193401193,0.09455071955071959,0.9764309764309764,0.9250814332247557,0.05134954320622076,0.9954369954369955,0.9104510354510355,0.08498595998596004,,,,,,,,,
classification,positive_bound_runs,without_fof_linking_length,bound_mass_fraction_ge_0_1,gradient_boosting_classifier,225,160,0.9911111111111112,0.9022222222222223,0.0888888888888889,0.9901281151281152,0.8758336258336259,0.11429448929448927,0.9932432432432432,0.9281045751633987,0.06513866807984448,0.9992541242541242,0.943050193050193,0.05620393120393119,,,,,,,,,
classification,positive_bound_runs,without_fof_linking_length,bound_mass_fraction_ge_0_1,logistic_regression,225,160,0.9111111111111111,0.8977777777777778,0.013333333333333308,0.9012811512811513,0.888030888030888,0.013250263250263239,0.9324324324324325,0.9220338983050848,0.010398534127347703,0.9755616005616005,0.9381800631800632,0.037381537381537266,,,,,,,,,
classification,all_successful_runs,with_fof_linking_length,has_any_bound_mass,dummy_most_frequent,407,279,0.5528255528255528,0.5528255528255528,0.0,0.5,0.5,0.0,0.7120253164556962,0.7120253164556962,0.0,0.5,0.5,0.0,,,,,,,,,
classification,all_successful_runs,with_fof_linking_length,has_any_bound_mass,logistic_regression,407,279,0.8574938574938575,0.8501228501228502,0.0073710073710073765,0.8574603174603175,0.8492185592185593,0.008241758241758212,0.8693693693693694,0.8635346756152126,0.0058346937541567945,0.9406837606837607,0.925030525030525,0.01565323565323573,,,,,,,,,
classification,all_successful_runs,with_fof_linking_length,has_any_bound_mass,random_forest_classifier,407,279,0.9852579852579852,0.8968058968058968,0.0884520884520884,0.9861416361416362,0.8956410256410257,0.09050061050061053,0.9865470852017937,0.9066666666666666,0.07988041853512706,0.9982417582417583,0.9705006105006105,0.027741147741147776,,,,,,,,,
classification,all_successful_runs,with_fof_linking_length,has_any_bound_mass,gradient_boosting_classifier,407,279,0.9901719901719902,0.9287469287469288,0.061425061425061434,0.9905860805860807,0.9271550671550671,0.06343101343101354,0.9910714285714286,0.9359823399558499,0.05508908861557871,0.9994505494505495,0.9754212454212454,0.024029304029304033,,,,,,,,,
classification,all_successful_runs,without_fof_linking_length,has_any_bound_mass,dummy_most_frequent,407,279,0.5528255528255528,0.5528255528255528,0.0,0.5,0.5,0.0,0.7120253164556962,0.7120253164556962,0.0,0.5,0.5,0.0,,,,,,,,,
classification,all_successful_runs,without_fof_linking_length,has_any_bound_mass,logistic_regression,407,279,0.8746928746928747,0.85995085995086,0.014742014742014753,0.8745909645909646,0.8591575091575092,0.015433455433455423,0.8853932584269663,0.87248322147651,0.012910036950456227,0.9355555555555556,0.9214163614163614,0.014139194139194178,,,,,,,,,
classification,all_successful_runs,without_fof_linking_length,has_any_bound_mass,random_forest_classifier,407,279,0.9606879606879607,0.8845208845208845,0.07616707616707619,0.9602442002442002,0.8824297924297925,0.07781440781440774,0.9644444444444444,0.8962472406181016,0.06819720382634287,0.9826617826617827,0.9474481074481074,0.035213675213675355,,,,,,,,,
classification,all_successful_runs,without_fof_linking_length,has_any_bound_mass,gradient_boosting_classifier,407,279,0.9754299754299754,0.9164619164619164,0.05896805896805901,0.9735775335775336,0.9139438339438339,0.05963369963369969,0.9780701754385965,0.9254385964912281,0.052631578947368474,0.9862515262515262,0.9634432234432235,0.022808302808302705,,,,,,,,,
regression,all_successful_runs,with_fof_linking_length,average_bound_fragment_mass_kg,random_forest_regressor,225,160,,,,,,,,,,,,,3.63220165282537e+16,6.554340450530933e+16,2.922138797705563e+16,1.1178116072055898e+17,1.687604785735551e+17,5.697931785299613e+16,0.8110035836554702,0.5692177145253992,0.24178586913007105
regression,all_successful_runs,with_fof_linking_length,average_bound_fragment_mass_kg,gradient_boosting_regressor,225,160,,,,,,,,,,,,,2.6231178658997276e+16,7.883540707545938e+16,5.26042284164621e+16,3.890661902487848e+16,1.8349093409510694e+17,1.4458431507022848e+17,0.9771038045253618,0.49073296799846966,0.48637083652689217
regression,all_successful_runs,with_fof_linking_length,average_bound_fragment_mass_kg,ridge,225,160,,,,,,,,,,,,,9.297300258477306e+16,1.022620446164625e+17,9289042031689440.0,1.536070573992477e+17,1.780088625905061e+17,2.44018051912584e+16,0.6431064668777235,0.5207086513704277,0.12239781550729589
regression,all_successful_runs,with_fof_linking_length,average_bound_fragment_mass_kg,dummy_mean,225,160,,,,,,,,,,,,,1.28297145283237e+17,1.2897173327336811e+17,674587990131120.0,2.5712353501113507e+17,2.5868411010492262e+17,1560575093787552.0,0.0,-0.012175555529168491,0.012175555529168491
regression,all_successful_runs,without_fof_linking_length,average_bound_fragment_mass_kg,random_forest_regressor,225,160,,,,,,,,,,,,,4.5154922154230376e+16,7.323150919160082e+16,2.807658703737044e+16,1.1964010666254586e+17,1.7254713807505507e+17,5.290703141250922e+16,0.7834940069034881,0.5496689833487631,0.233825023554725
regression,all_successful_runs,without_fof_linking_length,average_bound_fragment_mass_kg,gradient_boosting_regressor,225,160,,,,,,,,,,,,,3.555671127844302e+16,8.494125780465043e+16,4.938454652620741e+16,5.653626490590387e+16,1.853905089725598e+17,1.2885424406665594e+17,0.9516528847504148,0.4801340980101384,0.47151878674027636
regression,all_successful_runs,without_fof_linking_length,average_bound_fragment_mass_kg,ridge,225,160,,,,,,,,,,,,,9.468567146333019e+16,1.0350792310996704e+17,8822251646636848.0,1.5834546356092534e+17,1.8149287874327488e+17,2.3147415182349536e+16,0.6207482521160315,0.5017635253874118,0.1189847267286197
regression,all_successful_runs,without_fof_linking_length,average_bound_fragment_mass_kg,dummy_mean,225,160,,,,,,,,,,,,,1.28297145283237e+17,1.2897173327336811e+17,674587990131120.0,2.5712353501113507e+17,2.5868411010492262e+17,1560575093787552.0,0.0,-0.012175555529168491,0.012175555529168491
regression,positive_bound_runs,with_fof_linking_length,average_bound_fragment_mass_kg,random_forest_regressor,225,160,,,,,,,,,,,,,3.63220165282537e+16,6.554340450530933e+16,2.922138797705563e+16,1.1178116072055894e+17,1.6876047857355514e+17,5.697931785299619e+16,0.8110035836554703,0.5692177145253992,0.24178586913007116
regression,positive_bound_runs,with_fof_linking_length,average_bound_fragment_mass_kg,gradient_boosting_regressor,225,160,,,,,,,,,,,,,2.6231178658997276e+16,7.883540707545938e+16,5.26042284164621e+16,3.890661902487848e+16,1.8349093409510694e+17,1.4458431507022848e+17,0.9771038045253618,0.49073296799846966,0.48637083652689217
regression,positive_bound_runs,with_fof_linking_length,average_bound_fragment_mass_kg,ridge,225,160,,,,,,,,,,,,,9.297300258477306e+16,1.022620446164625e+17,9289042031689440.0,1.536070573992477e+17,1.780088625905061e+17,2.44018051912584e+16,0.6431064668777235,0.5207086513704277,0.12239781550729589
regression,positive_bound_runs,with_fof_linking_length,average_bound_fragment_mass_kg,dummy_mean,225,160,,,,,,,,,,,,,1.28297145283237e+17,1.2897173327336811e+17,674587990131120.0,2.5712353501113507e+17,2.5868411010492262e+17,1560575093787552.0,0.0,-0.012175555529168491,0.012175555529168491
regression,positive_bound_runs,without_fof_linking_length,average_bound_fragment_mass_kg,random_forest_regressor,225,160,,,,,,,,,,,,,4.5154922154230376e+16,7.323150919160082e+16,2.807658703737044e+16,1.1964010666254586e+17,1.7254713807505507e+17,5.290703141250922e+16,0.7834940069034881,0.5496689833487631,0.233825023554725
regression,positive_bound_runs,without_fof_linking_length,average_bound_fragment_mass_kg,gradient_boosting_regressor,225,160,,,,,,,,,,,,,3.555671127844302e+16,8.494125780465043e+16,4.938454652620741e+16,5.653626490590387e+16,1.853905089725598e+17,1.2885424406665594e+17,0.9516528847504148,0.4801340980101384,0.47151878674027636
regression,positive_bound_runs,without_fof_linking_length,average_bound_fragment_mass_kg,ridge,225,160,,,,,,,,,,,,,9.468567146333019e+16,1.0350792310996704e+17,8822251646636848.0,1.5834546356092534e+17,1.8149287874327488e+17,2.3147415182349536e+16,0.6207482521160315,0.5017635253874118,0.1189847267286197
regression,positive_bound_runs,without_fof_linking_length,average_bound_fragment_mass_kg,dummy_mean,225,160,,,,,,,,,,,,,1.28297145283237e+17,1.2897173327336811e+17,674587990131120.0,2.5712353501113507e+17,2.5868411010492262e+17,1560575093787552.0,0.0,-0.012175555529168491,0.012175555529168491
regression,all_successful_runs,with_fof_linking_length,bound_fragment_count,random_forest_regressor,407,279,,,,,,,,,,,,,33.77610710258437,65.9115112268294,32.135404124245035,113.68354391124826,189.30720849027298,75.62366457902472,0.8162541364429483,0.4904853604109257,0.3257687760320226
regression,all_successful_runs,with_fof_linking_length,bound_fragment_count,gradient_boosting_regressor,407,279,,,,,,,,,,,,,53.15385974183331,84.29040874619623,31.136549004362926,132.18992264553657,197.89271614686987,65.7027935013333,0.7515614071050186,0.4432221075978885,0.3083392995071301
regression,all_successful_runs,with_fof_linking_length,bound_fragment_count,ridge,407,279,,,,,,,,,,,,,114.53709055759163,118.94453642365286,4.407445866061238,230.75780090367658,241.21501580423637,10.45721490055979,0.2429315514368331,0.17276092023295464,0.07017063120387845
regression,all_successful_runs,with_fof_linking_length,bound_fragment_count,dummy_mean,407,279,,,,,,,,,,,,,121.8034398034398,124.51415291390751,2.710713110467708,265.2093420036238,267.690050357929,2.480708354305193,0.0,-0.018795041898805875,0.018795041898805875
regression,all_successful_runs,without_fof_linking_length,bound_fragment_count,random_forest_regressor,407,279,,,,,,,,,,,,,64.79464942419456,85.59947755963285,20.804828135438285,191.43748832171744,237.52602183407552,46.08853351235808,0.4789536724386956,0.19787000981016212,0.28108366262853346
regression,all_successful_runs,without_fof_linking_length,bound_fragment_count,gradient_boosting_regressor,407,279,,,,,,,,,,,,,72.45640266920124,95.44444907984364,22.988046410642397,197.85980707687406,242.3574169647845,44.49760988791044,0.44340727377733713,0.16490670977173916,0.278500564005598
regression,all_successful_runs,without_fof_linking_length,bound_fragment_count,ridge,407,279,,,,,,,,,,,,,112.59902455807926,116.38408374434147,3.7850591862622025,233.28357741096497,243.27566326517504,9.992085854210075,0.22626775347216588,0.15856670166176356,0.06770105181040231
regression,all_successful_runs,without_fof_linking_length,bound_fragment_count,dummy_mean,407,279,,,,,,,,,,,,,121.8034398034398,124.51415291390751,2.710713110467708,265.2093420036238,267.690050357929,2.480708354305193,0.0,-0.018795041898805875,0.018795041898805875
regression,positive_bound_runs,with_fof_linking_length,bound_fragment_count,random_forest_regressor,225,160,,,,,,,,,,,,,50.019370545873876,92.67071832180166,42.65134777592778,140.0724481349915,239.23311944795472,99.16067131296322,0.827077393685571,0.49558389902482225,0.33149349466074873
regression,positive_bound_runs,with_fof_linking_length,bound_fragment_count,gradient_boosting_regressor,225,160,,,,,,,,,,,,,45.07627217547618,94.89526803999296,49.81899586451678,120.02032156396518,244.6545537900165,124.63423222605132,0.8730432178130756,0.4724629798415865,0.4005802379714891
regression,positive_bound_runs,with_fof_linking_length,bound_fragment_count,ridge,225,160,,,,,,,,,,,,,163.31536321943707,173.6049346907089,10.289571471271813,274.8596440985337,296.6644370825882,21.80479298405453,0.3341624341050152,0.22432943660449167,0.10983299750052355
regression,positive_bound_runs,with_fof_linking_length,bound_fragment_count,dummy_mean,225,160,,,,,,,,,,,,,182.97619753086423,183.92370370370375,0.9475061728395247,336.84246188447656,338.2024649288509,1.3600030443743094,0.0,-0.008091310971516608,0.008091310971516608
regression,positive_bound_runs,without_fof_linking_length,bound_fragment_count,random_forest_regressor,225,160,,,,,,,,,,,,,109.97849735814192,145.65675189652015,35.678254538378226,250.6298271408023,320.32575327401054,69.69592613320825,0.4463799075797329,0.09566352757339702,0.35071638000633587
regression,positive_bound_runs,without_fof_linking_length,bound_fragment_count,gradient_boosting_regressor,225,160,,,,,,,,,,,,,102.28220442621715,146.16088729899548,43.87868287277833,240.32611883341337,321.49015177440765,81.16403294099428,0.4909642549751859,0.089076970686777,0.4018872842884089
regression,positive_bound_runs,without_fof_linking_length,bound_fragment_count,ridge,225,160,,,,,,,,,,,,,152.5202649175342,163.13862763570026,10.618362718166054,290.31277375828995,309.9602757019545,19.647501943664565,0.25718848972392483,0.15324374907690175,0.10394474064702308
regression,positive_bound_runs,without_fof_linking_length,bound_fragment_count,dummy_mean,225,160,,,,,,,,,,,,,182.97619753086423,183.92370370370375,0.9475061728395247,336.84246188447656,338.2024649288509,1.3600030443743094,0.0,-0.008091310971516608,0.008091310971516608
regression,all_successful_runs,with_fof_linking_length,bound_mass_fraction,random_forest_regressor,407,279,,,,,,,,,,,,,0.007500461568290976,0.018393835746728145,0.010893374178437169,0.013417978481142205,0.02984416839918514,0.016426189918042934,0.9792050930859756,0.8971269153614542,0.08207817772452142
regression,all_successful_runs,with_fof_linking_length,bound_mass_fraction,gradient_boosting_regressor,407,279,,,,,,,,,,,,,0.014014702179025413,0.022750379689608313,0.0087356775105829,0.02014468922667968,0.031689090840589476,0.011544401613909797,0.9531290298993127,0.8840148582812355,0.0691141716180772
regression,all_successful_runs,with_fof_linking_length,bound_mass_fraction,ridge,407,279,,,,,,,,,,,,,0.04246158967542434,0.04350587349449202,0.0010442838190676748,0.05168210987550119,0.05324873063744105,0.001566620761939863,0.6914942459680833,0.6725075311196393,0.018986714848443942
regression,all_successful_runs,with_fof_linking_length,bound_mass_fraction,dummy_mean,407,279,,,,,,,,,,,,,0.08429764513533226,0.08547816585918852,0.001180520723856257,0.0930483338058637,0.09426536057663217,0.001217026770768459,0.0,-0.026330097028252064,0.026330097028252064
regression,all_successful_runs,without_fof_linking_length,bound_mass_fraction,random_forest_regressor,407,279,,,,,,,,,,,,,0.011849131204346205,0.020770964126030838,0.008921832921684632,0.02582453838867544,0.036917866493093025,0.011093328104417585,0.9229721221358604,0.8425814207672061,0.08039070136865434
regression,all_successful_runs,without_fof_linking_length,bound_mass_fraction,gradient_boosting_regressor,407,279,,,,,,,,,,,,,0.016390496139776882,0.024421184872556245,0.008030688732779363,0.02861021870628302,0.03747515929655198,0.008864940590268957,0.9054579197658048,0.8377929321812201,0.06766498758458472
regression,all_successful_runs,without_fof_linking_length,bound_mass_fraction,ridge,407,279,,,,,,,,,,,,,0.04287268176030985,0.04386249051257463,0.00098980875226478,0.05227996704644769,0.053729914290103764,0.0014499472436560745,0.684315390853629,0.6665619986449092,0.017753392208719854
regression,all_successful_runs,without_fof_linking_length,bound_mass_fraction,dummy_mean,407,279,,,,,,,,,,,,,0.08429764513533226,0.08547816585918852,0.001180520723856257,0.0930483338058637,0.09426536057663217,0.001217026770768459,0.0,-0.026330097028252064,0.026330097028252064
regression,positive_bound_runs,with_fof_linking_length,bound_mass_fraction,gradient_boosting_regressor,225,160,,,,,,,,,,,,,0.009200223121986813,0.019336320339722886,0.010136097217736072,0.012088652950697904,0.02802036768632949,0.015931714735631586,0.9775375411045167,0.8793161557726992,0.09822138533181757
regression,positive_bound_runs,with_fof_linking_length,bound_mass_fraction,random_forest_regressor,225,160,,,,,,,,,,,,,0.010108387868544596,0.02545020329926694,0.015341815430722343,0.015883460611986002,0.03522240549058218,0.019338944878596175,0.961221434757036,0.8093049144384828,0.15191652031855318
regression,positive_bound_runs,with_fof_linking_length,bound_mass_fraction,ridge,225,160,,,,,,,,,,,,,0.02357899246390845,0.026339640384129056,0.002760647920220606,0.031163574163816442,0.03587947260066117,0.004715898436844727,0.8507219344742389,0.8021237928994982,0.04859814157474074
regression,positive_bound_runs,with_fof_linking_length,bound_mass_fraction,dummy_mean,225,160,,,,,,,,,,,,,0.06966517344204165,0.06984857919472323,0.00018340575268158132,0.08065833671919935,0.08088673896784215,0.00022840224864280334,0.0,-0.00567146916620187,0.00567146916620187
regression,positive_bound_runs,without_fof_linking_length,bound_mass_fraction,gradient_boosting_regressor,225,160,,,,,,,,,,,,,0.009665455125076624,0.01951596517879413,0.009850510053717504,0.013175286719952337,0.028356915469550888,0.01518162874959855,0.9733178005575114,0.8763997204243652,0.09691808013314618
regression,positive_bound_runs,without_fof_linking_length,bound_mass_fraction,random_forest_regressor,225,160,,,,,,,,,,,,,0.011299336960009383,0.02580590122023747,0.014506564260228087,0.017521124120956924,0.03584396957908965,0.018322845458132724,0.952812669568303,0.8025151992939163,0.15029747027438667
regression,positive_bound_runs,without_fof_linking_length,bound_mass_fraction,ridge,225,160,,,,,,,,,,,,,0.023701437917922244,0.026550202731182353,0.0028487648132601087,0.031705086761221,0.03638896742852951,0.0046838806673085084,0.8454890126072908,0.7964641381938775,0.0490248744134133
regression,positive_bound_runs,without_fof_linking_length,bound_mass_fraction,dummy_mean,225,160,,,,,,,,,,,,,0.06966517344204165,0.06984857919472323,0.00018340575268158132,0.08065833671919935,0.08088673896784215,0.00022840224864280334,0.0,-0.00567146916620187,0.00567146916620187
regression,all_successful_runs,with_fof_linking_length,largest_bound_fragment_mass_kg,random_forest_regressor,407,279,,,,,,,,,,,,,2.2446781375355894e+17,5.675631157883974e+17,3.430953020348384e+17,5.412518887091049e+17,1.611692004395829e+18,1.0704401156867241e+18,0.980169336863708,0.8241661480013522,0.15600318886235576
regression,all_successful_runs,with_fof_linking_length,largest_bound_fragment_mass_kg,gradient_boosting_regressor,407,279,,,,,,,,,,,,,3.988760963009688e+17,7.682351232684941e+17,3.6935902696752525e+17,5.838895568081944e+17,1.734224147611879e+18,1.1503345908036845e+18,0.9769219131721535,0.7964135611261054,0.1805083520460481
regression,all_successful_runs,with_fof_linking_length,largest_bound_fragment_mass_kg,ridge,407,279,,,,,,,,,,,,,1.6370661691480965e+18,1.7089787698340014e+18,7.19126006859049e+16,3.1390048258137185e+18,3.349991055090344e+18,2.109862292766254e+17,0.33300534407386617,0.24032876456251162,0.09267657951135455
regression,all_successful_runs,with_fof_linking_length,largest_bound_fragment_mass_kg,dummy_mean,407,279,,,,,,,,,,,,,1.8315963956089956e+18,1.858707031952421e+18,2.7110636343425536e+16,3.843534699375421e+18,3.873629750493335e+18,3.009505111791411e+16,0.0,-0.015721400371806693,0.015721400371806693
regression,all_successful_runs,without_fof_linking_length,largest_bound_fragment_mass_kg,random_forest_regressor,407,279,,,,,,,,,,,,,3.591811236085419e+17,6.49565056334354e+17,2.9038393272581216e+17,7.333069686123758e+17,1.7001697805570496e+18,9.668628119446738e+17,0.9635992768344452,0.8043305732128184,0.15926870362162682
regression,all_successful_runs,without_fof_linking_length,largest_bound_fragment_mass_kg,gradient_boosting_regressor,407,279,,,,,,,,,,,,,4.5971544761656634e+17,8.237797851547762e+17,3.6406433753820986e+17,7.263118825501562e+17,1.782267083110062e+18,1.0559552005599059e+18,0.9642904246079979,0.7849774738288322,0.17931295077916565
regression,all_successful_runs,without_fof_linking_length,largest_bound_fragment_mass_kg,ridge,407,279,,,,,,,,,,,,,1.6914366643256215e+18,1.7598185983834962e+18,6.838193405787469e+16,3.2106652236255073e+18,3.4110198281723377e+18,2.0035460454683034e+17,0.3022040643556291,0.2123978818201594,0.08980618253546968
regression,all_successful_runs,without_fof_linking_length,largest_bound_fragment_mass_kg,dummy_mean,407,279,,,,,,,,,,,,,1.8315963956089956e+18,1.858707031952421e+18,2.7110636343425536e+16,3.843534699375421e+18,3.873629750493335e+18,3.009505111791411e+16,0.0,-0.015721400371806693,0.015721400371806693
regression,positive_bound_runs,with_fof_linking_length,largest_bound_fragment_mass_kg,random_forest_regressor,225,160,,,,,,,,,,,,,3.272393049111113e+17,1.162849973195293e+18,8.356106682841816e+17,6.742280806393289e+17,3.741817143791182e+18,3.067589063151853e+18,0.9803110517207486,0.39357937117600006,0.5867316805447486
regression,positive_bound_runs,with_fof_linking_length,largest_bound_fragment_mass_kg,gradient_boosting_regressor,225,160,,,,,,,,,,,,,2.965899731435423e+17,1.2052284214779167e+18,9.086384483343744e+17,4.3295810862965344e+17,3.728886040810657e+18,3.2959279321810033e+18,0.9918810362762507,0.39776350819308814,0.5941175280831625
regression,positive_bound_runs,with_fof_linking_length,largest_bound_fragment_mass_kg,dummy_mean,225,160,,,,,,,,,,,,,2.1417684388998907e+18,2.2111141838006385e+18,6.934574490074778e+16,4.805024177352413e+18,4.919943136860264e+18,1.1491895950785126e+17,0.0,-0.04840482797382095,0.04840482797382095
regression,positive_bound_runs,with_fof_linking_length,largest_bound_fragment_mass_kg,ridge,225,160,,,,,,,,,,,,,2.0510406734662226e+18,2.313372234472786e+18,2.6233156100656333e+17,3.4126811500870303e+18,4.4576407556701455e+18,1.0449596055831153e+18,0.4955707371864023,0.13936505428958856,0.35620568289681376
regression,positive_bound_runs,without_fof_linking_length,largest_bound_fragment_mass_kg,random_forest_regressor,225,160,,,,,,,,,,,,,4.4528066708803686e+17,1.22494209171196e+18,7.796614246239232e+17,8.255328189983529e+17,3.765603654988446e+18,2.9400708359900933e+18,0.9704826386391311,0.3858449048529333,0.5846377337861978
regression,positive_bound_runs,without_fof_linking_length,largest_bound_fragment_mass_kg,gradient_boosting_regressor,225,160,,,,,,,,,,,,,3.651018656862082e+17,1.2660741694002575e+18,9.009723037140493e+17,6.173618294976084e+17,3.752910712090708e+18,3.1355488825931e+18,0.9834922305817012,0.3899782645998988,0.5935139659818024
regression,positive_bound_runs,without_fof_linking_length,largest_bound_fragment_mass_kg,dummy_mean,225,160,,,,,,,,,,,,,2.1417684388998907e+18,2.2111141838006385e+18,6.934574490074778e+16,4.805024177352413e+18,4.919943136860264e+18,1.1491895950785126e+17,0.0,-0.04840482797382095,0.04840482797382095
regression,positive_bound_runs,without_fof_linking_length,largest_bound_fragment_mass_kg,ridge,225,160,,,,,,,,,,,,,2.1547726349619796e+18,2.4048560137642563e+18,2.500833788022766e+17,3.534115196823191e+18,4.540375483638185e+18,1.0062602868149939e+18,0.4590336534362457,0.10712145899830994,0.35191219443793575
