fof_file,physical_file,mass_code,resolution_code,periapsis_code,velocity_code,spin_code,timestep,fof_linking_length,n_fragments,total_fragment_mass_kg,bound_fragment_count,bound_mass_kg,bound_mass_fraction,largest_bound_fragment_mass_kg,unbound_fragment_count,unbound_mass_kg,unbound_mass_fraction,largest_unbound_fragment_mass_kg
Ma_xp_A1800_n60_r12_v00_90000_fof_0.0001_0000.hdf5,Ma_xp_A1800_n60_r12_v00_90000.hdf5,A1800,n60,r12,v00,,90000,0.0001,0,0.0,0,0.0,0.0,0.0,0,0.0,0.0,0.0
Ma_xp_A1800_n60_r16_v00_90000_fof_0.0001_0000.hdf5,Ma_xp_A1800_n60_r16_v00_90000.hdf5,A1800,n60,r16,v00,,90000,0.0001,0,0.0,0,0.0,0.0,0.0,0,0.0,0.0,0.0
Ma_xp_A1850_n60_r12_v00_90000_fof_0.0014_0000.hdf5,Ma_xp_A1850_n60_r12_v00_90000.hdf5,A1850,n60,r12,v00,,90000,0.0014,132,3.152599249646037e+18,0,0.0,0.0,0.0,132,3.152599249646037e+18,1.0,1.7405336223306835e+17
Ma_xp_A1850_n60_r16_v00_90000_fof_0.0014_0000.hdf5,Ma_xp_A1850_n60_r16_v00_90000.hdf5,A1850,n60,r16,v00,,90000,0.0014,61,3.1572204980234496e+18,0,0.0,0.0,0.0,61,3.1572204980234496e+18,1.0,6.633225174549916e+17
Ma_xp_A1900_n70_r12_v00_90000_fof_0.001_0000.hdf5,Ma_xp_A1900_n70_r12_v00_90000.hdf5,A1900,n70,r12,v00,,90000,0.001,1189,9.752489065393467e+18,2,1.1837559214290026e+17,0.0121379876818271,1.1835579341701306e+17,1187,9.63411347325057e+18,0.9878620123181732,5.169199845024709e+17
Ma_xp_A1900_n65_r12_v02_90000_fof_0.002_0000.hdf5,Ma_xp_A1900_n65_r12_v02_90000.hdf5,A1900,n65,r12,v02,,90000,0.002,268,9.655879807367002e+18,1,381006787927362.9,3.9458526362007095e-05,381006787927362.9,267,9.655498800579074e+18,0.999960541473638,6.28376219391658e+17
Ma_xp_A1900_n65_r12_v04_90000_fof_0.002_0000.hdf5,Ma_xp_A1900_n65_r12_v04_90000.hdf5,A1900,n65,r12,v04,,90000,0.002,255,9.984177558680467e+18,0,0.0,0.0,0.0,255,9.984177558680467e+18,1.0,7.232593000513503e+17
Ma_xp_A1900_n65_r12_v08_90000_fof_0.002_0000.hdf5,Ma_xp_A1900_n65_r12_v08_90000.hdf5,A1900,n65,r12,v08,,90000,0.002,241,9.981185261472076e+18,0,0.0,0.0,0.0,241,9.981185261472076e+18,1.0,7.753116420384049e+17
Ma_xp_A1900_n65_r12_v10_90000_fof_0.002_0000.hdf5,Ma_xp_A1900_n65_r12_v10_90000.hdf5,A1900,n65,r12,v10,,90000,0.002,284,9.505983063680215e+18,0,0.0,0.0,0.0,284,9.505983063680215e+18,1.0,9.581918026295567e+17
Ma_xp_A1900_n65_r13_v00_90000_fof_0.002_0000.hdf5,Ma_xp_A1900_n65_r13_v00_90000.hdf5,A1900,n65,r13,v00,,90000,0.002,252,9.985571485955656e+18,0,0.0,0.0,0.0,252,9.985571485955656e+18,1.0,7.184982640102825e+17
Ma_xp_A1900_n65_r14_v00_90000_fof_0.002_0000.hdf5,Ma_xp_A1900_n65_r14_v00_90000.hdf5,A1900,n65,r14,v00,,90000,0.002,248,9.98832836433961e+18,0,0.0,0.0,0.0,248,9.98832836433961e+18,1.0,8.008948539207593e+17
Ma_xp_A1900_n65_r14_v02_90000_fof_0.002_0000.hdf5,Ma_xp_A1900_n65_r14_v02_90000.hdf5,A1900,n65,r14,v02,,90000,0.002,245,9.985720171531235e+18,0,0.0,0.0,0.0,245,9.985720171531235e+18,1.0,1.0905188674560852e+18
Ma_xp_A1900_n65_r14_v06_90000_fof_0.002_0000.hdf5,Ma_xp_A1900_n65_r14_v06_90000.hdf5,A1900,n65,r14,v06,,90000,0.002,230,9.98440058705174e+18,0,0.0,0.0,0.0,230,9.98440058705174e+18,1.0,1.16026789057692e+18
Ma_xp_A1900_n65_r15_v00_90000_fof_0.002_0000.hdf5,Ma_xp_A1900_n65_r15_v00_90000.hdf5,A1900,n65,r15,v00,,90000,0.002,198,9.987770793431106e+18,0,0.0,0.0,0.0,198,9.987770793431106e+18,1.0,9.764367618240196e+17
Ma_xp_A1900_n65_r16_v00_90000_fof_0.0019_0000.hdf5,Ma_xp_A1900_n65_r16_v00_90000.hdf5,A1900,n65,r16,v00,,90000,0.0019,147,9.99098008363334e+18,0,0.0,0.0,0.0,147,9.99098008363334e+18,1.0,2.01614856121421e+18
Ma_xp_A1900_n65_r16_v02_90000_fof_0.002_0000.hdf5,Ma_xp_A1900_n65_r16_v02_90000.hdf5,A1900,n65,r16,v02,,90000,0.002,189,9.989861684368222e+18,0,0.0,0.0,0.0,189,9.989861684368222e+18,1.0,2.102643265092135e+18
Ma_xp_A1900_n65_r16_v04_90000_fof_0.002_0000.hdf5,Ma_xp_A1900_n65_r16_v04_90000.hdf5,A1900,n65,r16,v04,,90000,0.002,152,9.991456956693168e+18,0,0.0,0.0,0.0,152,9.991456956693168e+18,1.0,2.0442686885183404e+18
Ma_xp_A1900_n65_r17_v00_90000_fof_0.002_0000.hdf5,Ma_xp_A1900_n65_r17_v00_90000.hdf5,A1900,n65,r17,v00,,90000,0.002,116,9.993554042791508e+18,0,0.0,0.0,0.0,116,9.993554042791508e+18,1.0,3.066776295466688e+18
Ma_xp_A1900_n65_r18_v00_90000_fof_0.002_0000.hdf5,Ma_xp_A1900_n65_r18_v00_90000.hdf5,A1900,n65,r18,v00,,90000,0.002,36,9.996094087732271e+18,0,0.0,0.0,0.0,36,9.996094087732271e+18,1.0,7.492108184606785e+18
Ma_xp_A1900_n65_r18_v02_90000_fof_0.002_0000.hdf5,Ma_xp_A1900_n65_r18_v02_90000.hdf5,A1900,n65,r18,v02,,90000,0.002,42,9.993928854037864e+18,0,0.0,0.0,0.0,42,9.993928854037864e+18,1.0,7.371586134983781e+18
Ma_xp_A1900_n65_r18_v04_90000_fof_0.002_0000.hdf5,Ma_xp_A1900_n65_r18_v04_90000.hdf5,A1900,n65,r18,v04,,90000,0.002,16,9.997041958267134e+18,0,0.0,0.0,0.0,16,9.997041958267134e+18,1.0,7.333188085042208e+18
Ma_xp_A1900_n65_r19_v00_90000_fof_0.002_0000.hdf5,Ma_xp_A1900_n65_r19_v00_90000.hdf5,A1900,n65,r19,v00,,90000,0.002,2,9.99815710008205e+18,0,0.0,0.0,0.0,2,9.99815710008205e+18,1.0,6.595103594091219e+18
Ma_xp_A1900_n65_r20_v06_90000_fof_0.002_0000.hdf5,Ma_xp_A1900_n65_r20_v06_90000.hdf5,A1900,n65,r20,v06,,90000,0.002,197,9.938314253361048e+18,0,0.0,0.0,0.0,197,9.938314253361048e+18,1.0,9.375161439874968e+18
Ma_xp_A1900_n65_r26_v00_90000_fof_0.002_0000.hdf5,Ma_xp_A1900_n65_r26_v00_90000.hdf5,A1900,n65,r26,v00,,90000,0.002,1,9.998157100156684e+18,0,0.0,0.0,0.0,1,9.998157100156684e+18,1.0,9.998157100156684e+18
Ma_xp_A1900_s030x_n65_r12_v00_90000_fof_0.002_0000.hdf5,Ma_xp_A1900_s030x_n65_r12_v00_90000.hdf5,A1900,n65,r12,v00,s030x,90000,0.002,3162,9.481483861416243e+18,75,1.4135251333299302e+17,0.0149082691484831,7.914865930663922e+16,3087,9.34013134808325e+18,0.9850917308515168,1.3536509523084376e+17
Ma_xp_A1900_s030z_n65_r12_v00_90000_fof_0.002_0000.hdf5,Ma_xp_A1900_s030z_n65_r12_v00_90000.hdf5,A1900,n65,r12,v00,s030z,90000,0.002,398,1.0000249740696865e+19,65,7.339959686417402e+17,0.0733977638233054,1.285821017217212e+17,333,9.266253772055122e+18,0.9266022361766943,3.315520888012409e+17
Ma_xp_A1900_s030z_n65_r12_v04_90000_fof_0.002_0000.hdf5,Ma_xp_A1900_s030z_n65_r12_v04_90000.hdf5,A1900,n65,r12,v04,s030z,90000,0.002,413,9.997951763923614e+18,25,1.606555182257132e+17,0.0160688431009858,3.9775600722377336e+16,388,9.837296245697905e+18,0.9839311568990144,3.2906393464018426e+17
Ma_xp_A1900_s030z_n65_r12_v06_90000_fof_0.002_0000.hdf5,Ma_xp_A1900_s030z_n65_r12_v06_90000.hdf5,A1900,n65,r12,v06,s030z,90000,0.002,402,9.996145078736943e+18,0,0.0,0.0,0.0,402,9.996145078736943e+18,1.0,3.1130770583733165e+17
Ma_xp_A1900_s030z_n65_r12_v08_90000_fof_0.002_0000.hdf5,Ma_xp_A1900_s030z_n65_r12_v08_90000.hdf5,A1900,n65,r12,v08,s030z,90000,0.002,350,1.0000357507883563e+19,0,0.0,0.0,0.0,350,1.0000357507883563e+19,1.0,3.497774218280889e+17
Ma_xp_A1900_s030z_n65_r12_v20_90000_fof_0.002_0000.hdf5,Ma_xp_A1900_s030z_n65_r12_v20_90000.hdf5,A1900,n65,r12,v20,s030z,90000,0.002,201,1.0010332311890567e+19,0,0.0,0.0,0.0,201,1.0010332311890567e+19,1.0,4.9594459270340986e+17
Ma_xp_A1900_s030z_n65_r13_v00_90000_fof_0.002_0000.hdf5,Ma_xp_A1900_s030z_n65_r13_v00_90000.hdf5,A1900,n65,r13,v00,s030z,90000,0.002,394,9.811447969031e+18,57,6.860776060852138e+17,0.0699262339514778,1.0125361105085453e+17,337,9.125370362945786e+18,0.930073766048522,2.5817214360044826e+17
Ma_xp_A1900_s030z_n65_r15_v00_90000_fof_0.002_0000.hdf5,Ma_xp_A1900_s030z_n65_r15_v00_90000.hdf5,A1900,n65,r15,v00,s030z,90000,0.002,407,9.998332118699958e+18,44,6.153569746947667e+17,0.0615459626054889,8.757985684601586e+16,363,9.382975144005192e+18,0.938454037394511,3.272001962367431e+17
Ma_xp_A1900_s030z_n65_r16_v00_90000_fof_0.002_0000.hdf5,Ma_xp_A1900_s030z_n65_r16_v00_90000.hdf5,A1900,n65,r16,v00,s030z,90000,0.002,393,1.0000658622080864e+19,36,5.2456628961292486e+17,0.0524531742794133,5.7817095607389304e+16,357,9.47609233246794e+18,0.9475468257205868,3.329213659956058e+17
Ma_xp_A1900_s030z_n65_r16_v02_90000_fof_0.002_0000.hdf5,Ma_xp_A1900_s030z_n65_r16_v02_90000.hdf5,A1900,n65,r16,v02,s030z,90000,0.002,363,1.0004227617731193e+19,32,3.9774649835438426e+17,0.0397578417397691,6.1240288593301624e+16,331,9.606481119376808e+18,0.9602421582602308,3.343984103765643e+17
Ma_xp_A1900_s030z_n65_r16_v04_90000_fof_0.002_0000.hdf5,Ma_xp_A1900_s030z_n65_r16_v04_90000.hdf5,A1900,n65,r16,v04,s030z,90000,0.002,369,9.999622155316154e+18,9,8.443559069594187e+16,0.0084438781170399,2.5807071565986908e+16,360,9.91518656462021e+18,0.9915561218829598,2.886797662758242e+17
Ma_xp_A1900_s030z_n65_r17_v00_90000_fof_0.002_0000.hdf5,Ma_xp_A1900_s030z_n65_r17_v00_90000.hdf5,A1900,n65,r17,v00,s030z,90000,0.002,368,1.0002199058925015e+19,38,4.44958034951778e+17,0.0444860207570793,1.0197311550252312e+17,330,9.55724102397324e+18,0.955513979242921,3.808999513916751e+17
Ma_xp_A1900_s030z_n65_r19_v00_90000_fof_0.002_0000.hdf5,Ma_xp_A1900_s030z_n65_r19_v00_90000.hdf5,A1900,n65,r19,v00,s030z,90000,0.002,360,1.0004747435925938e+19,27,3.317137395808705e+17,0.0331556335335086,5.879650915613644e+16,333,9.673033696345068e+18,0.9668443664664914,4.0496689985651974e+17
Ma_xp_A1900_s030z_n65_r20_v00_90000_fof_0.002_0000.hdf5,Ma_xp_A1900_s030z_n65_r20_v00_90000.hdf5,A1900,n65,r20,v00,s030z,90000,0.002,317,1.0003137267373378e+19,10,2.024089637844355e+17,0.0202345482596365,8.707905639066942e+16,307,9.800728303588942e+18,0.9797654517403634,4.0362931889350586e+17
Ma_xp_A1900_s030z_n65_r20_v02_90000_fof_0.002_0000.hdf5,Ma_xp_A1900_s030z_n65_r20_v02_90000.hdf5,A1900,n65,r20,v02,s030z,90000,0.002,313,1.0005416226407647e+19,6,1.3657589126839752e+17,0.0136501958717047,8.470817828561163e+16,307,9.86884033513925e+18,0.9863498041282952,3.9577182314158304e+17
Ma_xp_A1900_s030z_n65_r20_v04_90000_fof_0.002_0000.hdf5,Ma_xp_A1900_s030z_n65_r20_v04_90000.hdf5,A1900,n65,r20,v04,s030z,90000,0.002,326,1.0005200692034791e+19,0,0.0,0.0,0.0,326,1.0005200692034791e+19,1.0,3.5861116150562374e+17
Ma_xp_A1900_s030z_n65_r22_v00_90000_fof_0.002_0000.hdf5,Ma_xp_A1900_s030z_n65_r22_v00_90000.hdf5,A1900,n65,r22,v00,s030z,90000,0.002,264,1.0008427368386603e+19,0,0.0,0.0,0.0,264,1.0008427368386603e+19,1.0,5.0599863728795974e+17
Ma_xp_A1900_s035x_n65_r12_v00_90000_fof_0.002_0000.hdf5,Ma_xp_A1900_s035x_n65_r12_v00_90000.hdf5,A1900,n65,r12,v00,s035x,90000,0.002,2111,9.491876640039338e+18,27,1.5197883873017107e+17,0.0160114637488105,1.4048770218328723e+17,2084,9.339897801309168e+18,0.9839885362511896,3.390340655698014e+17
Ma_xp_A1900_s035y_n65_r12_v00_90000_fof_0.002_0000.hdf5,Ma_xp_A1900_s035y_n65_r12_v00_90000.hdf5,A1900,n65,r12,v00,s035y,90000,0.002,1537,9.509856076153717e+18,27,2.450699208627018e+17,0.0257700977701674,1.5425257003927008e+17,1510,9.264786155291011e+18,0.9742299022298324,6.53747999568409e+17
Ma_xp_A1900_s035z_n65_r12_v00_90000_fof_0.002_0000.hdf5,Ma_xp_A1900_s035z_n65_r12_v00_90000.hdf5,A1900,n65,r12,v00,s035z,90000,0.002,392,9.9093167496204e+18,55,7.011320575671456e+17,0.0707548335856762,9.630068627325331e+16,337,9.208184692053256e+18,0.929245166414324,4.46562085309933e+17
Ma_xp_A1900_s035z_n65_r16_v00_90000_fof_0.002_0000.hdf5,Ma_xp_A1900_s035z_n65_r16_v00_90000.hdf5,A1900,n65,r16,v00,s035z,90000,0.002,375,9.90673838856427e+18,29,4.766670415648781e+17,0.048115436470505,4.7572488770759624e+16,346,9.430071346999392e+18,0.951884563529495,3.68005296683523e+17
Ma_xp_A1900_s035z_n65_r20_v00_90000_fof_0.002_0000.hdf5,Ma_xp_A1900_s035z_n65_r20_v00_90000.hdf5,A1900,n65,r20,v00,s035z,90000,0.002,279,9.916857120993411e+18,0,0.0,0.0,0.0,279,9.916857120993411e+18,1.0,4.424919806461516e+17
Ma_xp_A1900_s047x_n65_r12_v00_90000_fof_0.002_0000.hdf5,Ma_xp_A1900_s047x_n65_r12_v00_90000.hdf5,A1900,n65,r12,v00,s047x,90000,0.002,2309,9.397441470954924e+18,11,1.50654345038413e+17,0.0160314214782871,1.4849861279410304e+17,2298,9.24678712591651e+18,0.9839685785217128,7.670386554855169e+17
Ma_xp_A1900_s047y_n65_r12_v00_90000_fof_0.002_0000.hdf5,Ma_xp_A1900_s047y_n65_r12_v00_90000.hdf5,A1900,n65,r12,v00,s047y,90000,0.002,1743,9.567981733708192e+18,13,1.9229068308451555e+17,0.0200973087570884,1.1901161447435762e+17,1730,9.375691050623676e+18,0.9799026912429116,5.966408420095839e+17
Ma_xp_A1900_s047z_n65_r11_v00_90000_fof_0.002_0000.hdf5,Ma_xp_A1900_s047z_n65_r11_v00_90000.hdf5,A1900,n65,r11,v00,s047z,90000,0.002,373,9.99107188511563e+18,48,5.966186832331892e+17,0.0597151827244894,8.521948274456202e+16,325,9.394453201882444e+18,0.9402848172755108,3.764142748480469e+17
Ma_xp_A1900_s047z_n65_r12_v00_90000_fof_0.002_0000.hdf5,Ma_xp_A1900_s047z_n65_r12_v00_90000.hdf5,A1900,n65,r12,v00,s047z,90000,0.002,386,9.98684905572412e+18,40,5.998760231441914e+17,0.0600665955595236,7.467507142915694e+16,346,9.386973032579928e+18,0.9399334044404762,3.810612864995308e+17
Ma_xp_A1900_s047z_n65_r12_v04_90000_fof_0.002_0000.hdf5,Ma_xp_A1900_s047z_n65_r12_v04_90000.hdf5,A1900,n65,r12,v04,s047z,90000,0.002,356,9.986041843209622e+18,7,9.481739781764738e+16,0.009494993041925,3.3801628347643976e+16,349,9.891224445391974e+18,0.990505006958075,3.442967133930362e+17
Ma_xp_A1900_s047z_n65_r12_v06_90000_fof_0.002_0000.hdf5,Ma_xp_A1900_s047z_n65_r12_v06_90000.hdf5,A1900,n65,r12,v06,s047z,90000,0.002,341,9.715809252167664e+18,0,0.0,0.0,0.0,341,9.715809252167664e+18,1.0,4.7617941054843296e+17
Ma_xp_A1900_s047z_n65_r12_v08_90000_fof_0.002_0000.hdf5,Ma_xp_A1900_s047z_n65_r12_v08_90000.hdf5,A1900,n65,r12,v08,s047z,90000,0.002,314,9.991404266739606e+18,0,0.0,0.0,0.0,314,9.991404266739606e+18,1.0,3.6720572110542656e+17
Ma_xp_A1900_s047z_n65_r12_v15_90000_fof_0.002_0000.hdf5,Ma_xp_A1900_s047z_n65_r12_v15_90000.hdf5,A1900,n65,r12,v15,s047z,90000,0.002,207,9.996380494481265e+18,0,0.0,0.0,0.0,207,9.996380494481265e+18,1.0,5.349761369889384e+17
Ma_xp_A1900_s047z_n65_r12_v20_90000_fof_0.002_0000.hdf5,Ma_xp_A1900_s047z_n65_r12_v20_90000.hdf5,A1900,n65,r12,v20,s047z,90000,0.002,129,9.99940358448657e+18,0,0.0,0.0,0.0,129,9.99940358448657e+18,1.0,7.125249036813028e+17
Ma_xp_A1900_s047z_n65_r14_v00_90000_fof_0.002_0000.hdf5,Ma_xp_A1900_s047z_n65_r14_v00_90000.hdf5,A1900,n65,r14,v00,s047z,90000,0.002,347,9.8195503051923e+18,24,5.032352747058096e+17,0.05124830150722,6.7473469585102136e+16,323,9.316315030486491e+18,0.94875169849278,3.218878608856421e+17
Ma_xp_A1900_s047z_n65_r15_v00_90000_fof_0.002_0000.hdf5,Ma_xp_A1900_s047z_n65_r15_v00_90000.hdf5,A1900,n65,r15,v00,s047z,90000,0.002,314,9.992296948811438e+18,25,4.6428331396238746e+17,0.0464641229479887,9.92491527985624e+16,289,9.528013634849049e+18,0.953535877052011,3.12413401844163e+17
Ma_xp_A1900_s047z_n65_r16_v00_90000_fof_0.002_0000.hdf5,Ma_xp_A1900_s047z_n65_r16_v00_90000.hdf5,A1900,n65,r16,v00,s047z,90000,0.002,306,9.991948739493204e+18,15,3.075637956785839e+17,0.030781162283483,1.0979356411396749e+17,291,9.68438494381462e+18,0.9692188377165172,3.531665544335389e+17
Ma_xp_A1900_s047z_n65_r16_v04_90000_fof_0.002_0000.hdf5,Ma_xp_A1900_s047z_n65_r16_v04_90000.hdf5,A1900,n65,r16,v04,s047z,90000,0.002,316,9.98180635166848e+18,0,0.0,0.0,0.0,316,9.98180635166848e+18,1.0,4.1202026058094266e+17
Ma_xp_A1900_s047z_n65_r16_v06_90000_fof_0.002_0000.hdf5,Ma_xp_A1900_s047z_n65_r16_v06_90000.hdf5,A1900,n65,r16,v06,s047z,90000,0.002,272,9.993677123941466e+18,0,0.0,0.0,0.0,272,9.993677123941466e+18,1.0,4.030048047339221e+17
Ma_xp_A1900_s047z_n65_r17_v00_90000_fof_0.002_0000.hdf5,Ma_xp_A1900_s047z_n65_r17_v00_90000.hdf5,A1900,n65,r17,v00,s047z,90000,0.002,281,9.995946815597509e+18,9,2.425594467257166e+17,0.0242657800406891,1.4882466333913222e+17,272,9.753387368871793e+18,0.9757342199593112,4.033688417502168e+17
Ma_xp_A1900_s047z_n65_r20_v00_90000_fof_0.002_0000.hdf5,Ma_xp_A1900_s047z_n65_r20_v00_90000.hdf5,A1900,n65,r20,v00,s047z,90000,0.002,202,9.997732179748305e+18,0,0.0,0.0,0.0,202,9.997732179748305e+18,1.0,2.0650110543253435e+18
Ma_xp_A1900_s047z_n65_r20_v02_90000_fof_0.002_0000.hdf5,Ma_xp_A1900_s047z_n65_r20_v02_90000.hdf5,A1900,n65,r20,v02,s047z,90000,0.002,178,1.0002262066449392e+19,0,0.0,0.0,0.0,178,1.0002262066449392e+19,1.0,1.9052937703468964e+18
Ma_xp_A1900_s047z_n65_r20_v04_90000_fof_0.002_0000.hdf5,Ma_xp_A1900_s047z_n65_r20_v04_90000.hdf5,A1900,n65,r20,v04,s047z,90000,0.002,156,1.0001264921588773e+19,0,0.0,0.0,0.0,156,1.0001264921588773e+19,1.0,2.287491485453542e+18
Ma_xp_A1900_s047z_n65_r20_v06_90000_fof_0.002_0000.hdf5,Ma_xp_A1900_s047z_n65_r20_v06_90000.hdf5,A1900,n65,r20,v06,s047z,90000,0.002,140,1.0001619461991789e+19,0,0.0,0.0,0.0,140,1.0001619461991789e+19,1.0,2.323135457658424e+18
Ma_xp_A1900_s047z_n65_r22_v00_90000_fof_0.002_0000.hdf5,Ma_xp_A1900_s047z_n65_r22_v00_90000.hdf5,A1900,n65,r22,v00,s047z,90000,0.002,2,1.001032152915326e+19,0,0.0,0.0,0.0,2,1.001032152915326e+19,1.0,7.349027338742925e+18
Ma_xp_A1900_s047z_n65_r24_v00_90000_fof_0.002_0000.hdf5,Ma_xp_A1900_s047z_n65_r24_v00_90000.hdf5,A1900,n65,r24,v00,s047z,90000,0.002,175,1.00017049310674e+19,0,0.0,0.0,0.0,175,1.00017049310674e+19,1.0,9.758265464423983e+18
Ma_xp_A1900_s086mz_n65_r12_v00_90000_fof_0.002_0000.hdf5,Ma_xp_A1900_s086mz_n65_r12_v00_90000.hdf5,A1900,n65,r12,v00,s086mz,90000,0.002,146,9.994043162004857e+18,0,0.0,0.0,0.0,146,9.994043162004857e+18,1.0,3.111018850384888e+18
Ma_xp_A1900_s086x_n65_r12_v00_90000_fof_0.002_0000.hdf5,Ma_xp_A1900_s086x_n65_r12_v00_90000.hdf5,A1900,n65,r12,v00,s086x,90000,0.002,750,9.74725217978432e+18,0,0.0,0.0,0.0,750,9.74725217978432e+18,1.0,8.864554443819674e+17
Ma_xp_A1900_s086z_n65_r12_v00_90000_fof_0.002_0000.hdf5,Ma_xp_A1900_s086z_n65_r12_v00_90000.hdf5,A1900,n65,r12,v00,s086z,90000,0.002,349,9.98360508296e+18,21,3.239884843801418e+17,0.032452053310194,6.5269624571028856e+16,328,9.659616598579855e+18,0.967547946689806,5.0723370658981664e+17
Ma_xp_A1900_s086z_n65_r16_v00_90000_fof_0.002_0000.hdf5,Ma_xp_A1900_s086z_n65_r16_v00_90000.hdf5,A1900,n65,r16,v00,s086z,90000,0.002,253,9.987492476643766e+18,0,0.0,0.0,0.0,253,9.987492476643766e+18,1.0,6.041054062315533e+17
Ma_xp_A1900_s170mz_n65_r12_v00_90000_fof_0.002_0000.hdf5,Ma_xp_A1900_s170mz_n65_r12_v00_90000.hdf5,A1900,n65,r12,v00,s170mz,90000,0.002,228,9.97517586331924e+18,0,0.0,0.0,0.0,228,9.97517586331924e+18,1.0,1.0986418814613632e+18
Ma_xp_A1900_s170x_n65_r12_v00_90000_fof_0.002_0000.hdf5,Ma_xp_A1900_s170x_n65_r12_v00_90000.hdf5,A1900,n65,r12,v00,s170x,90000,0.002,119,9.935585164889352e+18,0,0.0,0.0,0.0,119,9.935585164889352e+18,1.0,8.701237132201935e+17
Ma_xp_A1900_s170y_n65_r12_v00_90000_fof_0.002_0000.hdf5,Ma_xp_A1900_s170y_n65_r12_v00_90000.hdf5,A1900,n65,r12,v00,s170y,90000,0.002,122,9.901726527537396e+18,1,1.4347522572828524e+16,0.0014489920048717,1.4347522572828524e+16,121,9.887379004964567e+18,0.9985510079951282,6.405665102164358e+17
Ma_xp_A1900_s170z_n65_r12_v00_90000_fof_0.002_0000.hdf5,Ma_xp_A1900_s170z_n65_r12_v00_90000.hdf5,A1900,n65,r12,v00,s170z,90000,0.002,304,9.968540568387428e+18,12,2.0310760988418368e+17,0.0203748591371825,8.990019316711246e+16,292,9.765432958503246e+18,0.9796251408628176,4.953606126046652e+17
Ma_xp_A1900_s170z_n65_r16_v00_90000_fof_0.002_0000.hdf5,Ma_xp_A1900_s170z_n65_r16_v00_90000.hdf5,A1900,n65,r16,v00,s170z,90000,0.002,228,9.97716234619345e+18,0,0.0,0.0,0.0,228,9.97716234619345e+18,1.0,9.294023834140456e+17
Ma_xp_A1950_n65_r12_v00_90000_fof_0.0020_0000.hdf5,Ma_xp_A1950_n65_r12_v00_90000.hdf5,A1950,n65,r12,v00,,90000,0.002,273,3.1577043057890193e+19,38,2.88389359149743e+18,0.0913288044802164,6.757230787756746e+17,235,2.8693149466392764e+19,0.9086711955197836,1.9332891501077115e+18
Ma_xp_A1950_n65_r12_v00_90000_fof_0.002_0000.hdf5,Ma_xp_A1950_n65_r12_v00_90000.hdf5,A1950,n65,r12,v00,,90000,0.002,272,3.1587886678031434e+19,38,2.8849319146545874e+18,0.091330323679456,6.76105103333497e+17,234,2.8702954763376853e+19,0.9086696763205442,1.9334850601373617e+18
Ma_xp_A1950_n65_r16_v00_90000_fof_0.0020_0000.hdf5,Ma_xp_A1950_n65_r16_v00_90000.hdf5,A1950,n65,r16,v00,,90000,0.002,200,3.157659246483861e+19,2,6445439975561000.0,0.000204120820913,3506789530776349.5,198,3.157014702486305e+19,0.999795879179087,7.595745305745701e+18
Ma_xp_A1950_n65_r16_v00_90000_fof_0.002_0000.hdf5,Ma_xp_A1950_n65_r16_v00_90000.hdf5,A1950,n65,r16,v00,,90000,0.002,200,3.157659246483861e+19,2,6445439975561000.0,0.000204120820913,3506789530776349.5,198,3.157014702486305e+19,0.999795879179087,7.595745305745701e+18
Ma_xp_A2000_n65_r11_v00_90000_fof_0.0010_0000.hdf5,Ma_xp_A2000_n65_r11_v00_90000.hdf5,A2000,n65,r11,v00,,90000,0.001,0,0.0,0,0.0,0.0,0.0,0,0.0,0.0,0.0
Ma_xp_A2000_n65_r12_v00_90000_fof_0.0010_0000.hdf5,Ma_xp_A2000_n65_r12_v00_90000.hdf5,A2000,n65,r12,v00,,90000,0.001,0,0.0,0,0.0,0.0,0.0,0,0.0,0.0,0.0
Ma_xp_A2000_n65_r12_v02_90000_fof_0.0040_0000.hdf5,Ma_xp_A2000_n65_r12_v02_90000.hdf5,A2000,n65,r12,v02,,90000,0.004,356,9.98618672089192e+19,99,1.7347155933770906e+19,0.1737115118975218,2.3802546881675643e+18,257,8.251471127514828e+19,0.8262884881024782,5.494134246929838e+18
Ma_xp_A2000_n65_r12_v04_90000_fof_0.0040_0000.hdf5,Ma_xp_A2000_n65_r12_v04_90000.hdf5,A2000,n65,r12,v04,,90000,0.004,328,9.987567997038164e+19,70,1.4377505141583843e+19,0.1439540150900351,2.1626882108024056e+18,258,8.54981748287978e+19,0.8560459849099649,7.90461596459033e+18
Ma_xp_A2000_n65_r12_v06_90000_fof_0.0040_0000.hdf5,Ma_xp_A2000_n65_r12_v06_90000.hdf5,A2000,n65,r12,v06,,90000,0.004,294,9.98761445252154e+19,43,7.387442639907464e+18,0.0739660373858582,1.8590552223201265e+18,251,9.248870188530791e+19,0.9260339626141416,8.296916970829479e+18
Ma_xp_A2000_n65_r12_v08_90000_fof_0.0040_0000.hdf5,Ma_xp_A2000_n65_r12_v08_90000.hdf5,A2000,n65,r12,v08,,90000,0.004,314,9.9879334467943e+19,4,8.907682593562328e+17,0.0089184440815645,8.008304586062333e+17,310,9.898856620858678e+19,0.9910815559184356,8.636382616158863e+18
Ma_xp_A2000_n65_r12_v10_90000_fof_0.0040_0000.hdf5,Ma_xp_A2000_n65_r12_v10_90000.hdf5,A2000,n65,r12,v10,,90000,0.004,274,9.989258976366952e+19,0,0.0,0.0,0.0,274,9.989258976366952e+19,1.0,1.06859672290339e+19
Ma_xp_A2000_n65_r12_v12_90000_fof_0.0040_0000.hdf5,Ma_xp_A2000_n65_r12_v12_90000.hdf5,A2000,n65,r12,v12,,90000,0.004,225,9.989934129274384e+19,0,0.0,0.0,0.0,225,9.989934129274384e+19,1.0,1.0940264502431164e+19
Ma_xp_A2000_n65_r12_v14_90000_fof_0.0040_0000.hdf5,Ma_xp_A2000_n65_r12_v14_90000.hdf5,A2000,n65,r12,v14,,90000,0.004,211,9.98869531656673e+19,0,0.0,0.0,0.0,211,9.98869531656673e+19,1.0,2.3438614685712937e+19
Ma_xp_A2000_n65_r12_v16_90000_fof_0.0040_0000.hdf5,Ma_xp_A2000_n65_r12_v16_90000.hdf5,A2000,n65,r12,v16,,90000,0.004,165,9.990875626883205e+19,0,0.0,0.0,0.0,165,9.990875626883205e+19,1.0,2.1712855708059087e+19
Ma_xp_A2000_n65_r13_v00_90000_fof_0.0010_0000.hdf5,Ma_xp_A2000_n65_r13_v00_90000.hdf5,A2000,n65,r13,v00,,90000,0.001,0,0.0,0,0.0,0.0,0.0,0,0.0,0.0,0.0
Ma_xp_A2000_n65_r14_v00_90000_fof_0.0010_0000.hdf5,Ma_xp_A2000_n65_r14_v00_90000.hdf5,A2000,n65,r14,v00,,90000,0.001,0,0.0,0,0.0,0.0,0.0,0,0.0,0.0,0.0
Ma_xp_A2000_n65_r14_v02_90000_fof_0.0040_0000.hdf5,Ma_xp_A2000_n65_r14_v02_90000.hdf5,A2000,n65,r14,v02,,90000,0.004,322,9.987035307592068e+19,88,1.587572519980698e+19,0.1589633430827903,1.9516564703374676e+18,234,8.39946278761137e+19,0.8410366569172097,1.101285892562483e+19
Ma_xp_A2000_n65_r14_v04_90000_fof_0.0040_0000.hdf5,Ma_xp_A2000_n65_r14_v04_90000.hdf5,A2000,n65,r14,v04,,90000,0.004,294,9.987998484453772e+19,67,1.118833674205635e+19,0.1120178057642969,2.5810971943188884e+18,227,8.869164810248138e+19,0.8879821942357031,8.124691037641202e+18
Ma_xp_A2000_n65_r14_v06_90000_fof_0.0040_0000.hdf5,Ma_xp_A2000_n65_r14_v06_90000.hdf5,A2000,n65,r14,v06,,90000,0.004,273,9.987633034710391e+19,29,5.422035348793983e+18,0.0542874906391792,1.545140088573045e+18,244,9.445429499830996e+19,0.9457125093608209,1.3752740935478583e+19
Ma_xp_A2000_n65_r14_v08_90000_fof_0.0040_0000.hdf5,Ma_xp_A2000_n65_r14_v08_90000.hdf5,A2000,n65,r14,v08,,90000,0.004,239,9.988456845135117e+19,0,0.0,0.0,0.0,239,9.988456845135117e+19,1.0,1.612181533914729e+19
Ma_xp_A2000_n65_r14_v10_90000_fof_0.0040_0000.hdf5,Ma_xp_A2000_n65_r14_v10_90000.hdf5,A2000,n65,r14,v10,,90000,0.004,216,9.989426216050056e+19,0,0.0,0.0,0.0,216,9.989426216050056e+19,1.0,2.241495279585789e+19
Ma_xp_A2000_n65_r15_v00_90000_fof_0.0010_0000.hdf5,Ma_xp_A2000_n65_r15_v00_90000.hdf5,A2000,n65,r15,v00,,90000,0.001,0,0.0,0,0.0,0.0,0.0,0,0.0,0.0,0.0
Ma_xp_A2000_n65_r16_v00_90000_fof_0.0010_0000.hdf5,Ma_xp_A2000_n65_r16_v00_90000.hdf5,A2000,n65,r16,v00,,90000,0.001,0,0.0,0,0.0,0.0,0.0,0,0.0,0.0,0.0
Ma_xp_A2000_n65_r16_v02_90000_fof_0.0040_0000.hdf5,Ma_xp_A2000_n65_r16_v02_90000.hdf5,A2000,n65,r16,v02,,90000,0.004,253,9.988240052900348e+19,42,1.3190381918254498e+19,0.1320591200090783,2.9722832691372964e+18,211,8.669201861074896e+19,0.8679408799909215,2.548884967522687e+19
Ma_xp_A2000_n65_r16_v04_90000_fof_0.0040_0000.hdf5,Ma_xp_A2000_n65_r16_v04_90000.hdf5,A2000,n65,r16,v04,,90000,0.004,209,9.988320575722504e+19,23,7.171889233150896e+18,0.0718027538141177,3.1905930341119585e+18,186,9.271131652407414e+19,0.9281972461858824,2.8642588031982055e+19
Ma_xp_A2000_n65_r16_v06_90000_fof_0.0040_0000.hdf5,Ma_xp_A2000_n65_r16_v06_90000.hdf5,A2000,n65,r16,v06,,90000,0.004,191,9.988927593926487e+19,0,0.0,0.0,0.0,191,9.988927593926487e+19,1.0,3.2079054413197554e+19
Ma_xp_A2000_n65_r16_v08_90000_fof_0.0040_0000.hdf5,Ma_xp_A2000_n65_r16_v08_90000.hdf5,A2000,n65,r16,v08,,90000,0.004,152,9.989413827884818e+19,0,0.0,0.0,0.0,152,9.989413827884818e+19,1.0,3.876399735106134e+19
Ma_xp_A2000_n65_r16_v10_90000_fof_0.0040_0000.hdf5,Ma_xp_A2000_n65_r16_v10_90000.hdf5,A2000,n65,r16,v10,,90000,0.004,232,9.944596682037058e+19,0,0.0,0.0,0.0,232,9.944596682037058e+19,1.0,5.663157849245583e+19
Ma_xp_A2000_n65_r17_v00_90000_fof_0.0010_0000.hdf5,Ma_xp_A2000_n65_r17_v00_90000.hdf5,A2000,n65,r17,v00,,90000,0.001,0,0.0,0,0.0,0.0,0.0,0,0.0,0.0,0.0
Ma_xp_A2000_n65_r18_v00_90000_fof_0.0010_0000.hdf5,Ma_xp_A2000_n65_r18_v00_90000.hdf5,A2000,n65,r18,v00,,90000,0.001,0,0.0,0,0.0,0.0,0.0,0,0.0,0.0,0.0
Ma_xp_A2000_n65_r18_v02_90000_fof_0.0040_0000.hdf5,Ma_xp_A2000_n65_r18_v02_90000.hdf5,A2000,n65,r18,v02,,90000,0.004,97,9.988116171551374e+19,0,0.0,0.0,0.0,97,9.988116171551374e+19,1.0,7.2068980794618e+19
Ma_xp_A2000_n65_r18_v04_90000_fof_0.0040_0000.hdf5,Ma_xp_A2000_n65_r18_v04_90000.hdf5,A2000,n65,r18,v04,,90000,0.004,85,9.99283295083374e+19,0,0.0,0.0,0.0,85,9.99283295083374e+19,1.0,7.47499262911025e+19
Ma_xp_A2000_n65_r18_v06_90000_fof_0.0040_0000.hdf5,Ma_xp_A2000_n65_r18_v06_90000.hdf5,A2000,n65,r18,v06,,90000,0.004,111,9.984882870426778e+19,0,0.0,0.0,0.0,111,9.984882870426778e+19,1.0,8.128376505202008e+19
Ma_xp_A2000_n65_r18_v08_90000_fof_0.0040_0000.hdf5,Ma_xp_A2000_n65_r18_v08_90000.hdf5,A2000,n65,r18,v08,,90000,0.004,107,9.950716416638435e+19,0,0.0,0.0,0.0,107,9.950716416638435e+19,1.0,8.255992793688279e+19
Ma_xp_A2000_n65_r18_v10_90000_fof_0.0040_0000.hdf5,Ma_xp_A2000_n65_r18_v10_90000.hdf5,A2000,n65,r18,v10,,90000,0.004,8,9.99000226383038e+19,0,0.0,0.0,0.0,8,9.99000226383038e+19,1.0,8.066810611914172e+19
Ma_xp_A2000_n65_r19_v00_90000_fof_0.0010_0000.hdf5,Ma_xp_A2000_n65_r19_v00_90000.hdf5,A2000,n65,r19,v00,,90000,0.001,0,0.0,0,0.0,0.0,0.0,0,0.0,0.0,0.0
Ma_xp_A2000_n65_r20_v00_90000_fof_0.0010_0000.hdf5,Ma_xp_A2000_n65_r20_v00_90000.hdf5,A2000,n65,r20,v00,,90000,0.001,0,0.0,0,0.0,0.0,0.0,0,0.0,0.0,0.0
Ma_xp_A2000_n65_r20_v02_90000_fof_0.0040_0000.hdf5,Ma_xp_A2000_n65_r20_v02_90000.hdf5,A2000,n65,r20,v02,,90000,0.004,5,9.996131289576995e+19,0,0.0,0.0,0.0,5,9.996131289576995e+19,1.0,8.786734214213947e+19
Ma_xp_A2000_n65_r20_v04_90000_fof_0.0040_0000.hdf5,Ma_xp_A2000_n65_r20_v04_90000.hdf5,A2000,n65,r20,v04,,90000,0.004,2,9.995750354677098e+19,0,0.0,0.0,0.0,2,9.995750354677098e+19,1.0,8.941111953673616e+19
Ma_xp_A2000_n65_r20_v06_90000_fof_0.0040_0000.hdf5,Ma_xp_A2000_n65_r20_v06_90000.hdf5,A2000,n65,r20,v06,,90000,0.004,82,9.95568715252344e+19,0,0.0,0.0,0.0,82,9.95568715252344e+19,1.0,9.01262860983352e+19
Ma_xp_A2000_n65_r22_v00_90000_fof_0.0010_0000.hdf5,Ma_xp_A2000_n65_r22_v00_90000.hdf5,A2000,n65,r22,v00,,90000,0.001,0,0.0,0,0.0,0.0,0.0,0,0.0,0.0,0.0
Ma_xp_A2000_n65_r24_v00_90000_fof_0.0010_0000.hdf5,Ma_xp_A2000_n65_r24_v00_90000.hdf5,A2000,n65,r24,v00,,90000,0.001,0,0.0,0,0.0,0.0,0.0,0,0.0,0.0,0.0
Ma_xp_A2000_s030mz_n65_r12_v00_90000_fof_0.0040_0000.hdf5,Ma_xp_A2000_s030mz_n65_r12_v00_90000.hdf5,A2000,n65,r12,v00,s030mz,90000,0.004,1,9.95093669198358e+19,0,0.0,0.0,0.0,1,9.95093669198358e+19,1.0,9.95093669198358e+19
Ma_xp_A2000_s030x_n65_r12_v00_90000_fof_0.0040_0000.hdf5,Ma_xp_A2000_s030x_n65_r12_v00_90000.hdf5,A2000,n65,r12,v00,s030x,90000,0.004,4145,9.454978501317504e+19,1950,1.9942548445460296e+19,0.2109211400394131,3.075960966415753e+17,2195,7.460723656771474e+19,0.789078859960587,1.3714223103666245e+18
Ma_xp_A2000_s030x_n65_r16_v00_90000_fof_0.0040_0000.hdf5,Ma_xp_A2000_s030x_n65_r16_v00_90000.hdf5,A2000,n65,r16,v00,s030x,90000,0.004,522,9.803526573456931e+19,66,6.127723324294966e+18,0.0625052962154026,3.933579791760219e+18,456,9.190754241027436e+19,0.9374947037845976,2.3073923910854517e+19
Ma_xp_A2000_s030x_n65_r16_v06_90000_fof_0.0040_0000.hdf5,Ma_xp_A2000_s030x_n65_r16_v06_90000.hdf5,A2000,n65,r16,v06,s030x,90000,0.004,432,9.811531938882948e+19,0,0.0,0.0,0.0,432,9.811531938882948e+19,1.0,2.3564284010496967e+19
Ma_xp_A2000_s030x_n65_r20_v00_90000_fof_0.0040_0000.hdf5,Ma_xp_A2000_s030x_n65_r20_v00_90000.hdf5,A2000,n65,r20,v00,s030x,90000,0.004,3,9.949083249159876e+19,0,0.0,0.0,0.0,3,9.949083249159876e+19,1.0,6.910704074870025e+19
Ma_xp_A2000_s030y_n65_r12_v00_90000_fof_0.0040_0000.hdf5,Ma_xp_A2000_s030y_n65_r12_v00_90000.hdf5,A2000,n65,r12,v00,s030y,90000,0.004,820,9.734278903818165e+19,208,2.365434437133895e+19,0.2430004790807955,2.676510853802325e+18,612,7.368844466684271e+19,0.7569995209192046,6.311368420978631e+18
Ma_xp_A2000_s030y_n65_r16_v00_90000_fof_0.0040_0000.hdf5,Ma_xp_A2000_s030y_n65_r16_v00_90000.hdf5,A2000,n65,r16,v00,s030y,90000,0.004,4583,9.19492370214666e+19,1755,1.9517609551441097e+19,0.212265051714181,1.2589255282189317e+18,2828,7.24316274700255e+19,0.7877349482858188,5.537044415851135e+18
Ma_xp_A2000_s030y_n65_r16_v06_90000_fof_0.0040_0000.hdf5,Ma_xp_A2000_s030y_n65_r16_v06_90000.hdf5,A2000,n65,r16,v06,s030y,90000,0.004,3754,9.320089352688271e+19,586,7.594744298775898e+18,0.0814878914930711,1.5320016332476526e+18,3168,8.560614922810684e+19,0.918512108506929,1.1829249049381585e+19
Ma_xp_A2000_s030y_n65_r20_v00_90000_fof_0.0040_0000.hdf5,Ma_xp_A2000_s030y_n65_r20_v00_90000.hdf5,A2000,n65,r20,v00,s030y,90000,0.004,60,9.940747473520904e+19,0,0.0,0.0,0.0,60,9.940747473520904e+19,1.0,7.697977010223256e+19
Ma_xp_A2000_s030z_n65_r11_v00_90000_fof_0.0040_0000.hdf5,Ma_xp_A2000_s030z_n65_r11_v00_90000.hdf5,A2000,n65,r11,v00,s030z,90000,0.004,424,9.931665915126351e+19,179,2.72080469172164e+19,0.2739524985005524,2.221425968932632e+18,245,7.210861223404713e+19,0.7260475014994475,2.442611949831137e+18
Ma_xp_A2000_s030z_n65_r12_v00_90000_fof_0.0040_0000.hdf5,Ma_xp_A2000_s030z_n65_r12_v00_90000.hdf5,A2000,n65,r12,v00,s030z,90000,0.004,370,9.93912059699561e+19,128,2.7398111410691146e+19,0.2756593115388199,2.0706330794076687e+18,242,7.199309455926495e+19,0.72434068846118,3.1563292969279375e+18
Ma_xp_A2000_s030z_n65_r12_v02_90000_fof_0.0040_0000.hdf5,Ma_xp_A2000_s030z_n65_r12_v02_90000.hdf5,A2000,n65,r12,v02,s030z,90000,0.004,367,9.938148247186932e+19,132,2.476080922557276e+19,0.2491491232542389,1.9298154290269903e+18,235,7.462067324629656e+19,0.7508508767457609,3.170363860518836e+18
Ma_xp_A2000_s030z_n65_r12_v04_90000_fof_0.0040_0000.hdf5,Ma_xp_A2000_s030z_n65_r12_v04_90000.hdf5,A2000,n65,r12,v04,s030z,90000,0.004,374,9.93959890499291e+19,139,2.174369272981876e+19,0.2187582510889484,1.920438074878735e+18,235,7.765229632011035e+19,0.7812417489110516,3.686621820770594e+18
Ma_xp_A2000_s030z_n65_r12_v06_90000_fof_0.0040_0000.hdf5,Ma_xp_A2000_s030z_n65_r12_v06_90000.hdf5,A2000,n65,r12,v06,s030z,90000,0.004,366,9.937276593798552e+19,131,1.5881178602696751e+19,0.1598141950945347,1.5427006279134472e+18,235,8.349158733528875e+19,0.8401858049054651,2.883158789007329e+18
Ma_xp_A2000_s030z_n65_r12_v08_90000_fof_0.0040_0000.hdf5,Ma_xp_A2000_s030z_n65_r12_v08_90000.hdf5,A2000,n65,r12,v08,s030z,90000,0.004,319,9.941741850689526e+19,72,8.693593986216262e+18,0.0874453804653286,1.0352850720724552e+18,247,9.0723824520679e+19,0.9125546195346717,3.082097154526749e+18
Ma_xp_A2000_s030z_n65_r12_v10_90000_fof_0.0040_0000.hdf5,Ma_xp_A2000_s030z_n65_r12_v10_90000.hdf5,A2000,n65,r12,v10,s030z,90000,0.004,278,9.921973884660992e+19,28,2.276714597249457e+18,0.0229461861492013,3.630735307468571e+17,250,9.694302424936048e+19,0.9770538138507988,3.58985885430868e+18
Ma_xp_A2000_s030z_n65_r12_v12_90000_fof_0.0040_0000.hdf5,Ma_xp_A2000_s030z_n65_r12_v12_90000.hdf5,A2000,n65,r12,v12,s030z,90000,0.004,275,9.944284435303363e+19,0,0.0,0.0,0.0,275,9.944284435303363e+19,1.0,3.1915101087992934e+18
Ma_xp_A2000_s030z_n65_r12_v14_90000_fof_0.0040_0000.hdf5,Ma_xp_A2000_s030z_n65_r12_v14_90000.hdf5,A2000,n65,r12,v14,s030z,90000,0.004,257,9.943972905750184e+19,0,0.0,0.0,0.0,257,9.943972905750184e+19,1.0,3.756007947940844e+18
Ma_xp_A2000_s030z_n65_r12_v16_90000_fof_0.0040_0000.hdf5,Ma_xp_A2000_s030z_n65_r12_v16_90000.hdf5,A2000,n65,r12,v16,s030z,90000,0.004,245,9.945014484346633e+19,0,0.0,0.0,0.0,245,9.945014484346633e+19,1.0,3.598103373727549e+18
Ma_xp_A2000_s030z_n65_r13_v00_90000_fof_0.0040_0000.hdf5,Ma_xp_A2000_s030z_n65_r13_v00_90000.hdf5,A2000,n65,r13,v00,s030z,90000,0.004,400,9.938050697530014e+19,134,2.6590242910529528e+19,0.2675599442971066,1.9958030520098468e+18,266,7.279026406477061e+19,0.7324400557028933,2.8210731523148554e+18
Ma_xp_A2000_s030z_n65_r14_v00_90000_fof_0.0040_0000.hdf5,Ma_xp_A2000_s030z_n65_r14_v00_90000.hdf5,A2000,n65,r14,v00,s030z,90000,0.004,391,9.802975889874328e+19,146,2.3654501709498274e+19,0.2412991929719162,1.85161836507258e+18,245,7.437525718924498e+19,0.7587008070280835,2.927905760815082e+18
Ma_xp_A2000_s030z_n65_r15_v00_90000_fof_0.0040_0000.hdf5,Ma_xp_A2000_s030z_n65_r15_v00_90000.hdf5,A2000,n65,r15,v00,s030z,90000,0.004,369,9.941059003089078e+19,131,2.5429842536129933e+19,0.2558061724432767,1.860114625542476e+18,238,7.398074749476082e+19,0.744193827556723,3.155825814826022e+18
Ma_xp_A2000_s030z_n65_r16_v00_90000_fof_0.0040_0000.hdf5,Ma_xp_A2000_s030z_n65_r16_v00_90000.hdf5,A2000,n65,r16,v00,s030z,90000,0.004,377,9.934932255261971e+19,156,2.5106701429591687e+19,0.2527113500577126,2.296098658173604e+18,221,7.424262112302803e+19,0.7472886499422872,3.1980868437555666e+18
Ma_xp_A2000_s030z_n65_r16_v02_90000_fof_0.0040_0000.hdf5,Ma_xp_A2000_s030z_n65_r16_v02_90000.hdf5,A2000,n65,r16,v02,s030z,90000,0.004,366,9.93919926607542e+19,129,2.2855003599281e+19,0.229948137545546,1.59597532782283e+18,237,7.653698906147317e+19,0.7700518624544539,2.9210143495451116e+18
Ma_xp_A2000_s030z_n65_r16_v06_90000_fof_0.0040_0000.hdf5,Ma_xp_A2000_s030z_n65_r16_v06_90000.hdf5,A2000,n65,r16,v06,s030z,90000,0.004,341,9.913178681692951e+19,112,1.4313366804950086e+19,0.1443872572516334,1.1109332578858968e+18,229,8.481842001197944e+19,0.8556127427483665,3.459047910704721e+18
Ma_xp_A2000_s030z_n65_r16_v08_90000_fof_0.0040_0000.hdf5,Ma_xp_A2000_s030z_n65_r16_v08_90000.hdf5,A2000,n65,r16,v08,s030z,90000,0.004,303,9.943157894099434e+19,62,7.387372608048296e+18,0.0742960404202389,7.315280264579997e+17,241,9.204420633294604e+19,0.925703959579761,3.208785838421274e+18
Ma_xp_A2000_s030z_n65_r16_v10_90000_fof_0.0040_0000.hdf5,Ma_xp_A2000_s030z_n65_r16_v10_90000.hdf5,A2000,n65,r16,v10,s030z,90000,0.004,280,9.942997409177718e+19,21,1.6391174504308987e+18,0.0164851440966678,3.2732630151055526e+17,259,9.779085664134627e+19,0.983514855903332,3.794304055317803e+18
Ma_xp_A2000_s030z_n65_r17_v00_90000_fof_0.0040_0000.hdf5,Ma_xp_A2000_s030z_n65_r17_v00_90000.hdf5,A2000,n65,r17,v00,s030z,90000,0.004,382,9.917669112691964e+19,147,2.5040273259769627e+19,0.2524814346520673,1.808381839570222e+18,235,7.413641786715e+19,0.7475185653479326,2.6670705643914066e+18
Ma_xp_A2000_s030z_n65_r18_v00_90000_fof_0.0040_0000.hdf5,Ma_xp_A2000_s030z_n65_r18_v00_90000.hdf5,A2000,n65,r18,v00,s030z,90000,0.004,347,9.941732410398188e+19,126,2.408913263398049e+19,0.2423031684979305,1.940073876853605e+18,221,7.532819147000142e+19,0.7576968315020697,3.3457015025109606e+18
Ma_xp_A2000_s030z_n65_r19_v00_90000_fof_0.0040_0000.hdf5,Ma_xp_A2000_s030z_n65_r19_v00_90000.hdf5,A2000,n65,r19,v00,s030z,90000,0.004,350,9.939671280541929e+19,129,2.3250457322707595e+19,0.2339157570353769,1.9074734107543017e+18,221,7.614625548271169e+19,0.7660842429646231,4.1770448556678047e+18
Ma_xp_A2000_s030z_n65_r20_v00_90000_fof_0.0040_0000.hdf5,Ma_xp_A2000_s030z_n65_r20_v00_90000.hdf5,A2000,n65,r20,v00,s030z,90000,0.004,354,9.930208963789768e+19,146,2.193448097881489e+19,0.2208863988542271,1.6154537916408502e+18,208,7.736760865908279e+19,0.7791136011457728,3.2094466586800384e+18
Ma_xp_A2000_s030z_n65_r20_v02_90000_fof_0.0040_0000.hdf5,Ma_xp_A2000_s030z_n65_r20_v02_90000.hdf5,A2000,n65,r20,v02,s030z,90000,0.004,346,9.940479998665856e+19,130,2.1967301718333866e+19,0.2209883398113789,1.6936193879638904e+18,216,7.74374982683247e+19,0.7790116601886209,3.761420380536437e+18
Ma_xp_A2000_s030z_n65_r20_v04_90000_fof_0.0040_0000.hdf5,Ma_xp_A2000_s030z_n65_r20_v04_90000.hdf5,A2000,n65,r20,v04,s030z,90000,0.004,315,9.940612162717988e+19,100,1.6647446894187278e+19,0.1674690312999344,1.6442466743443855e+18,215,8.275867473299261e+19,0.8325309687000657,4.229406994267032e+18
Ma_xp_A2000_s030z_n65_r20_v06_90000_fof_0.0040_0000.hdf5,Ma_xp_A2000_s030z_n65_r20_v06_90000.hdf5,A2000,n65,r20,v06,s030z,90000,0.004,299,9.94252539470155e+19,72,1.0735402715289045e+19,0.1079746069445296,1.0714728481479368e+18,227,8.868985123172645e+19,0.8920253930554704,4.673446740526268e+18
Ma_xp_A2000_s030z_n65_r20_v08_90000_fof_0.0040_0000.hdf5,Ma_xp_A2000_s030z_n65_r20_v08_90000.hdf5,A2000,n65,r20,v08,s030z,90000,0.004,272,9.944111363325985e+19,33,4.025905822212733e+18,0.0404853251851173,7.469786334606619e+17,239,9.541520781104711e+19,0.9595146748148828,3.851543676779338e+18
Ma_xp_A2000_s030z_n65_r20_v10_90000_fof_0.0040_0000.hdf5,Ma_xp_A2000_s030z_n65_r20_v10_90000.hdf5,A2000,n65,r20,v10,s030z,90000,0.004,225,9.944190032397006e+19,0,0.0,0.0,0.0,225,9.944190032397006e+19,1.0,5.008388208831103e+18
Ma_xp_A2000_s030z_n65_r22_v00_90000_fof_0.0040_0000.hdf5,Ma_xp_A2000_s030z_n65_r22_v00_90000.hdf5,A2000,n65,r22,v00,s030z,90000,0.004,307,9.941678915419764e+19,112,2.068968441708127e+19,0.2081105675721543,1.924560334588203e+18,195,7.872710473711637e+19,0.7918894324278457,6.243681545901244e+18
Ma_xp_A2000_s030z_n65_r24_v00_90000_fof_0.0040_0000.hdf5,Ma_xp_A2000_s030z_n65_r24_v00_90000.hdf5,A2000,n65,r24,v00,s030z,90000,0.004,261,9.941927509710207e+19,74,1.4199139303077329e+19,0.1428207889185384,1.5916327946937723e+18,187,8.522013579402476e+19,0.8571792110814614,1.7094979547614806e+19
Ma_xp_A2000_s030z_n65_r26_v00_90000_fof_0.0040_0000.hdf5,Ma_xp_A2000_s030z_n65_r26_v00_90000.hdf5,A2000,n65,r26,v00,s030z,90000,0.004,164,9.942226452245108e+19,6,7.247341648450499e+18,0.0728945541852342,6.693259595287863e+18,158,9.217492287400056e+19,0.9271054458147656,4.326579039982779e+19
Ma_xp_A2000_s030z_n65_r28_v00_90000_fof_0.0040_0000.hdf5,Ma_xp_A2000_s030z_n65_r28_v00_90000.hdf5,A2000,n65,r28,v00,s030z,90000,0.004,2,9.950927252202729e+19,0,0.0,0.0,0.0,2,9.950927252202729e+19,1.0,7.97581102104505e+19
Ma_xp_A2000_s030z_n65_r30_v00_90000_fof_0.0040_0000.hdf5,Ma_xp_A2000_s030z_n65_r30_v00_90000.hdf5,A2000,n65,r30,v00,s030z,90000,0.004,132,9.941033828511452e+19,0,0.0,0.0,0.0,132,9.941033828511452e+19,1.0,9.474771640976209e+19
Ma_xp_A2000_s036mz_n65_r12_v00_90000_fof_0.0040_0000.hdf5,Ma_xp_A2000_s036mz_n65_r12_v00_90000.hdf5,A2000,n65,r12,v00,s036mz,90000,0.004,1,1.0016129079298584e+20,0,0.0,0.0,0.0,1,1.0016129079298584e+20,1.0,1.0016129079298584e+20
Ma_xp_A2000_s036x_n65_r12_v00_90000_fof_0.0040_0000.hdf5,Ma_xp_A2000_s036x_n65_r12_v00_90000.hdf5,A2000,n65,r12,v00,s036x,90000,0.004,2250,9.675258617988742e+19,830,2.1410582351396487e+19,0.2212920935424798,7.83705275996451e+17,1420,7.534200382849093e+19,0.7787079064575202,4.458058193882082e+18
Ma_xp_A2000_s036x_n65_r16_v00_90000_fof_0.0040_0000.hdf5,Ma_xp_A2000_s036x_n65_r16_v00_90000.hdf5,A2000,n65,r16,v00,s036x,90000,0.004,492,9.862853139228044e+19,120,1.267925101718916e+19,0.1285556100065944,5.158207938290663e+18,372,8.594928037509128e+19,0.8714443899934056,2.5487319451798303e+19
Ma_xp_A2000_s036x_n65_r16_v06_90000_fof_0.0040_0000.hdf5,Ma_xp_A2000_s036x_n65_r16_v06_90000.hdf5,A2000,n65,r16,v06,s036x,90000,0.004,538,9.86025905354716e+19,0,0.0,0.0,0.0,538,9.86025905354716e+19,1.0,3.2015103275343974e+19
Ma_xp_A2000_s036x_n65_r20_v00_90000_fof_0.0040_0000.hdf5,Ma_xp_A2000_s036x_n65_r20_v00_90000.hdf5,A2000,n65,r20,v00,s036x,90000,0.004,6,1.0014694255137078e+20,0,0.0,0.0,0.0,6,1.0014694255137078e+20,1.0,7.690048236742104e+19
Ma_xp_A2000_s036y_n65_r12_v00_90000_fof_0.0040_0000.hdf5,Ma_xp_A2000_s036y_n65_r12_v00_90000.hdf5,A2000,n65,r12,v00,s036y,90000,0.004,2223,9.457361755211778e+19,614,2.352252918051535e+19,0.2487218929481313,3.0653287475400904e+18,1609,7.1051088371602416e+19,0.7512781070518686,4.118799930486456e+18
Ma_xp_A2000_s036y_n65_r16_v00_90000_fof_0.0040_0000.hdf5,Ma_xp_A2000_s036y_n65_r16_v00_90000.hdf5,A2000,n65,r16,v00,s036y,90000,0.004,4671,9.060976593875205e+19,2006,1.5719430753326782e+19,0.1734849504406884,1.3774943399379878e+18,2665,7.489033518542525e+19,0.8265150495593114,9.6369808090847e+18
Ma_xp_A2000_s036y_n65_r16_v06_90000_fof_0.0040_0000.hdf5,Ma_xp_A2000_s036y_n65_r16_v06_90000.hdf5,A2000,n65,r16,v06,s036y,90000,0.004,3299,9.36062991540688e+19,566,5.423792901279525e+18,0.0579426058961307,1.5987993055196552e+18,2733,8.818250625278928e+19,0.9420573941038692,1.672450434278276e+19
Ma_xp_A2000_s036y_n65_r20_v00_90000_fof_0.0040_0000.hdf5,Ma_xp_A2000_s036y_n65_r20_v00_90000.hdf5,A2000,n65,r20,v00,s036y,90000,0.004,86,1.0000884470709684e+20,0,0.0,0.0,0.0,86,1.0000884470709684e+20,1.0,9.608540888534196e+19
Ma_xp_A2000_s036z_n65_r12_v00_90000_fof_0.0040_0000.hdf5,Ma_xp_A2000_s036z_n65_r12_v00_90000.hdf5,A2000,n65,r12,v00,s036z,90000,0.004,451,9.945154387591953e+19,218,2.59823178776775e+19,0.2612560536022877,1.5954102070056666e+18,233,7.3469225998242e+19,0.7387439463977122,2.928149442268271e+18
Ma_xp_A2000_s036z_n65_r16_v00_90000_fof_0.0040_0000.hdf5,Ma_xp_A2000_s036z_n65_r16_v00_90000.hdf5,A2000,n65,r16,v00,s036z,90000,0.004,346,1.000635137113286e+20,125,2.5419252417087058e+19,0.2540311795408124,2.1106482025855985e+18,221,7.464426129424151e+19,0.7459688204591873,3.6420139498222454e+18
Ma_xp_A2000_s036z_n65_r16_v06_90000_fof_0.0040_0000.hdf5,Ma_xp_A2000_s036z_n65_r16_v06_90000.hdf5,A2000,n65,r16,v06,s036z,90000,0.004,348,1.0007301585669492e+20,94,1.3087779920305328e+19,0.1307823073809137,1.2340119449065075e+18,254,8.69852359363896e+19,0.8692176926190863,3.3352846973973325e+18
Ma_xp_A2000_s036z_n65_r20_v00_90000_fof_0.0040_0000.hdf5,Ma_xp_A2000_s036z_n65_r20_v00_90000.hdf5,A2000,n65,r20,v00,s036z,90000,0.004,296,1.000754864144901e+20,116,2.04354721939042e+19,0.2042005782441573,2.3042385775154895e+18,180,7.964001422058593e+19,0.7957994217558427,6.103734749875597e+18
Ma_xp_A2000_s047mz_n65_r12_v00_90000_fof_0.0040_0000.hdf5,Ma_xp_A2000_s047mz_n65_r12_v00_90000.hdf5,A2000,n65,r12,v00,s047mz,90000,0.004,318,9.983410726807233e+19,0,0.0,0.0,0.0,318,9.983410726807233e+19,1.0,9.606643198306773e+19
Ma_xp_A2000_s047mz_n65_r16_v00_90000_fof_0.0040_0000.hdf5,Ma_xp_A2000_s047mz_n65_r16_v00_90000.hdf5,A2000,n65,r16,v00,s047mz,90000,0.004,1,1.0007002011234022e+20,0,0.0,0.0,0.0,1,1.0007002011234022e+20,1.0,1.0007002011234022e+20
Ma_xp_A2000_s047mz_n65_r16_v06_90000_fof_0.0040_0000.hdf5,Ma_xp_A2000_s047mz_n65_r16_v06_90000.hdf5,A2000,n65,r16,v06,s047mz,90000,0.004,1,1.0007002011234022e+20,0,0.0,0.0,0.0,1,1.0007002011234022e+20,1.0,1.0007002011234022e+20
Ma_xp_A2000_s047x_n65_r12_v00_90000_fof_0.0040_0000.hdf5,Ma_xp_A2000_s047x_n65_r12_v00_90000.hdf5,A2000,n65,r12,v00,s047x,90000,0.004,2124,9.543141346539608e+19,752,1.9256215889350988e+19,0.2017806840546628,2.1109373786239148e+18,1372,7.61751975760451e+19,0.7982193159453371,5.725862656478333e+18
Ma_xp_A2000_s047x_n65_r16_v00_90000_fof_0.0040_0000.hdf5,Ma_xp_A2000_s047x_n65_r16_v00_90000.hdf5,A2000,n65,r16,v00,s047x,90000,0.004,469,9.88145080917746e+19,137,1.085619964806501e+19,0.1098644304132167,3.3657532131684326e+18,332,8.79583084437096e+19,0.8901355695867834,1.8385063010243832e+19
Ma_xp_A2000_s047x_n65_r16_v06_90000_fof_0.0040_0000.hdf5,Ma_xp_A2000_s047x_n65_r16_v06_90000.hdf5,A2000,n65,r16,v06,s047x,90000,0.004,283,9.926899236916807e+19,0,0.0,0.0,0.0,283,9.926899236916807e+19,1.0,3.3811896030168826e+19
Ma_xp_A2000_s047x_n65_r20_v00_90000_fof_0.0040_0000.hdf5,Ma_xp_A2000_s047x_n65_r20_v00_90000.hdf5,A2000,n65,r20,v00,s047x,90000,0.004,2,9.999435712323944e+19,0,0.0,0.0,0.0,2,9.999435712323944e+19,1.0,8.071633788721742e+19
Ma_xp_A2000_s047y_n65_r12_v00_90000_fof_0.0040_0000.hdf5,Ma_xp_A2000_s047y_n65_r12_v00_90000.hdf5,A2000,n65,r12,v00,s047y,90000,0.004,1739,9.625288382704452e+19,466,2.039318605854486e+19,0.2118709097089402,3.0060771035310556e+18,1273,7.585969776849964e+19,0.7881290902910596,5.18299413098745e+18
Ma_xp_A2000_s047y_n65_r16_v00_90000_fof_0.0040_0000.hdf5,Ma_xp_A2000_s047y_n65_r16_v00_90000.hdf5,A2000,n65,r16,v00,s047y,90000,0.004,1635,9.647879687856962e+19,578,1.6811867680956938e+19,0.1742545328598648,1.87749283694052e+18,1057,7.96669291976127e+19,0.8257454671401353,1.714891767586608e+19
Ma_xp_A2000_s047y_n65_r16_v06_90000_fof_0.0040_0000.hdf5,Ma_xp_A2000_s047y_n65_r16_v06_90000.hdf5,A2000,n65,r16,v06,s047y,90000,0.004,1462,9.702321600533873e+19,147,4.021404217524558e+18,0.0414478552978833,2.0052750057513577e+18,1315,9.300181178781413e+19,0.9585521447021164,2.5960317819099898e+19
Ma_xp_A2000_s047y_n65_r20_v00_90000_fof_0.0040_0000.hdf5,Ma_xp_A2000_s047y_n65_r20_v00_90000.hdf5,A2000,n65,r20,v00,s047y,90000,0.004,117,9.965983871941308e+19,0,0.0,0.0,0.0,117,9.965983871941308e+19,1.0,9.0922044650056e+19
Ma_xp_A2000_s047z_n65_r11_v00_90000_fof_0.0040_0000.hdf5,Ma_xp_A2000_s047z_n65_r11_v00_90000.hdf5,A2000,n65,r11,v00,s047z,90000,0.004,369,9.995590854962428e+19,148,2.6768782120192975e+19,0.2678059007077435,1.9471116510524175e+18,221,7.318712642943128e+19,0.7321940992922563,3.4785989818616305e+18
Ma_xp_A2000_s047z_n65_r12_v00_90000_fof_0.0040_0000.hdf5,Ma_xp_A2000_s047z_n65_r12_v00_90000.hdf5,A2000,n65,r12,v00,s047z,90000,0.004,348,9.99846421329071e+19,136,2.5771081224135254e+19,0.2577503972047866,2.0026484777644088e+18,212,7.421356090877184e+19,0.7422496027952132,3.7851432783649976e+18
Ma_xp_A2000_s047z_n65_r12_v02_90000_fof_0.0040_0000.hdf5,Ma_xp_A2000_s047z_n65_r12_v02_90000.hdf5,A2000,n65,r12,v02,s047z,90000,0.004,343,9.997499043368205e+19,125,2.5123784477470368e+19,0.2513006939884242,2.0797987817665933e+18,218,7.485120595621165e+19,0.7486993060115756,3.411480116074117e+18
Ma_xp_A2000_s047z_n65_r12_v04_90000_fof_0.0040_0000.hdf5,Ma_xp_A2000_s047z_n65_r12_v04_90000.hdf5,A2000,n65,r12,v04,s047z,90000,0.004,342,9.94292105759508e+19,124,2.1810909918108295e+19,0.2193611896520856,2.127329444855716e+18,218,7.761830065784249e+19,0.7806388103479144,3.2945837981961943e+18
Ma_xp_A2000_s047z_n65_r12_v06_90000_fof_0.0040_0000.hdf5,Ma_xp_A2000_s047z_n65_r12_v06_90000.hdf5,A2000,n65,r12,v06,s047z,90000,0.004,319,9.999065466684196e+19,89,1.5425155838592311e+19,0.1542659750552415,1.6451558672998144e+18,230,8.456549882824965e+19,0.8457340249447584,3.659386384145489e+18
Ma_xp_A2000_s047z_n65_r12_v08_90000_fof_0.0040_0000.hdf5,Ma_xp_A2000_s047z_n65_r12_v08_90000.hdf5,A2000,n65,r12,v08,s047z,90000,0.004,305,9.998571806003364e+19,52,7.275419234046766e+18,0.0727645845347476,1.0564022143213082e+18,253,9.271029882598688e+19,0.9272354154652525,4.35380241000178e+18
Ma_xp_A2000_s047z_n65_r12_v10_90000_fof_0.0040_0000.hdf5,Ma_xp_A2000_s047z_n65_r12_v10_90000.hdf5,A2000,n65,r12,v10,s047z,90000,0.004,260,9.999866083046833e+19,14,1.2686130177014318e+18,0.0126863000680795,2.4999483249373434e+17,246,9.87300478127669e+19,0.9873136999319204,4.714807606088727e+18
Ma_xp_A2000_s047z_n65_r12_v12_90000_fof_0.0040_0000.hdf5,Ma_xp_A2000_s047z_n65_r12_v12_90000.hdf5,A2000,n65,r12,v12,s047z,90000,0.004,228,1.0000888213816448e+20,0,0.0,0.0,0.0,228,1.0000888213816448e+20,1.0,3.7107460820111816e+18
Ma_xp_A2000_s047z_n65_r12_v14_90000_fof_0.0040_0000.hdf5,Ma_xp_A2000_s047z_n65_r12_v14_90000.hdf5,A2000,n65,r12,v14,s047z,90000,0.004,178,1.000079644356418e+20,0,0.0,0.0,0.0,178,1.000079644356418e+20,1.0,4.45626864640912e+18
Ma_xp_A2000_s047z_n65_r12_v16_90000_fof_0.0040_0000.hdf5,Ma_xp_A2000_s047z_n65_r12_v16_90000.hdf5,A2000,n65,r12,v16,s047z,90000,0.004,136,9.998027513458196e+19,0,0.0,0.0,0.0,136,9.998027513458196e+19,1.0,5.278023812249422e+18
Ma_xp_A2000_s047z_n65_r13_v00_90000_fof_0.0040_0000.hdf5,Ma_xp_A2000_s047z_n65_r13_v00_90000.hdf5,A2000,n65,r13,v00,s047z,90000,0.004,371,9.99725221302628e+19,141,2.5777188692826227e+19,0.2578427366195575,2.2580545908085563e+18,230,7.419533343743656e+19,0.7421572633804425,3.461289213080032e+18
Ma_xp_A2000_s047z_n65_r14_v00_90000_fof_0.0040_0000.hdf5,Ma_xp_A2000_s047z_n65_r14_v00_90000.hdf5,A2000,n65,r14,v00,s047z,90000,0.004,345,9.997815492522e+19,139,2.476439317207697e+19,0.2476980415431734,1.9010999439075543e+18,206,7.521376175314305e+19,0.7523019584568268,2.9119967697327165e+18
Ma_xp_A2000_s047z_n65_r15_v00_90000_fof_0.0040_0000.hdf5,Ma_xp_A2000_s047z_n65_r15_v00_90000.hdf5,A2000,n65,r15,v00,s047z,90000,0.004,358,9.996840829124696e+19,142,2.4887207089148215e+19,0.2489507186774653,2.333021395641088e+18,216,7.508120120209877e+19,0.7510492813225348,4.5005715281170493e+18
Ma_xp_A2000_s047z_n65_r16_v00_90000_fof_0.0040_0000.hdf5,Ma_xp_A2000_s047z_n65_r16_v00_90000.hdf5,A2000,n65,r16,v00,s047z,90000,0.004,356,9.997106646412527e+19,140,2.3630460914755875e+19,0.2363730002143739,2.270902426503752e+18,216,7.634060554936941e+19,0.7636269997856261,3.074968084586886e+18
Ma_xp_A2000_s047z_n65_r16_v02_90000_fof_0.0040_0000.hdf5,Ma_xp_A2000_s047z_n65_r16_v02_90000.hdf5,A2000,n65,r16,v02,s047z,90000,0.004,339,9.99027767364928e+19,131,2.243393501458702e+19,0.2245576724434755,2.1832143656382664e+18,208,7.746884172190579e+19,0.7754423275565244,4.2684877177985096e+18
Ma_xp_A2000_s047z_n65_r16_v04_90000_fof_0.0040_0000.hdf5,Ma_xp_A2000_s047z_n65_r16_v04_90000.hdf5,A2000,n65,r16,v04,s047z,90000,0.004,349,9.998442061848994e+19,117,1.845939691692057e+19,0.184622732249017,1.9441686739104143e+18,232,8.152502370156934e+19,0.8153772677509826,4.1545343770626135e+18
Ma_xp_A2000_s047z_n65_r16_v06_90000_fof_0.0040_0000.hdf5,Ma_xp_A2000_s047z_n65_r16_v06_90000.hdf5,A2000,n65,r16,v06,s047z,90000,0.004,319,9.998600286429628e+19,72,1.204345358801084e+19,0.1204513956254111,1.3686742405290647e+18,247,8.794254927628544e+19,0.8795486043745888,4.152319232977217e+18
Ma_xp_A2000_s047z_n65_r16_v08_90000_fof_0.0040_0000.hdf5,Ma_xp_A2000_s047z_n65_r16_v08_90000.hdf5,A2000,n65,r16,v08,s047z,90000,0.004,285,9.999350270926794e+19,34,4.694238411006715e+18,0.0469454342914184,5.888169428115082e+17,251,9.529926429826123e+19,0.9530545657085816,4.3776310313775447e+18
Ma_xp_A2000_s047z_n65_r16_v10_90000_fof_0.0040_0000.hdf5,Ma_xp_A2000_s047z_n65_r16_v10_90000.hdf5,A2000,n65,r16,v10,s047z,90000,0.004,265,9.999856589574632e+19,1,1.7183189119505994e+16,0.0001718343554788,1.7183189119505994e+16,264,9.99813827066268e+19,0.999828165644521,5.924339566526646e+18
Ma_xp_A2000_s047z_n65_r17_v00_90000_fof_0.0040_0000.hdf5,Ma_xp_A2000_s047z_n65_r17_v00_90000.hdf5,A2000,n65,r17,v00,s047z,90000,0.004,329,9.997492714386122e+19,125,2.3454641764215812e+19,0.2346052398764463,1.756577614794356e+18,204,7.652028537964542e+19,0.7653947601235538,4.135768942167755e+18
Ma_xp_A2000_s047z_n65_r18_v00_90000_fof_0.0040_0000.hdf5,Ma_xp_A2000_s047z_n65_r18_v00_90000.hdf5,A2000,n65,r18,v00,s047z,90000,0.004,322,9.997964223626248e+19,121,2.164021724387621e+19,0.2164462360521163,2.709849049482535e+18,201,7.833942499238627e+19,0.7835537639478837,5.847189262525086e+18
Ma_xp_A2000_s047z_n65_r19_v00_90000_fof_0.0040_0000.hdf5,Ma_xp_A2000_s047z_n65_r19_v00_90000.hdf5,A2000,n65,r19,v00,s047z,90000,0.004,292,9.998669905236415e+19,101,1.91438447943908e+19,0.1914639144589117,2.9650336481202094e+18,191,8.084285425797335e+19,0.8085360855410882,9.994445308968286e+18
Ma_xp_A2000_s047z_n65_r20_v00_90000_fof_0.0040_0000.hdf5,Ma_xp_A2000_s047z_n65_r20_v00_90000.hdf5,A2000,n65,r20,v00,s047z,90000,0.004,239,9.997935743239312e+19,79,1.5104308040275237e+19,0.1510742660102501,2.109639937088193e+18,160,8.487504939211787e+19,0.8489257339897498,2.8705577529180512e+19
Ma_xp_A2000_s047z_n65_r20_v02_90000_fof_0.0040_0000.hdf5,Ma_xp_A2000_s047z_n65_r20_v02_90000.hdf5,A2000,n65,r20,v02,s047z,90000,0.004,272,9.993030781341735e+19,79,1.4763618879945077e+19,0.1477391514445311,2.0834063021342095e+18,193,8.51666889334723e+19,0.8522608485554691,2.953030731712916e+19
Ma_xp_A2000_s047z_n65_r20_v04_90000_fof_0.0040_0000.hdf5,Ma_xp_A2000_s047z_n65_r20_v04_90000.hdf5,A2000,n65,r20,v04,s047z,90000,0.004,220,9.999033821809182e+19,46,9.20636033327237e+18,0.0920724991767915,2.1618224027566108e+18,174,9.078397788481946e+19,0.9079275008232084,2.9501035770285e+19
Ma_xp_A2000_s047z_n65_r20_v06_90000_fof_0.0040_0000.hdf5,Ma_xp_A2000_s047z_n65_r20_v06_90000.hdf5,A2000,n65,r20,v06,s047z,90000,0.004,215,1.000050847490093e+20,11,3.081486937179809e+18,0.0308133025926997,1.8376835332347167e+18,204,9.69235978118295e+19,0.9691866974073003,3.397875966963829e+19
Ma_xp_A2000_s047z_n65_r20_v08_90000_fof_0.0040_0000.hdf5,Ma_xp_A2000_s047z_n65_r20_v08_90000.hdf5,A2000,n65,r20,v08,s047z,90000,0.004,171,1.000039455322404e+20,0,0.0,0.0,0.0,171,1.000039455322404e+20,1.0,3.865749207229332e+19
Ma_xp_A2000_s047z_n65_r20_v10_90000_fof_0.0040_0000.hdf5,Ma_xp_A2000_s047z_n65_r20_v10_90000.hdf5,A2000,n65,r20,v10,s047z,90000,0.004,142,9.999448370314812e+19,0,0.0,0.0,0.0,142,9.999448370314812e+19,1.0,5.067892079974599e+19
Ma_xp_A2000_s047z_n65_r22_v00_90000_fof_0.0040_0000.hdf5,Ma_xp_A2000_s047z_n65_r22_v00_90000.hdf5,A2000,n65,r22,v00,s047z,90000,0.004,75,1.0004011567103412e+20,0,0.0,0.0,0.0,75,1.0004011567103412e+20,1.0,8.132809739364424e+19
Ma_xp_A2000_s047z_n65_r24_v00_90000_fof_0.0040_0000.hdf5,Ma_xp_A2000_s047z_n65_r24_v00_90000.hdf5,A2000,n65,r24,v00,s047z,90000,0.004,225,9.962433312355916e+19,0,0.0,0.0,0.0,225,9.962433312355916e+19,1.0,9.425808328687691e+19
Ma_xp_A2000_s047z_n65_r26_v00_90000_fof_0.0040_0000.hdf5,Ma_xp_A2000_s047z_n65_r26_v00_90000.hdf5,A2000,n65,r26,v00,s047z,90000,0.004,1,1.0007002011234022e+20,0,0.0,0.0,0.0,1,1.0007002011234022e+20,1.0,1.0007002011234022e+20
Ma_xp_A2000_s047z_n65_r28_v00_90000_fof_0.0040_0000.hdf5,Ma_xp_A2000_s047z_n65_r28_v00_90000.hdf5,A2000,n65,r28,v00,s047z,90000,0.004,1,1.0007002011234022e+20,0,0.0,0.0,0.0,1,1.0007002011234022e+20,1.0,1.0007002011234022e+20
Ma_xp_A2000_s047z_n65_r30_v00_90000_fof_0.0040_0000.hdf5,Ma_xp_A2000_s047z_n65_r30_v00_90000.hdf5,A2000,n65,r30,v00,s047z,90000,0.004,1,1.0007002011234022e+20,0,0.0,0.0,0.0,1,1.0007002011234022e+20,1.0,1.0007002011234022e+20
Ma_xp_A2000_s086mz_n65_r12_v00_90000_fof_0.0040_0000.hdf5,Ma_xp_A2000_s086mz_n65_r12_v00_90000.hdf5,A2000,n65,r12,v00,s086mz,90000,0.004,204,9.989067223980528e+19,31,5.244675836427602e+18,0.0525041599863982,1.8987887735435704e+18,173,9.46459964033777e+19,0.947495840013602,3.754609552944561e+19
Ma_xp_A2000_s086mz_n65_r16_v00_90000_fof_0.0040_0000.hdf5,Ma_xp_A2000_s086mz_n65_r16_v00_90000.hdf5,A2000,n65,r16,v00,s086mz,90000,0.004,2,1.000049626144054e+20,0,0.0,0.0,0.0,2,1.000049626144054e+20,1.0,7.1635871792097845e+19
Ma_xp_A2000_s086mz_n65_r16_v06_90000_fof_0.0040_0000.hdf5,Ma_xp_A2000_s086mz_n65_r16_v06_90000.hdf5,A2000,n65,r16,v06,s086mz,90000,0.004,2,1.000049626144054e+20,0,0.0,0.0,0.0,2,1.000049626144054e+20,1.0,6.6561334918341894e+19
Ma_xp_A2000_s086x_n65_r12_v00_90000_fof_0.0040_0000.hdf5,Ma_xp_A2000_s086x_n65_r12_v00_90000.hdf5,A2000,n65,r12,v00,s086x,90000,0.004,974,9.728982306173505e+19,315,1.7965725736527008e+19,0.1846619221943378,4.128716037606689e+18,659,7.932409732520804e+19,0.8153380778056624,8.33136978796327e+18
Ma_xp_A2000_s086x_n65_r16_v00_90000_fof_0.0040_0000.hdf5,Ma_xp_A2000_s086x_n65_r16_v00_90000.hdf5,A2000,n65,r16,v00,s086x,90000,0.004,107,9.954862335071314e+19,48,1.2342506520143438e+19,0.1239847032003684,2.912886565109835e+18,59,8.720611683056971e+19,0.8760152967996316,2.9880418151329194e+19
Ma_xp_A2000_s086x_n65_r16_v06_90000_fof_0.0040_0000.hdf5,Ma_xp_A2000_s086x_n65_r16_v06_90000.hdf5,A2000,n65,r16,v06,s086x,90000,0.004,111,9.969093289213036e+19,0,0.0,0.0,0.0,111,9.969093289213036e+19,1.0,3.10323348276132e+19
Ma_xp_A2000_s086x_n65_r20_v00_90000_fof_0.0040_0000.hdf5,Ma_xp_A2000_s086x_n65_r20_v00_90000.hdf5,A2000,n65,r20,v00,s086x,90000,0.004,20,9.995537564533298e+19,0,0.0,0.0,0.0,20,9.995537564533298e+19,1.0,8.509462273036277e+19
Ma_xp_A2000_s086y_n65_r12_v00_90000_fof_0.0040_0000.hdf5,Ma_xp_A2000_s086y_n65_r12_v00_90000.hdf5,A2000,n65,r12,v00,s086y,90000,0.004,710,9.81320741759859e+19,243,1.9517089483153596e+19,0.1988859366016505,3.5417998647910743e+18,467,7.86149846928323e+19,0.8011140633983496,9.119859519984112e+18
Ma_xp_A2000_s086y_n65_r16_v00_90000_fof_0.0040_0000.hdf5,Ma_xp_A2000_s086y_n65_r16_v00_90000.hdf5,A2000,n65,r16,v00,s086y,90000,0.004,645,9.850119350206053e+19,241,1.586223259385604e+19,0.1610359431180316,4.445908193075227e+18,404,8.263896090820447e+19,0.8389640568819684,1.9719042534577086e+19
Ma_xp_A2000_s086y_n65_r16_v06_90000_fof_0.0040_0000.hdf5,Ma_xp_A2000_s086y_n65_r16_v06_90000.hdf5,A2000,n65,r16,v06,s086y,90000,0.004,634,9.832245271831368e+19,11,3.6706374362146857e+18,0.0373326471699275,1.3513081558495178e+18,623,9.465181528209898e+19,0.9626673528300724,3.6782778774045008e+19
Ma_xp_A2000_s086y_n65_r20_v00_90000_fof_0.0040_0000.hdf5,Ma_xp_A2000_s086y_n65_r20_v00_90000.hdf5,A2000,n65,r20,v00,s086y,90000,0.004,249,9.86874925051159e+19,0,0.0,0.0,0.0,249,9.86874925051159e+19,1.0,9.014537809854382e+19
Ma_xp_A2000_s086z_n65_r12_v00_90000_fof_0.0040_0000.hdf5,Ma_xp_A2000_s086z_n65_r12_v00_90000.hdf5,A2000,n65,r12,v00,s086z,90000,0.004,337,9.989772446775134e+19,118,2.52111472267804e+19,0.2523695846036912,2.1434030629303247e+18,219,7.468657724097094e+19,0.7476304153963088,3.4965454306459617e+18
Ma_xp_A2000_s086z_n65_r16_v00_90000_fof_0.0040_0000.hdf5,Ma_xp_A2000_s086z_n65_r16_v00_90000.hdf5,A2000,n65,r16,v00,s086z,90000,0.004,334,9.992270769828137e+19,103,2.0056885385615454e+19,0.2007239980543524,2.1583297525994324e+18,231,7.98658223126659e+19,0.7992760019456475,5.918875194575314e+18
Ma_xp_A2000_s086z_n65_r16_v06_90000_fof_0.0040_0000.hdf5,Ma_xp_A2000_s086z_n65_r16_v06_90000.hdf5,A2000,n65,r16,v06,s086z,90000,0.004,266,9.992229658174482e+19,37,8.137955309175474e+18,0.0814428369599966,1.854894186126787e+18,229,9.178434127256938e+19,0.9185571630400036,7.352881006089574e+18
Ma_xp_A2000_s086z_n65_r20_v00_90000_fof_0.0040_0000.hdf5,Ma_xp_A2000_s086z_n65_r20_v00_90000.hdf5,A2000,n65,r20,v00,s086z,90000,0.004,85,9.997061857816456e+19,0,0.0,0.0,0.0,85,9.997061857816456e+19,1.0,7.1519051470829674e+19
Ma_xp_A2000_s170mz_n65_r12_v00_90000_fof_0.0040_0000.hdf5,Ma_xp_A2000_s170mz_n65_r12_v00_90000.hdf5,A2000,n65,r12,v00,s170mz,90000,0.004,275,9.975855858542331e+19,59,1.4614407265541183e+19,0.146497778965269,2.07468656150713e+18,216,8.514415131988215e+19,0.8535022210347312,1.3978439499963052e+19
Ma_xp_A2000_s170mz_n65_r16_v00_90000_fof_0.0040_0000.hdf5,Ma_xp_A2000_s170mz_n65_r16_v00_90000.hdf5,A2000,n65,r16,v00,s170mz,90000,0.004,177,9.964081250505086e+19,6,6.721220325422648e+18,0.0674544913519442,6.684560845962776e+18,171,9.29195921796282e+19,0.932545508648056,5.9742921147368e+19
Ma_xp_A2000_s170mz_n65_r16_v06_90000_fof_0.0040_0000.hdf5,Ma_xp_A2000_s170mz_n65_r16_v06_90000.hdf5,A2000,n65,r16,v06,s170mz,90000,0.004,77,9.981432141026112e+19,0,0.0,0.0,0.0,77,9.981432141026112e+19,1.0,6.855796295581421e+19
Ma_xp_A2000_s170x_n65_r12_v00_90000_fof_0.0040_0000.hdf5,Ma_xp_A2000_s170x_n65_r12_v00_90000.hdf5,A2000,n65,r12,v00,s170x,90000,0.004,251,9.886486931138068e+19,59,2.170863226870417e+19,0.2195788293648734,3.4049425564783744e+18,192,7.715623704267651e+19,0.7804211706351267,7.953844011617172e+18
Ma_xp_A2000_s170x_n65_r16_v00_90000_fof_0.0040_0000.hdf5,Ma_xp_A2000_s170x_n65_r16_v00_90000.hdf5,A2000,n65,r16,v00,s170x,90000,0.004,117,9.955145305106928e+19,24,1.3169499616883851e+19,0.132288371623546,3.1045305947380905e+18,93,8.638195343418542e+19,0.8677116283764538,2.399740261239269e+19
Ma_xp_A2000_s170x_n65_r16_v06_90000_fof_0.0040_0000.hdf5,Ma_xp_A2000_s170x_n65_r16_v06_90000.hdf5,A2000,n65,r16,v06,s170x,90000,0.004,132,9.960033235768082e+19,0,0.0,0.0,0.0,132,9.960033235768082e+19,1.0,3.464238712030334e+19
Ma_xp_A2000_s170x_n65_r20_v00_90000_fof_0.0040_0000.hdf5,Ma_xp_A2000_s170x_n65_r20_v00_90000.hdf5,A2000,n65,r20,v00,s170x,90000,0.004,10,9.982935147993652e+19,0,0.0,0.0,0.0,10,9.982935147993652e+19,1.0,8.58064848588708e+19
Ma_xp_A2000_s170y_n65_r12_v00_90000_fof_0.0040_0000.hdf5,Ma_xp_A2000_s170y_n65_r12_v00_90000.hdf5,A2000,n65,r12,v00,s170y,90000,0.004,231,9.899837170514896e+19,66,1.8652728373684113e+19,0.1884144966468572,3.433202878714821e+18,165,8.034564333146482e+19,0.8115855033531426,9.61438265529594e+18
Ma_xp_A2000_s170y_n65_r16_v00_90000_fof_0.0040_0000.hdf5,Ma_xp_A2000_s170y_n65_r16_v00_90000.hdf5,A2000,n65,r16,v00,s170y,90000,0.004,120,9.954270656009188e+19,44,1.2386199266354498e+19,0.1244310074980451,2.9203806514051773e+18,76,8.71565072937374e+19,0.8755689925019551,2.163679737157281e+19
Ma_xp_A2000_s170y_n65_r16_v06_90000_fof_0.0040_0000.hdf5,Ma_xp_A2000_s170y_n65_r16_v06_90000.hdf5,A2000,n65,r16,v06,s170y,90000,0.004,67,9.963500256279455e+19,3,4546912181069435.0,4.563569091297771e-05,1547213172725016.2,64,9.96304556506135e+19,0.9999543643090868,3.0679342669125415e+19
Ma_xp_A2000_s170y_n65_r20_v00_90000_fof_0.0040_0000.hdf5,Ma_xp_A2000_s170y_n65_r20_v00_90000.hdf5,A2000,n65,r20,v00,s170y,90000,0.004,21,9.97216464974614e+19,0,0.0,0.0,0.0,21,9.97216464974614e+19,1.0,8.86844592388416e+19
Ma_xp_A2000_s170z_n65_r12_v00_90000_fof_0.0040_0000.hdf5,Ma_xp_A2000_s170z_n65_r12_v00_90000.hdf5,A2000,n65,r12,v00,s170z,90000,0.004,323,9.974801227526572e+19,99,2.3374033582366e+19,0.2343308207271615,2.9668917739239327e+18,224,7.637397869289973e+19,0.7656691792728385,5.566683540781856e+18
Ma_xp_A2000_s170z_n65_r16_v00_90000_fof_0.0040_0000.hdf5,Ma_xp_A2000_s170z_n65_r16_v00_90000.hdf5,A2000,n65,r16,v00,s170z,90000,0.004,270,9.977396756560622e+19,82,1.7830779269627402e+19,0.1787117391909147,1.71023891988359e+18,188,8.194318829597881e+19,0.8212882608090852,1.252794293842601e+19
Ma_xp_A2000_s170z_n65_r16_v06_90000_fof_0.0040_0000.hdf5,Ma_xp_A2000_s170z_n65_r16_v06_90000.hdf5,A2000,n65,r16,v06,s170z,90000,0.004,229,9.977734617393285e+19,20,5.515215020962289e+18,0.0552752226076259,2.0144399751080904e+18,209,9.426213115297051e+19,0.944724777392374,1.6916723618077633e+19
Ma_xp_A2000_s170z_n65_r20_v00_90000_fof_0.0040_0000.hdf5,Ma_xp_A2000_s170z_n65_r20_v00_90000.hdf5,A2000,n65,r20,v00,s170z,90000,0.004,8,9.980093327885638e+19,0,0.0,0.0,0.0,8,9.980093327885638e+19,1.0,8.500982795386598e+19
Ma_xp_A2000c30_n65_r12_v00_90000_fof_0.0040_0000.hdf5,Ma_xp_A2000c30_n65_r12_v00_90000.hdf5,A2000c30,n65,r12,v00,,90000,0.004,220,9.989343606934811e+19,102,1.6140753398481795e+19,0.1615797196852508,1.8614501713851963e+18,118,8.375268267086635e+19,0.8384202803147495,2.958844601101288e+19
Ma_xp_A2000c30_n65_r12_v02_90000_fof_0.0040_0000.hdf5,Ma_xp_A2000c30_n65_r12_v02_90000.hdf5,A2000c30,n65,r12,v02,,90000,0.004,201,9.982236519051275e+19,94,1.5689772385815538e+19,0.1571769247890623,2.707888072600251e+18,107,8.413259280469724e+19,0.8428230752109378,2.875154887483925e+19
Ma_xp_A2000c30_n65_r12_v04_90000_fof_0.0040_0000.hdf5,Ma_xp_A2000c30_n65_r12_v04_90000.hdf5,A2000c30,n65,r12,v04,,90000,0.004,212,9.98912776665291e+19,84,1.4759907533025427e+19,0.1477597231491922,2.250369289821423e+18,128,8.513137013350367e+19,0.8522402768508078,3.3638109734158504e+19
Ma_xp_A2000c30_n65_r12_v06_90000_fof_0.0040_0000.hdf5,Ma_xp_A2000c30_n65_r12_v06_90000.hdf5,A2000c30,n65,r12,v06,,90000,0.004,294,9.96730600381809e+19,42,1.220880081823372e+19,0.1224884719457494,2.4505689486331807e+18,252,8.746425921994716e+19,0.8775115280542504,3.7520575461010194e+19
Ma_xp_A2000c30_n65_r12_v08_90000_fof_0.0040_0000.hdf5,Ma_xp_A2000c30_n65_r12_v08_90000.hdf5,A2000c30,n65,r12,v08,,90000,0.004,313,9.96982726823831e+19,10,2.334797239688498e+18,0.0234186328094835,8.569796644986257e+17,303,9.73634754426946e+19,0.9765813671905164,4.1191611579452015e+19
Ma_xp_A2000c30_n65_r12_v10_90000_fof_0.0040_0000.hdf5,Ma_xp_A2000c30_n65_r12_v10_90000.hdf5,A2000c30,n65,r12,v10,,90000,0.004,206,9.984764039635336e+19,0,0.0,0.0,0.0,206,9.984764039635336e+19,1.0,4.368659982723585e+19
Ma_xp_A2000c30_n65_r14_v00_90000_fof_0.0040_0000.hdf5,Ma_xp_A2000c30_n65_r14_v00_90000.hdf5,A2000c30,n65,r14,v00,,90000,0.004,299,9.940970364172376e+19,99,1.5526296851918524e+19,0.156184922428457,1.9241689707469463e+18,200,8.388340678980523e+19,0.8438150775715431,6.165943035233535e+19
Ma_xp_A2000c30_n65_r16_v00_90000_fof_0.0040_0000.hdf5,Ma_xp_A2000c30_n65_r16_v00_90000.hdf5,A2000c30,n65,r16,v00,,90000,0.004,214,9.974947999955588e+19,67,1.0595535661380977e+19,0.1062214626224432,2.3113363421686257e+18,147,8.915394433817489e+19,0.8937785373775565,7.444399287623806e+19
Ma_xp_A2000c30_n65_r16_v02_90000_fof_0.0040_0000.hdf5,Ma_xp_A2000c30_n65_r16_v02_90000.hdf5,A2000c30,n65,r16,v02,,90000,0.004,217,9.98863352378385e+19,115,1.6004336099723893e+19,0.1602254809090363,3.1033136799510574e+18,102,8.388199913811463e+19,0.8397745190909639,2.7691616806284743e+19
Ma_xp_A2000c30_n65_r16_v04_90000_fof_0.0040_0000.hdf5,Ma_xp_A2000c30_n65_r16_v04_90000.hdf5,A2000c30,n65,r16,v04,,90000,0.004,281,9.979017683884296e+19,79,1.4818684901609734e+19,0.1484984331227441,2.7691366557181117e+18,202,8.497149193723322e+19,0.8515015668772559,3.372569708488311e+19
Ma_xp_A2000c30_n65_r16_v06_90000_fof_0.0040_0000.hdf5,Ma_xp_A2000c30_n65_r16_v06_90000.hdf5,A2000c30,n65,r16,v06,,90000,0.004,290,9.949876121031382e+19,25,3.5169136625745326e+18,0.03534630602225,6.75705129684248e+17,265,9.598184754773932e+19,0.9646536939777504,3.637430728959857e+19
Ma_xp_A2000c30_n65_r16_v10_90000_fof_0.0040_0000.hdf5,Ma_xp_A2000c30_n65_r16_v10_90000.hdf5,A2000c30,n65,r16,v10,,90000,0.004,169,9.991583340508678e+19,0,0.0,0.0,0.0,169,9.991583340508678e+19,1.0,4.3963063043558736e+19
Ma_xp_A2000c30_n65_r18_v00_90000_fof_0.0040_0000.hdf5,Ma_xp_A2000c30_n65_r18_v00_90000.hdf5,A2000c30,n65,r18,v00,,90000,0.004,121,9.968263208579978e+19,3,2.1938754486008512e+18,0.0220086027294355,2.181488094711911e+18,118,9.74887566371989e+19,0.977991397270564,9.22300433805752e+19
Ma_xp_A2000c30_n65_r20_v00_90000_fof_0.0040_0000.hdf5,Ma_xp_A2000c30_n65_r20_v00_90000.hdf5,A2000c30,n65,r20,v00,,90000,0.004,174,9.951024141195947e+19,0,0.0,0.0,0.0,174,9.951024141195947e+19,1.0,9.773325047163357e+19
Ma_xp_A2000c30_n65_r22_v00_90000_fof_0.0040_0000.hdf5,Ma_xp_A2000c30_n65_r22_v00_90000.hdf5,A2000c30,n65,r22,v00,,90000,0.004,1,9.996297417209251e+19,0,0.0,0.0,0.0,1,9.996297417209251e+19,1.0,9.996297417209251e+19
Ma_xp_A2050_n70_r12_v00_90000_fof_0.0030_0000.hdf5,Ma_xp_A2050_n70_r12_v00_90000.hdf5,A2050,n70,r12,v00,,90000,0.003,930,3.156780435474726e+20,385,8.558154853731672e+19,0.2711038993259811,8.629297811404521e+18,545,2.3009649501015586e+20,0.7288961006740187,1.6960023835072033e+19
Ma_xp_A2050_n70_r16_v00_90000_fof_0.0030_0000.hdf5,Ma_xp_A2050_n70_r16_v00_90000.hdf5,A2050,n70,r16,v00,,90000,0.003,577,3.158275956595681e+20,320,6.877073229622841e+19,0.2177476991920512,7.552052806563177e+18,257,2.4705686336333975e+20,0.782252300807949,9.051883534702204e+19
Ma_xp_A2100_n70_r12_v00_90000_fof_0.0044_0000.hdf5,Ma_xp_A2100_n70_r12_v00_90000.hdf5,A2100,n70,r12,v00,,90000,0.0044,2976,9.882218407203284e+20,887,2.5574268804366015e+20,0.2587907669165112,3.5149007724538753e+19,2089,7.32479152676668e+20,0.7412092330834887,7.837843393120377e+19
Ma_xp_A2100_n70_r16_v00_90000_fof_0.0044_0000.hdf5,Ma_xp_A2100_n70_r16_v00_90000.hdf5,A2100,n70,r16,v00,,90000,0.0044,2116,9.918259777264576e+20,387,2.1097422417355643e+20,0.2127129445199332,2.3405086944016703e+19,1729,7.808517535529012e+20,0.7872870554800669,3.886376832957781e+20
