fof_file,expected_physical_file,issue_type,expected_physical_exists,fof_particle_count,physical_particle_count,note
Ma_xp_A1900_n50_r12_v00_54000_fof_0.006_0000.hdf5,Ma_xp_A1900_n50_r12_v00_54000.hdf5,missing_physical_snapshot,False,,,Matching non-FoF physical snapshot was not found; live martian_moons_data directory unavailable in this environment
Ma_xp_A1900_n50_r12_v00_56000_fof_0.006_0000.hdf5,Ma_xp_A1900_n50_r12_v00_56000.hdf5,missing_physical_snapshot,False,,,Matching non-FoF physical snapshot was not found; live martian_moons_data directory unavailable in this environment
Ma_xp_A1900_n50_r12_v00_58000_fof_0.006_0000.hdf5,Ma_xp_A1900_n50_r12_v00_58000.hdf5,missing_physical_snapshot,False,,,Matching non-FoF physical snapshot was not found; live martian_moons_data directory unavailable in this environment
Ma_xp_A1900_n50_r12_v00_60000_fof_0.006_0000.hdf5,Ma_xp_A1900_n50_r12_v00_60000.hdf5,missing_physical_snapshot,False,,,Matching non-FoF physical snapshot was not found; live martian_moons_data directory unavailable in this environment
Ma_xp_A1900_n50_r12_v00_62000_fof_0.006_0000.hdf5,Ma_xp_A1900_n50_r12_v00_62000.hdf5,missing_physical_snapshot,False,,,Matching non-FoF physical snapshot was not found; live martian_moons_data directory unavailable in this environment
Ma_xp_A1900_n50_r12_v00_64000_fof_0.006_0000.hdf5,Ma_xp_A1900_n50_r12_v00_64000.hdf5,missing_physical_snapshot,False,,,Matching non-FoF physical snapshot was not found; live martian_moons_data directory unavailable in this environment
Ma_xp_A1900_n50_r12_v00_66000_fof_0.006_0000.hdf5,Ma_xp_A1900_n50_r12_v00_66000.hdf5,missing_physical_snapshot,False,,,Matching non-FoF physical snapshot was not found; live martian_moons_data directory unavailable in this environment
Ma_xp_A1900_n50_r12_v00_68000_fof_0.006_0000.hdf5,Ma_xp_A1900_n50_r12_v00_68000.hdf5,missing_physical_snapshot,False,,,Matching non-FoF physical snapshot was not found; live martian_moons_data directory unavailable in this environment
Ma_xp_A1900_n50_r12_v00_70000_fof_0.006_0000.hdf5,Ma_xp_A1900_n50_r12_v00_70000.hdf5,missing_physical_snapshot,False,,,Matching non-FoF physical snapshot was not found; live martian_moons_data directory unavailable in this environment
Ma_xp_A1900_n50_r12_v00_72000_fof_0.006_0000.hdf5,Ma_xp_A1900_n50_r12_v00_72000.hdf5,missing_physical_snapshot,False,,,Matching non-FoF physical snapshot was not found; live martian_moons_data directory unavailable in this environment
Ma_xp_A1900_n50_r16_v00_72000_fof_0.006_0000.hdf5,Ma_xp_A1900_n50_r16_v00_72000.hdf5,missing_physical_snapshot,False,,,Matching non-FoF physical snapshot was not found; live martian_moons_data directory unavailable in this environment
Ma_xp_A1900_n55_r12_v00_72000_fof_0.004_0000.hdf5,Ma_xp_A1900_n55_r12_v00_72000.hdf5,missing_physical_snapshot,False,,,Matching non-FoF physical snapshot was not found; live martian_moons_data directory unavailable in this environment
Ma_xp_A1900_n55_r16_v00_72000_fof_0.004_0000.hdf5,Ma_xp_A1900_n55_r16_v00_72000.hdf5,missing_physical_snapshot,False,,,Matching non-FoF physical snapshot was not found; live martian_moons_data directory unavailable in this environment
Ma_xp_A1900_n60_r12_v00_72000_fof_0.003_0000.hdf5,Ma_xp_A1900_n60_r12_v00_72000.hdf5,missing_physical_snapshot,False,,,Matching non-FoF physical snapshot was not found; live martian_moons_data directory unavailable in this environment
Ma_xp_A1900_n60_r16_v00_72000_fof_0.003_0000.hdf5,Ma_xp_A1900_n60_r16_v00_72000.hdf5,missing_physical_snapshot,False,,,Matching non-FoF physical snapshot was not found; live martian_moons_data directory unavailable in this environment
Ma_xp_A1900_n65_r11_v00_89000_fof_0.002_0000.hdf5,Ma_xp_A1900_n65_r11_v00_89000.hdf5,missing_physical_snapshot,False,,,Matching non-FoF physical snapshot was not found; live martian_moons_data directory unavailable in this environment
Ma_xp_A1900_n65_r12_v06_89000_fof_0.002_0000.hdf5,Ma_xp_A1900_n65_r12_v06_89000.hdf5,missing_physical_snapshot,False,,,Matching non-FoF physical snapshot was not found; live martian_moons_data directory unavailable in this environment
Ma_xp_A1900_n65_r12_v15_89000_fof_0.002_0000.hdf5,Ma_xp_A1900_n65_r12_v15_89000.hdf5,missing_physical_snapshot,False,,,Matching non-FoF physical snapshot was not found; live martian_moons_data directory unavailable in this environment
Ma_xp_A1900_n65_r12_v20_89000_fof_0.002_0000.hdf5,Ma_xp_A1900_n65_r12_v20_89000.hdf5,missing_physical_snapshot,False,,,Matching non-FoF physical snapshot was not found; live martian_moons_data directory unavailable in this environment
Ma_xp_A1900_n65_r12_v25_75000_fof_0.002_0000.hdf5,Ma_xp_A1900_n65_r12_v25_75000.hdf5,missing_physical_snapshot,False,,,Matching non-FoF physical snapshot was not found; live martian_moons_data directory unavailable in this environment
Ma_xp_A1900_n65_r12_v30_65000_fof_0.002_0000.hdf5,Ma_xp_A1900_n65_r12_v30_65000.hdf5,missing_physical_snapshot,False,,,Matching non-FoF physical snapshot was not found; live martian_moons_data directory unavailable in this environment
Ma_xp_A1900_n65_r14_v04_89000_fof_0.002_0000.hdf5,Ma_xp_A1900_n65_r14_v04_89000.hdf5,missing_physical_snapshot,False,,,Matching non-FoF physical snapshot was not found; live martian_moons_data directory unavailable in this environment
Ma_xp_A1900_n65_r16_v06_89000_fof_0.002_0000.hdf5,Ma_xp_A1900_n65_r16_v06_89000.hdf5,missing_physical_snapshot,False,,,Matching non-FoF physical snapshot was not found; live martian_moons_data directory unavailable in this environment
Ma_xp_A1900_n65_r18_v06_89000_fof_0.002_0000.hdf5,Ma_xp_A1900_n65_r18_v06_89000.hdf5,missing_physical_snapshot,False,,,Matching non-FoF physical snapshot was not found; live martian_moons_data directory unavailable in this environment
Ma_xp_A1900_n65_r20_v00_89000_fof_0.002_0000.hdf5,Ma_xp_A1900_n65_r20_v00_89000.hdf5,missing_physical_snapshot,False,,,Matching non-FoF physical snapshot was not found; live martian_moons_data directory unavailable in this environment
Ma_xp_A1900_n65_r20_v02_89000_fof_0.002_0000.hdf5,Ma_xp_A1900_n65_r20_v02_89000.hdf5,missing_physical_snapshot,False,,,Matching non-FoF physical snapshot was not found; live martian_moons_data directory unavailable in this environment
Ma_xp_A1900_n65_r20_v04_89000_fof_0.002_0000.hdf5,Ma_xp_A1900_n65_r20_v04_89000.hdf5,missing_physical_snapshot,False,,,Matching non-FoF physical snapshot was not found; live martian_moons_data directory unavailable in this environment
Ma_xp_A1900_n65_r22_v00_89000_fof_0.002_0000.hdf5,Ma_xp_A1900_n65_r22_v00_89000.hdf5,missing_physical_snapshot,False,,,Matching non-FoF physical snapshot was not found; live martian_moons_data directory unavailable in this environment
Ma_xp_A1900_n65_r24_v00_89000_fof_0.002_0000.hdf5,Ma_xp_A1900_n65_r24_v00_89000.hdf5,missing_physical_snapshot,False,,,Matching non-FoF physical snapshot was not found; live martian_moons_data directory unavailable in this environment
Ma_xp_A1900_n70_r16_v00_89000_fof_0.001_0000.hdf5,Ma_xp_A1900_n70_r16_v00_89000.hdf5,missing_physical_snapshot,False,,,Matching non-FoF physical snapshot was not found; live martian_moons_data directory unavailable in this environment
Ma_xp_A1900_s030mz_n65_r12_v00_89000_fof_0.002_0000.hdf5,Ma_xp_A1900_s030mz_n65_r12_v00_89000.hdf5,missing_physical_snapshot,False,,,Matching non-FoF physical snapshot was not found; live martian_moons_data directory unavailable in this environment
Ma_xp_A1900_s030z_n65_r11_v00_89000_fof_0.002_0000.hdf5,Ma_xp_A1900_s030z_n65_r11_v00_89000.hdf5,missing_physical_snapshot,False,,,Matching non-FoF physical snapshot was not found; live martian_moons_data directory unavailable in this environment
Ma_xp_A1900_s030z_n65_r12_v02_89000_fof_0.002_0000.hdf5,Ma_xp_A1900_s030z_n65_r12_v02_89000.hdf5,missing_physical_snapshot,False,,,Matching non-FoF physical snapshot was not found; live martian_moons_data directory unavailable in this environment
Ma_xp_A1900_s030z_n65_r12_v10_89000_fof_0.002_0000.hdf5,Ma_xp_A1900_s030z_n65_r12_v10_89000.hdf5,missing_physical_snapshot,False,,,Matching non-FoF physical snapshot was not found; live martian_moons_data directory unavailable in this environment
Ma_xp_A1900_s030z_n65_r12_v15_89000_fof_0.002_0000.hdf5,Ma_xp_A1900_s030z_n65_r12_v15_89000.hdf5,missing_physical_snapshot,False,,,Matching non-FoF physical snapshot was not found; live martian_moons_data directory unavailable in this environment
Ma_xp_A1900_s030z_n65_r14_v00_89000_fof_0.002_0000.hdf5,Ma_xp_A1900_s030z_n65_r14_v00_89000.hdf5,missing_physical_snapshot,False,,,Matching non-FoF physical snapshot was not found; live martian_moons_data directory unavailable in this environment
Ma_xp_A1900_s030z_n65_r16_v06_89000_fof_0.002_0000.hdf5,Ma_xp_A1900_s030z_n65_r16_v06_89000.hdf5,missing_physical_snapshot,False,,,Matching non-FoF physical snapshot was not found; live martian_moons_data directory unavailable in this environment
Ma_xp_A1900_s030z_n65_r18_v00_89000_fof_0.002_0000.hdf5,Ma_xp_A1900_s030z_n65_r18_v00_89000.hdf5,missing_physical_snapshot,False,,,Matching non-FoF physical snapshot was not found; live martian_moons_data directory unavailable in this environment
Ma_xp_A1900_s030z_n65_r20_v06_89000_fof_0.002_0000.hdf5,Ma_xp_A1900_s030z_n65_r20_v06_89000.hdf5,missing_physical_snapshot,False,,,Matching non-FoF physical snapshot was not found; live martian_moons_data directory unavailable in this environment
Ma_xp_A1900_s030z_n65_r24_v00_89000_fof_0.002_0000.hdf5,Ma_xp_A1900_s030z_n65_r24_v00_89000.hdf5,missing_physical_snapshot,False,,,Matching non-FoF physical snapshot was not found; live martian_moons_data directory unavailable in this environment
Ma_xp_A1900_s030z_n65_r26_v00_89000_fof_0.002_0000.hdf5,Ma_xp_A1900_s030z_n65_r26_v00_89000.hdf5,missing_physical_snapshot,False,,,Matching non-FoF physical snapshot was not found; live martian_moons_data directory unavailable in this environment
Ma_xp_A1900_s035mz_n65_r12_v00_89000_fof_0.002_0000.hdf5,Ma_xp_A1900_s035mz_n65_r12_v00_89000.hdf5,missing_physical_snapshot,False,,,Matching non-FoF physical snapshot was not found; live martian_moons_data directory unavailable in this environment
Ma_xp_A1900_s047mz_n65_r12_v00_89000_fof_0.002_0000.hdf5,Ma_xp_A1900_s047mz_n65_r12_v00_89000.hdf5,missing_physical_snapshot,False,,,Matching non-FoF physical snapshot was not found; live martian_moons_data directory unavailable in this environment
Ma_xp_A1900_s047z_n65_r12_v02_89000_fof_0.002_0000.hdf5,Ma_xp_A1900_s047z_n65_r12_v02_89000.hdf5,missing_physical_snapshot,False,,,Matching non-FoF physical snapshot was not found; live martian_moons_data directory unavailable in this environment
Ma_xp_A1900_s047z_n65_r12_v10_89000_fof_0.002_0000.hdf5,Ma_xp_A1900_s047z_n65_r12_v10_89000.hdf5,missing_physical_snapshot,False,,,Matching non-FoF physical snapshot was not found; live martian_moons_data directory unavailable in this environment
Ma_xp_A1900_s047z_n65_r13_v00_89000_fof_0.002_0000.hdf5,Ma_xp_A1900_s047z_n65_r13_v00_89000.hdf5,missing_physical_snapshot,False,,,Matching non-FoF physical snapshot was not found; live martian_moons_data directory unavailable in this environment
Ma_xp_A1900_s047z_n65_r16_v02_89000_fof_0.002_0000.hdf5,Ma_xp_A1900_s047z_n65_r16_v02_89000.hdf5,missing_physical_snapshot,False,,,Matching non-FoF physical snapshot was not found; live martian_moons_data directory unavailable in this environment
Ma_xp_A1900_s047z_n65_r18_v00_89000_fof_0.002_0000.hdf5,Ma_xp_A1900_s047z_n65_r18_v00_89000.hdf5,missing_physical_snapshot,False,,,Matching non-FoF physical snapshot was not found; live martian_moons_data directory unavailable in this environment
Ma_xp_A1900_s047z_n65_r19_v00_89000_fof_0.002_0000.hdf5,Ma_xp_A1900_s047z_n65_r19_v00_89000.hdf5,missing_physical_snapshot,False,,,Matching non-FoF physical snapshot was not found; live martian_moons_data directory unavailable in this environment
Ma_xp_A1900_s047z_n65_r26_v00_89000_fof_0.002_0000.hdf5,Ma_xp_A1900_s047z_n65_r26_v00_89000.hdf5,missing_physical_snapshot,False,,,Matching non-FoF physical snapshot was not found; live martian_moons_data directory unavailable in this environment
Ma_xp_A1900_s086y_n65_r12_v00_89100_fof_0.002_0000.hdf5,Ma_xp_A1900_s086y_n65_r12_v00_89100.hdf5,missing_physical_snapshot,False,,,Matching non-FoF physical snapshot was not found; live martian_moons_data directory unavailable in this environment
Ma_xp_A1900_s086z_n65_r20_v00_89000_fof_0.002_0000.hdf5,Ma_xp_A1900_s086z_n65_r20_v00_89000.hdf5,missing_physical_snapshot,False,,,Matching non-FoF physical snapshot was not found; live martian_moons_data directory unavailable in this environment
Ma_xp_A1900_s170z_n65_r20_v00_89000_fof_0.002_0000.hdf5,Ma_xp_A1900_s170z_n65_r20_v00_89000.hdf5,missing_physical_snapshot,False,,,Matching non-FoF physical snapshot was not found; live martian_moons_data directory unavailable in this environment
Ma_xp_A2000_n65_r12_v00_102000_fof_0.0040_0000.hdf5,Ma_xp_A2000_n65_r12_v00_102000.hdf5,missing_physical_snapshot,False,,,Matching non-FoF physical snapshot was not found; live martian_moons_data directory unavailable in this environment
Ma_xp_A2000_n65_r12_v00_108000_fof_0.0040_0000.hdf5,Ma_xp_A2000_n65_r12_v00_108000.hdf5,missing_physical_snapshot,False,,,Matching non-FoF physical snapshot was not found; live martian_moons_data directory unavailable in this environment
Ma_xp_A2000_n65_r12_v00_66000_fof_0.0040_0000.hdf5,Ma_xp_A2000_n65_r12_v00_66000.hdf5,missing_physical_snapshot,False,,,Matching non-FoF physical snapshot was not found; live martian_moons_data directory unavailable in this environment
Ma_xp_A2000_n65_r12_v00_72000_fof_0.0040_0000.hdf5,Ma_xp_A2000_n65_r12_v00_72000.hdf5,missing_physical_snapshot,False,,,Matching non-FoF physical snapshot was not found; live martian_moons_data directory unavailable in this environment
Ma_xp_A2000_n65_r12_v00_78000_fof_0.0040_0000.hdf5,Ma_xp_A2000_n65_r12_v00_78000.hdf5,missing_physical_snapshot,False,,,Matching non-FoF physical snapshot was not found; live martian_moons_data directory unavailable in this environment
Ma_xp_A2000_n65_r12_v00_84000_fof_0.0040_0000.hdf5,Ma_xp_A2000_n65_r12_v00_84000.hdf5,missing_physical_snapshot,False,,,Matching non-FoF physical snapshot was not found; live martian_moons_data directory unavailable in this environment
Ma_xp_A2000_n65_r12_v00_96000_fof_0.0040_0000.hdf5,Ma_xp_A2000_n65_r12_v00_96000.hdf5,missing_physical_snapshot,False,,,Matching non-FoF physical snapshot was not found; live martian_moons_data directory unavailable in this environment
Ma_xp_A2000_n65_r16_v00_102000_fof_0.0040_0000.hdf5,Ma_xp_A2000_n65_r16_v00_102000.hdf5,missing_physical_snapshot,False,,,Matching non-FoF physical snapshot was not found; live martian_moons_data directory unavailable in this environment
Ma_xp_A2000_n65_r16_v00_108000_fof_0.0040_0000.hdf5,Ma_xp_A2000_n65_r16_v00_108000.hdf5,missing_physical_snapshot,False,,,Matching non-FoF physical snapshot was not found; live martian_moons_data directory unavailable in this environment
Ma_xp_A2000_n65_r16_v00_66000_fof_0.0040_0000.hdf5,Ma_xp_A2000_n65_r16_v00_66000.hdf5,missing_physical_snapshot,False,,,Matching non-FoF physical snapshot was not found; live martian_moons_data directory unavailable in this environment
Ma_xp_A2000_n65_r16_v00_72000_fof_0.0040_0000.hdf5,Ma_xp_A2000_n65_r16_v00_72000.hdf5,missing_physical_snapshot,False,,,Matching non-FoF physical snapshot was not found; live martian_moons_data directory unavailable in this environment
Ma_xp_A2000_n65_r16_v00_78000_fof_0.0040_0000.hdf5,Ma_xp_A2000_n65_r16_v00_78000.hdf5,missing_physical_snapshot,False,,,Matching non-FoF physical snapshot was not found; live martian_moons_data directory unavailable in this environment
Ma_xp_A2000_n65_r16_v00_84000_fof_0.0040_0000.hdf5,Ma_xp_A2000_n65_r16_v00_84000.hdf5,missing_physical_snapshot,False,,,Matching non-FoF physical snapshot was not found; live martian_moons_data directory unavailable in this environment
Ma_xp_A2000_n65_r16_v00_96000_fof_0.0040_0000.hdf5,Ma_xp_A2000_n65_r16_v00_96000.hdf5,missing_physical_snapshot,False,,,Matching non-FoF physical snapshot was not found; live martian_moons_data directory unavailable in this environment
Ma_xp_A2000_s030z_n65_r16_v00_102000_fof_0.0040_0000.hdf5,Ma_xp_A2000_s030z_n65_r16_v00_102000.hdf5,missing_physical_snapshot,False,,,Matching non-FoF physical snapshot was not found; live martian_moons_data directory unavailable in this environment
Ma_xp_A2000_s030z_n65_r16_v00_108000_fof_0.0040_0000.hdf5,Ma_xp_A2000_s030z_n65_r16_v00_108000.hdf5,missing_physical_snapshot,False,,,Matching non-FoF physical snapshot was not found; live martian_moons_data directory unavailable in this environment
Ma_xp_A2000_s030z_n65_r16_v00_66000_fof_0.0040_0000.hdf5,Ma_xp_A2000_s030z_n65_r16_v00_66000.hdf5,missing_physical_snapshot,False,,,Matching non-FoF physical snapshot was not found; live martian_moons_data directory unavailable in this environment
Ma_xp_A2000_s030z_n65_r16_v00_72000_fof_0.0040_0000.hdf5,Ma_xp_A2000_s030z_n65_r16_v00_72000.hdf5,missing_physical_snapshot,False,,,Matching non-FoF physical snapshot was not found; live martian_moons_data directory unavailable in this environment
Ma_xp_A2000_s030z_n65_r16_v00_78000_fof_0.0040_0000.hdf5,Ma_xp_A2000_s030z_n65_r16_v00_78000.hdf5,missing_physical_snapshot,False,,,Matching non-FoF physical snapshot was not found; live martian_moons_data directory unavailable in this environment
Ma_xp_A2000_s030z_n65_r16_v00_84000_fof_0.0040_0000.hdf5,Ma_xp_A2000_s030z_n65_r16_v00_84000.hdf5,missing_physical_snapshot,False,,,Matching non-FoF physical snapshot was not found; live martian_moons_data directory unavailable in this environment
Ma_xp_A2000_s030z_n65_r16_v00_96000_fof_0.0040_0000.hdf5,Ma_xp_A2000_s030z_n65_r16_v00_96000.hdf5,missing_physical_snapshot,False,,,Matching non-FoF physical snapshot was not found; live martian_moons_data directory unavailable in this environment
Ma_xp_A2000_s047z_n65_r16_v00_102000_fof_0.0040_0000.hdf5,Ma_xp_A2000_s047z_n65_r16_v00_102000.hdf5,missing_physical_snapshot,False,,,Matching non-FoF physical snapshot was not found; live martian_moons_data directory unavailable in this environment
Ma_xp_A2000_s047z_n65_r16_v00_108000_fof_0.0040_0000.hdf5,Ma_xp_A2000_s047z_n65_r16_v00_108000.hdf5,missing_physical_snapshot,False,,,Matching non-FoF physical snapshot was not found; live martian_moons_data directory unavailable in this environment
Ma_xp_A2000_s047z_n65_r16_v00_66000_fof_0.0040_0000.hdf5,Ma_xp_A2000_s047z_n65_r16_v00_66000.hdf5,missing_physical_snapshot,False,,,Matching non-FoF physical snapshot was not found; live martian_moons_data directory unavailable in this environment
Ma_xp_A2000_s047z_n65_r16_v00_72000_fof_0.0040_0000.hdf5,Ma_xp_A2000_s047z_n65_r16_v00_72000.hdf5,missing_physical_snapshot,False,,,Matching non-FoF physical snapshot was not found; live martian_moons_data directory unavailable in this environment
Ma_xp_A2000_s047z_n65_r16_v00_78000_fof_0.0040_0000.hdf5,Ma_xp_A2000_s047z_n65_r16_v00_78000.hdf5,missing_physical_snapshot,False,,,Matching non-FoF physical snapshot was not found; live martian_moons_data directory unavailable in this environment
Ma_xp_A2000_s047z_n65_r16_v00_84000_fof_0.0040_0000.hdf5,Ma_xp_A2000_s047z_n65_r16_v00_84000.hdf5,missing_physical_snapshot,False,,,Matching non-FoF physical snapshot was not found; live martian_moons_data directory unavailable in this environment
Ma_xp_A2000_s047z_n65_r16_v00_96000_fof_0.0040_0000.hdf5,Ma_xp_A2000_s047z_n65_r16_v00_96000.hdf5,missing_physical_snapshot,False,,,Matching non-FoF physical snapshot was not found; live martian_moons_data directory unavailable in this environment
Ma_xp_A2000c30_n65_r16_v08_90000_fof_0.0040_0000.hdf5,Ma_xp_A2000c30_n65_r16_v08_90000.hdf5,particle_count_mismatch,False,3195621,,FoF particle count from outputs/fof_outcomes.csv; physical count unavailable in repo artefacts; live martian_moons_data directory unavailable in this environment
